alignment_improvement,alignment_p_value,frobenius,graph_id,hub_overlap,hub_overlap_null_mean,hub_overlap_p_value,l1,model,random_l1_mean,alignment_improvement_pct,hub_enrichment,error_ratio,alignment_p_fdr,hub_p_fdr,alignment_significant_fdr,hub_significant_fdr
0.0069418973665666,0.1708291708291708,2.3595309257507324,0,0.3,0.1121,0.0879120879120879,0.0212052855640649,MLP,0.0213535195048898,0.69418973665666,0.18789999999999998,0.9930581026331066,0.6694065428242644,0.5030758714969241,False,False
0.0018686776297249,0.3856143856143856,2.3600189685821533,1,0.3,0.1098,0.0789210789210789,0.0212030261754989,MLP,0.0212427219748497,0.18686776297249,0.19019999999999998,0.9981313223701841,0.6694065428242644,0.5030758714969241,False,False
-0.0020163223466636,0.6093906093906094,2.3810367584228516,2,0.1,0.1099,0.7212787212787213,0.0213074032217264,MLP,0.0212645270805805,-0.20163223466636,-0.009899999999999992,1.002016322346762,0.7076479076479077,0.8267001815388911,False,False
-0.0048546226154097,0.7432567432567433,2.366236925125122,3,0.1,0.1138,0.7162837162837162,0.0212152656167745,MLP,0.0211127710808068,-0.48546226154097,-0.013799999999999993,1.0048546226156392,0.76837675247218,0.8267001815388911,False,False
-0.0001063483018177,0.5164835164835165,2.3698477745056152,4,0.1,0.1111,0.7352647352647352,0.0212426725775003,MLP,0.0212404136955738,-0.01063483018177,-0.011099999999999999,1.000106348301821,0.6748025843503231,0.8267001815388911,False,False
0.0063234532242994,0.2007992007992008,2.362048625946045,5,0.1,0.1135,0.7292707292707292,0.0209551695734262,MLP,0.0210885218549519,0.63234532242994,-0.013499999999999998,0.9936765467754021,0.6694065428242644,0.8267001815388911,False,False
0.0042406881385584,0.2767232767232767,2.366966724395752,6,0.1,0.1112,0.7212787212787213,0.0212285034358501,MLP,0.0213189102858304,0.42406881385584005,-0.011199999999999988,0.995759311861245,0.6694065428242644,0.8267001815388911,False,False
0.0003850880322733,0.4865134865134865,2.3737881183624268,7,0.2,0.1109,0.3116883116883117,0.02131655998528,MLP,0.0213247718997299,0.038508803227329996,0.08910000000000001,0.9996149119677099,0.6694065428242644,0.6193095161066691,False,False
0.0014583101974943,0.4185814185814185,2.3713128566741943,8,0.1,0.1071,0.7002997002997003,0.0214021354913711,MLP,0.0214333920255303,0.14583101974943,-0.007099999999999995,0.9985416898024368,0.6694065428242644,0.8267001815388911,False,False
0.0088635530876748,0.1098901098901098,2.35213041305542,9,0.1,0.1094,0.7072927072927073,0.0211434308439493,MLP,0.0213325127027928,0.8863553087674799,-0.009399999999999992,0.9911364469119127,0.6694065428242644,0.8267001815388911,False,False
0.0024110156959851,0.3766233766233766,2.3684587478637695,10,0.3,0.1108,0.0869130869130869,0.0212199706584215,MLP,0.0212712559904903,0.24110156959851,0.18919999999999998,0.9975889843039015,0.6694065428242644,0.5030758714969241,False,False
-0.0011576910613628,0.5594405594405595,2.3697848320007324,11,0.2,0.1111,0.3036963036963037,0.0212478674948215,MLP,0.0212232974730432,-0.11576910613628,0.0889,1.0011576910614153,0.6844919786096257,0.6193095161066691,False,False
0.003308320315554,0.3196803196803197,2.3537964820861816,12,0.3,0.1075,0.0709290709290709,0.0210221912711858,MLP,0.0210919702649116,0.33083203155540003,0.1925,0.996691679684288,0.6694065428242644,0.5030758714969241,False,False
0.0047803388276462,0.2407592407592407,2.3597114086151123,13,0.0,0.1093,1.0,0.0211274679750204,MLP,0.0212289495468139,0.47803388276462,-0.1093,0.9952196611721313,0.6694065428242644,1.0,False,False
-0.0015409521223706,0.5984015984015985,2.3621323108673096,14,0.3,0.1124,0.0809190809190809,0.021407563239336,MLP,0.0213746259640902,-0.15409521223706,0.1876,1.0015409521224434,0.6976879622619534,0.5030758714969241,False,False
0.0023246558531099,0.3736263736263736,2.365053653717041,15,0.1,0.1131,0.7232767232767233,0.0210571680217981,MLP,0.0211062327492982,0.23246558531099001,-0.0131,0.997675344146779,0.6694065428242644,0.8267001815388911,False,False
0.0008431718807072,0.4495504495504495,2.369689702987671,16,0.3,0.1147,0.0849150849150849,0.0213002767413854,MLP,0.0213182516917586,0.08431718807072,0.1853,0.9991568281192519,0.6694065428242644,0.5030758714969241,False,False
0.0039084525468987,0.2917082917082917,2.3607065677642822,17,0.2,0.1128,0.3186813186813186,0.0212547034025192,MLP,0.0213381023630499,0.39084525468986997,0.08720000000000001,0.9960915474529206,0.6694065428242644,0.6193095161066691,False,False
0.001514854011249,0.4175824175824176,2.374350070953369,18,0.3,0.1138,0.0889110889110889,0.0211435388773679,MLP,0.0211756168454885,0.1514854011249,0.18619999999999998,0.9984851459886783,0.6694065428242644,0.5030758714969241,False,False
-0.0017667954627972,0.5974025974025974,2.370023012161255,19,0.1,0.1101,0.7222777222777222,0.0212828423827886,MLP,0.0212453062720596,-0.17667954627972,-0.010099999999999998,1.0017667954628813,0.6976879622619534,0.8267001815388911,False,False
0.0011689863445018,0.4375624375624375,2.3787474632263184,20,0.4,0.1109,0.0119880119880119,0.0213581565767526,MLP,0.0213831531908363,0.11689863445018,0.2891,0.998831013655441,0.6694065428242644,0.5030758714969241,False,False
0.0046277130923469,0.2677322677322677,2.356616497039795,21,0.1,0.1094,0.7182817182817183,0.0212346836924552,MLP,0.0213334085866808,0.46277130923469006,-0.009399999999999992,0.9953722869074361,0.6694065428242644,0.8267001815388911,False,False
0.0044151782814121,0.2777222777222777,2.358597755432129,22,0.2,0.1082,0.3076923076923077,0.0211059153079986,MLP,0.0211995149459689,0.44151782814121,0.0918,0.995584821718381,0.6694065428242644,0.6193095161066691,False,False
-0.0019370539770509,0.6123876123876124,2.3678464889526367,23,0.1,0.108,0.6923076923076923,0.0212755240499973,MLP,0.0212343918867409,-0.19370539770509002,-0.007999999999999993,1.0019370539771417,0.7076479076479077,0.8267001815388911,False,False
0.0029248456213262,0.3596403596403596,2.356091260910034,24,0.2,0.1129,0.3206793206793207,0.0211493521928787,MLP,0.0212113922405987,0.29248456213262,0.08710000000000001,0.9970751543785393,0.6694065428242644,0.6193095161066691,False,False
0.0052098702495808,0.2357642357642357,2.366759777069092,25,0.3,0.1149,0.0859140859140859,0.0211038179695606,MLP,0.0212143419384956,0.52098702495808,0.1851,0.9947901297501742,0.6694065428242644,0.5030758714969241,False,False
-0.0006771094725252,0.5374625374625375,2.377326726913452,26,0.3,0.1143,0.0829170829170829,0.0212111063301563,MLP,0.0211967538073658,-0.06771094725252,0.18569999999999998,1.0006771094725604,0.681265206812652,0.5030758714969241,False,False
0.006398179325402,0.1838161838161838,2.363919496536255,27,0.0,0.1098,1.0,0.0210203696042299,MLP,0.0211557277441024,0.6398179325402,-0.1098,0.9936018206742978,0.6694065428242644,1.0,False,False
0.0034622921634969,0.3156843156843157,2.371227502822876,28,0.3,0.1088,0.0769230769230769,0.0212115291506052,MLP,0.0212852248176932,0.34622921634969,0.19119999999999998,0.996537707836342,0.6694065428242644,0.5030758714969241,False,False
-0.0013491546682524,0.5934065934065934,2.374747514724731,29,0.1,0.1057,0.7042957042957043,0.0212971996515989,MLP,0.0212685051485896,-0.13491546682524,-0.005699999999999997,1.0013491546683149,0.6965495001612383,0.8267001815388911,False,False
0.0034386123278551,0.3226773226773227,2.3713314533233643,30,0.2,0.1152,0.3166833166833167,0.021314300596714,MLP,0.0213878451045602,0.34386123278551,0.08480000000000001,0.9965613876719857,0.6694065428242644,0.6193095161066691,False,False
0.0030669793176475,0.3296703296703296,2.3654978275299072,31,0.2,0.1088,0.2917082917082917,0.0211142115294933,MLP,0.0211791675984859,0.30669793176475,0.09120000000000002,0.9969330206822085,0.6694065428242644,0.6193095161066691,False,False
0.007555937850855,0.1378621378621378,2.3564302921295166,32,0.3,0.1142,0.0879120879120879,0.0211259517818689,MLP,0.0212867934703826,0.7555937850855,0.1858,0.9924440621487925,0.6694065428242644,0.5030758714969241,False,False
0.0006649491626485,0.4775224775224775,2.363312244415283,33,0.2,0.1049,0.2867132867132867,0.0211904309689998,MLP,0.0212045309040695,0.06649491626485,0.09510000000000002,0.9993350508373192,0.6694065428242644,0.6193095161066691,False,False
-0.0012820004675265,0.5734265734265734,2.3820276260375977,34,0.4,0.1083,0.0129870129870129,0.0213143974542617,MLP,0.0212871073726564,-0.12820004675265,0.2917,1.0012820004675862,0.6918371651550306,0.5030758714969241,False,False
0.0073186992882975,0.1598401598401598,2.3528940677642822,35,0.2,0.1126,0.3086913086913087,0.020956914871931,MLP,0.021111423028633,0.73186992882975,0.0874,0.9926813007113522,0.6694065428242644,0.6193095161066691,False,False
0.0081511971403129,0.1268731268731268,2.367912530899048,36,0.1,0.1153,0.7362637362637363,0.0212736967951059,MLP,0.0214485279750078,0.8151197140312901,-0.015299999999999994,0.9918488028593098,0.6694065428242644,0.8267001815388911,False,False
-0.0028965708325925,0.6593406593406593,2.370963335037231,37,0.2,0.1155,0.3286713286713286,0.0211751796305179,MLP,0.02111402137205,-0.28965708325925,0.0845,1.0028965708327293,0.7227555053642011,0.6193095161066691,False,False
0.0046240670749985,0.2617382617382617,2.372185230255127,38,0.1,0.1147,0.7282717282717283,0.0213223956525325,MLP,0.0214214498735964,0.46240670749985,-0.01469999999999999,0.9953759329247835,0.6694065428242644,0.8267001815388911,False,False
0.0022416967838416,0.3666333666333666,2.3659889698028564,39,0.2,0.116,0.3266733266733266,0.021190607920289,MLP,0.0212382175642997,0.22416967838416002,0.084,0.997758303216051,0.6694065428242644,0.6193095161066691,False,False
-0.0015672506386294,0.5844155844155844,2.364772081375122,40,0.0,0.1054,1.0,0.0212490428239107,MLP,0.0212157923597842,-0.15672506386294,-0.1054,1.0015672506387048,0.6926406926406926,1.0,False,False
0.0037471456100697,0.3026973026973027,2.366276741027832,41,0.2,0.1152,0.3286713286713286,0.0211362447589635,MLP,0.0212157432381063,0.37471456100697,0.08480000000000001,0.996252854389753,0.6694065428242644,0.6193095161066691,False,False
0.0021625319443279,0.3896103896103896,2.3810980319976807,42,0.2,0.1043,0.2897102897102897,0.021350085735321,MLP,0.0213963560387492,0.21625319443278998,0.09570000000000001,0.9978374680555696,0.6694065428242644,0.6193095161066691,False,False
-0.0031137950671582,0.6693306693306693,2.372627019882202,43,0.0,0.1097,1.0,0.0212758034467697,MLP,0.0212097605988383,-0.31137950671582,-0.1097,1.003113795067306,0.7227555053642011,1.0,False,False
0.007094677673372,0.1648351648351648,2.3655223846435547,44,0.2,0.114,0.3166833166833167,0.0209694728255271,MLP,0.0211193075049668,0.7094677673372001,0.08600000000000001,0.9929053223262901,0.6694065428242644,0.6193095161066691,False,False
0.0023735196640463,0.3826173826173826,2.3707945346832275,45,0.1,0.1108,0.6923076923076923,0.0212626717984676,MLP,0.0213132592383772,0.23735196640463,-0.01079999999999999,0.9976264803358413,0.6694065428242644,0.8267001815388911,False,False
0.0025430694300869,0.3646353646353646,2.3757495880126953,46,0.2,0.1118,0.3056943056943056,0.0213982835412025,MLP,0.0214528396017849,0.25430694300869,0.08820000000000001,0.9974569305697945,0.6694065428242644,0.6193095161066691,False,False
0.0028141663328372,0.3546453546453546,2.3694896697998047,47,0.1,0.1099,0.6863136863136863,0.0213242825120687,MLP,0.0213844619449228,0.28141663328372,-0.009899999999999992,0.9971858336670291,0.6694065428242644,0.8267001815388911,False,False
0.0011073093209951,0.4505494505494505,2.373741388320923,48,0.0,0.1134,1.0,0.0212729964405298,MLP,0.0212965783402323,0.11073093209951,-0.1134,0.9988926906789551,0.6694065428242644,1.0,False,False
0.0059005889131302,0.2167832167832167,2.360058069229126,49,0.2,0.1046,0.2817182817182817,0.0212114676833152,MLP,0.0213373707365244,0.59005889131302,0.09540000000000001,0.9940994110865927,0.6694065428242644,0.6193095161066691,False,False
0.0060432468853606,0.1968031968031968,2.3605644702911377,50,0.2,0.1099,0.3076923076923077,0.0211830809712409,MLP,0.0213118738867342,0.60432468853606,0.09010000000000001,0.9939567531143535,0.6694065428242644,0.6193095161066691,False,False
-0.0002225692878347,0.4975024975024975,2.3774354457855225,51,0.3,0.1099,0.0819180819180819,0.021263675764203,MLP,0.0212589441761374,-0.02225692878347,0.1901,1.000222569287844,0.6694065428242644,0.5030758714969241,False,False
0.0095042065231333,0.0889110889110889,2.3523848056793213,52,0.2,0.1121,0.3016983016983017,0.0209485162049531,MLP,0.0211495256647467,0.95042065231333,0.0879,0.9904957934764156,0.6694065428242644,0.6193095161066691,False,False
0.0020365009229788,0.3716283716283716,2.368311643600464,53,0.2,0.1097,0.3076923076923077,0.0211355797946453,MLP,0.0211787102576345,0.20365009229787998,0.0903,0.9979634990769254,0.6694065428242644,0.6193095161066691,False,False
0.0018576116895072,0.4145854145854146,2.3625171184539795,54,0.0,0.1069,1.0,0.021220676600933,MLP,0.0212601697407662,0.18576116895071998,-0.1069,0.9981423883104059,0.6694065428242644,1.0,False,False
-0.0017275158150165,0.5874125874125874,2.378579616546631,55,0.3,0.1087,0.0729270729270729,0.0212527215480804,MLP,0.0212160704508423,-0.17275158150165001,0.19129999999999997,1.0017275158150996,0.6926406926406926,0.5030758714969241,False,False
0.0044202965002543,0.2567432567432567,2.364287853240967,56,0.2,0.1093,0.3116883116883117,0.0210557710379362,MLP,0.0211492570247501,0.44202965002543004,0.09070000000000002,0.9955797034995368,0.6694065428242644,0.6193095161066691,False,False
0.0015671443782909,0.4115884115884116,2.3735411167144775,57,0.2,0.108,0.2907092907092907,0.0213041845709085,MLP,0.0213376237079501,0.15671443782909,0.09200000000000001,0.9984328556216342,0.6694065428242644,0.6193095161066691,False,False
0.0007994904124613,0.4675324675324675,2.3702995777130127,58,0.3,0.1114,0.0809190809190809,0.0213194657117128,MLP,0.0213365240581333,0.07994904124612999,0.1886,0.9992005095875025,0.6694065428242644,0.5030758714969241,False,False
-2.096476107923138e-05,0.4895104895104895,2.3650882244110107,59,0.2,0.1137,0.3016983016983017,0.0213165823370218,MLP,0.0213161354493349,-0.002096476107923138,0.08630000000000002,1.0000209647610827,0.6694065428242644,0.6193095161066691,False,False
0.0023895313554113,0.3656343656343656,2.361905097961426,60,0.3,0.1126,0.0829170829170829,0.0212452914565801,MLP,0.0212961793448776,0.23895313554113,0.18739999999999998,0.9976104686444734,0.6694065428242644,0.5030758714969241,False,False
-0.0006891382825738,0.5494505494505495,2.374135971069336,61,0.2,0.1139,0.3046953046953047,0.0213062297552824,MLP,0.0212915569283068,-0.06891382825738,0.08610000000000001,1.0006891382826069,0.6844919786096257,0.6193095161066691,False,False
-0.0030469539253683,0.6683316683316683,2.387186288833618,62,0.1,0.1108,0.7112887112887113,0.0214505940675735,MLP,0.0213854336366057,-0.30469539253683,-0.01079999999999999,1.0030469539255105,0.7227555053642011,0.8267001815388911,False,False
0.0032469472873572,0.3226773226773227,2.3647336959838867,63,0.2,0.1067999999999999,0.2997002997002997,0.021118551492691,MLP,0.0211873456872999,0.32469472873572003,0.09320000000000012,0.9967530527124906,0.6694065428242644,0.6193095161066691,False,False
0.0015885079940099,0.4195804195804196,2.3654329776763916,64,0.1,0.1097,0.7042957042957043,0.0210873764008283,MLP,0.0211209271624684,0.15885079940099,-0.0097,0.9984114920059134,0.6694065428242644,0.8267001815388911,False,False
0.0003295657096978,0.4945054945054945,2.36651873588562,65,0.2,0.1065,0.2787212787212787,0.0213707666844129,MLP,0.0213778120782226,0.032956570969780004,0.09350000000000001,0.9996704342902856,0.6694065428242644,0.6193095161066691,False,False
-0.003324961055881,0.6683316683316683,2.390122652053833,66,0.2,0.1102,0.3096903096903097,0.0213995836675167,MLP,0.0213286666814237,-0.3324961055881,0.0898,1.0033249610560406,0.7227555053642011,0.6193095161066691,False,False
-0.0003077727562545,0.5234765234765235,2.374279499053955,67,0.1,0.1123,0.7252747252747253,0.0213014502078294,MLP,0.0212948962189257,-0.030777275625449997,-0.012299999999999991,1.0003077727562661,0.676473403746131,0.8267001815388911,False,False
0.00305102905488,0.3576423576423576,2.3607823848724365,68,0.1,0.1095,0.6953046953046953,0.0212306659668684,MLP,0.0212956395819783,0.305102905488,-0.009499999999999995,0.9969489709449777,0.6694065428242644,0.8267001815388911,False,False
0.0015270753804003,0.3936063936063936,2.3561975955963135,69,0.3,0.115,0.0899100899100899,0.0210585780441761,MLP,0.0210907852631062,0.15270753804002998,0.185,0.9984729246195285,0.6694065428242644,0.5030758714969241,False,False
0.000230959172156,0.5054945054945055,2.3719489574432373,70,0.3,0.1082,0.0779220779220779,0.0212757047265768,MLP,0.0212806196808815,0.0230959172156,0.19179999999999997,0.9997690408278329,0.6694065428242644,0.5030758714969241,False,False
0.0016092032588718,0.4005994005994006,2.368091344833374,71,0.0,0.1144,1.0,0.0212824642658233,MLP,0.021316767277196,0.16092032588718,-0.1144,0.9983907967410519,0.6694065428242644,1.0,False,False
-0.0028755060841397,0.6483516483516484,2.3799562454223633,72,0.3,0.1147,0.0869130869130869,0.0212113987654447,MLP,0.021150580143556,-0.28755060841397,0.1853,1.0028755060842731,0.7227555053642011,0.5030758714969241,False,False
0.0026482089003255,0.3606393606393606,2.368803024291992,73,0.1,0.1141,0.7072927072927073,0.0210748985409736,MLP,0.0211308574657887,0.26482089003255,-0.014099999999999988,0.9973517910995473,0.6694065428242644,0.8267001815388911,False,False
0.0014478234368019,0.4165834165834166,2.362502098083496,74,0.2,0.1076,0.2847152847152847,0.0212347656488418,MLP,0.0212655544169247,0.14478234368019,0.09240000000000001,0.998552176563128,0.6694065428242644,0.6193095161066691,False,False
0.0002340811537083,0.4875124875124875,2.3665897846221924,75,0.1,0.1119,0.7062937062937062,0.0212453324347734,MLP,0.0212503067310899,0.02340811537083,-0.011899999999999994,0.9997659188462807,0.6694065428242644,0.8267001815388911,False,False
0.0013461433511581,0.4205794205794206,2.371093511581421,76,0.2,0.1092,0.3006993006993007,0.0213458091020584,MLP,0.0213745823539793,0.13461433511581,0.0908,0.9986538566487806,0.6694065428242644,0.6193095161066691,False,False
-0.0014653442442157,0.5824175824175825,2.3655476570129395,77,0.3,0.113,0.0729270729270729,0.0212030634284019,MLP,0.0211720391027629,-0.14653442442157,0.187,1.0014653442442845,0.6926406926406926,0.5030758714969241,False,False
0.0068590863004973,0.1668331668331668,2.3624463081359863,78,0.1,0.1086,0.7182817182817183,0.0212602112442255,MLP,0.0214070440065115,0.68590863004973,-0.008599999999999997,0.9931409136991852,0.6694065428242644,0.8267001815388911,False,False
0.0046872037607537,0.2527472527472527,2.3621175289154053,79,0.0,0.1101,1.0,0.021107168868184,MLP,0.0212065683752298,0.46872037607537,-0.1101,0.9953127962390226,0.6694065428242644,1.0,False,False
-0.0058714534584011,0.7862137862137862,2.380345344543457,80,0.1,0.1064,0.6813186813186813,0.0212565455585718,MLP,0.0211324672605842,-0.5871453458401099,-0.006399999999999989,1.0058714534586801,0.7969418495734285,0.8267001815388911,False,False
-6.569151702002767e-05,0.5014985014985015,2.3695969581604004,81,0.3,0.1104,0.0779220779220779,0.0213541556149721,MLP,0.0213527529202401,-0.006569151702002766,0.1896,1.0000656915170256,0.6694065428242644,0.5030758714969241,False,False
-0.003035240517768,0.6713286713286714,2.367441415786743,82,0.1,0.1139,0.7202797202797203,0.0214115064591169,MLP,0.021346714047715,-0.30352405177680003,-0.013899999999999996,1.0030352405179117,0.7227555053642011,0.8267001815388911,False,False
0.0003892661123592,0.4745254745254745,2.3761229515075684,83,0.3,0.1054,0.0699300699300699,0.0212791748344898,MLP,0.0212874613218009,0.03892661123592,0.1946,0.9996107338876238,0.6694065428242644,0.5030758714969241,False,False
-0.0047678940789417,0.7532467532467533,2.380894422531128,84,0.0,0.1057,1.0,0.0213291123509407,MLP,0.0212278999723494,-0.47678940789417,-0.1057,1.0047678940791664,0.7756204191847756,1.0,False,False
-0.0052800578742118,0.7782217782217782,2.3841142654418945,85,0.1,0.1134,0.7202797202797203,0.0214515645056962,MLP,0.0213388939108699,-0.52800578742118,-0.013399999999999995,1.0052800578744574,0.795039930599852,0.8267001815388911,False,False
0.0063835263097452,0.1958041958041958,2.360677719116211,86,0.3,0.112,0.0839160839160839,0.0208960007876157,MLP,0.0210302479285746,0.63835263097452,0.188,0.9936164736899514,0.6694065428242644,0.5030758714969241,False,False
0.0046854789610357,0.2637362637362637,2.364032745361328,87,0.2,0.1062,0.2897102897102897,0.0213086865842342,MLP,0.0214089979939162,0.46854789610356995,0.09380000000000001,0.9953145210387472,0.6694065428242644,0.6193095161066691,False,False
0.0085001785368323,0.1088911088911089,2.355773687362671,88,0.2,0.114,0.3176823176823177,0.0210453961044549,MLP,0.0212258193586021,0.85001785368323,0.08600000000000001,0.9914998214627658,0.6694065428242644,0.6193095161066691,False,False
0.0038294322962408,0.2927072927072927,2.372849941253662,89,0.0,0.1102,1.0,0.0212739985436201,MLP,0.0213557790536433,0.38294322962408,-0.1102,0.9961705677035815,0.6694065428242644,1.0,False,False
-0.0005653167507757,0.5294705294705294,2.363685607910156,90,0.1,0.114,0.7092907092907093,0.0212138146162033,MLP,0.021201828867197,-0.05653167507757,-0.013999999999999999,1.0005653167508037,0.676473403746131,0.8267001815388911,False,False
0.00251184020347,0.3636363636363636,2.366973876953125,91,0.1,0.1151,0.7222777222777222,0.0212834309786558,MLP,0.0213370261788368,0.251184020347,-0.015099999999999988,0.9974881597964126,0.6694065428242644,0.8267001815388911,False,False
0.0084156804043426,0.1218781218781218,2.361258029937744,92,0.1,0.1098,0.7152847152847153,0.0211900155991315,MLP,0.0213698574900627,0.8415680404342599,-0.00979999999999999,0.9915843195952603,0.6694065428242644,0.8267001815388911,False,False
0.0009219534432798,0.4225774225774226,2.378164291381836,93,0.1,0.1072,0.6963036963036963,0.0213062800467014,MLP,0.0213259415719658,0.09219534432798,-0.007199999999999998,0.9990780465566761,0.6694065428242644,0.8267001815388911,False,False
0.0015758322144963,0.4075924075924076,2.361490249633789,94,0.2,0.1124,0.3156843156843157,0.021218067035079,MLP,0.0212515559215098,0.15758322144963,0.08760000000000001,0.9984241677854323,0.6694065428242644,0.6193095161066691,False,False
0.0062252101923879,0.1878121878121878,2.360898971557617,95,0.1,0.1128,0.7252747252747253,0.0211700592190027,MLP,0.0213026728350669,0.62252101923879,-0.012799999999999992,0.9937747898073194,0.6694065428242644,0.8267001815388911,False,False
0.0035104975863556,0.3216783216783216,2.368265151977539,96,0.3,0.1106,0.0779220779220779,0.0212050415575504,MLP,0.0212797440476715,0.35104975863556,0.18939999999999999,0.9964895024134807,0.6694065428242644,0.5030758714969241,False,False
-0.0004076412596916,0.5154845154845155,2.365889072418213,97,0.2,0.1073,0.2957042957042957,0.0212779156863689,MLP,0.0212692454643547,-0.04076412596916,0.0927,1.0004076412597114,0.6748025843503231,0.6193095161066691,False,False
0.0056693237911998,0.2147852147852147,2.362086772918701,98,0.1,0.11,0.7162837162837162,0.0210609044879674,MLP,0.0211809863578528,0.56693237911998,-0.009999999999999995,0.994330676208529,0.6694065428242644,0.8267001815388911,False,False
0.005250571984994,0.2377622377622377,2.3534228801727295,99,0.1,0.1067,0.6933066933066933,0.0210764780640602,MLP,0.0211877257432788,0.5250571984994,-0.006699999999999998,0.9947494280147604,0.6694065428242644,0.8267001815388911,False,False
0.0057087081708115,0.2047952047952048,2.3687355518341064,100,0.2,0.1130999999999999,0.3126873126873127,0.0211856048554182,MLP,0.0213072416801005,0.5708708170811501,0.08690000000000012,0.994291291828923,0.6694065428242644,0.6193095161066691,False,False
0.0041247460916123,0.2917082917082917,2.3643429279327393,101,0.2,0.107,0.2917082917082917,0.0212746039032936,MLP,0.0213627196978777,0.41247460916122997,0.09300000000000001,0.9958752539081972,0.6694065428242644,0.6193095161066691,False,False
-0.0014067518141497,0.5754245754245755,2.3700006008148193,102,0.2,0.1120999999999999,0.2987012987012987,0.0213047750294208,MLP,0.0212748466003686,-0.14067518141497,0.08790000000000012,1.0014067518142145,0.691842719492489,0.6193095161066691,False,False
0.0010327053798395,0.4555444555444555,2.3614442348480225,103,0.2,0.1088,0.3046953046953047,0.0211955606937408,MLP,0.0212174720913171,0.10327053798395,0.09120000000000002,0.9989672946201132,0.6694065428242644,0.6193095161066691,False,False
0.0007147279271505,0.4425574425574425,2.376155138015747,104,0.1,0.1176,0.7492507492507493,0.0215519145131111,MLP,0.0215673292856663,0.07147279271505,-0.01759999999999999,0.9992852720728179,0.6694065428242644,0.8325008325008325,False,False
-0.0038305322555419,0.7122877122877123,2.378370761871338,105,0.5,0.105,0.0019980019980019,0.0216711089015007,MLP,0.021588413786143,-0.38305322555418997,0.395,1.0038305322557222,0.7452507251300008,0.5030758714969241,False,False
0.0001769628777038,0.5014985014985015,2.378694534301758,106,0.1,0.1115,0.7022977022977023,0.0215353146195411,MLP,0.0215391262453049,0.01769628777038,-0.011499999999999996,0.9998230371222866,0.6694065428242644,0.8267001815388911,False,False
0.0045206533739191,0.2757242757242757,2.3785276412963867,107,0.0,0.116,1.0,0.0216349139809608,MLP,0.0217331620734184,0.45206533739191,-0.116,0.9954793466258752,0.6694065428242644,1.0,False,False
-0.0011268482312712,0.5594405594405595,2.375406503677368,108,0.1,0.1153,0.7192807192807192,0.0215090047568082,MLP,0.0214847946539521,-0.11268482312712001,-0.015299999999999994,1.0011268482313211,0.6844919786096257,0.8267001815388911,False,False
0.0035167710089504,0.3106893106893107,2.3724632263183594,109,0.2,0.11,0.3006993006993007,0.021377695724368,MLP,0.0214531415104866,0.35167710089504,0.09000000000000001,0.9964832289908814,0.6694065428242644,0.6193095161066691,False,False
0.0068245125457014,0.1648351648351648,2.3647208213806152,110,0.0,0.1142,1.0,0.0213246066123247,MLP,0.0214711366537958,0.68245125457014,-0.1142,0.9931754874539819,0.6694065428242644,1.0,False,False
0.0007178671169225,0.4805194805194805,2.3856115341186523,111,0.1,0.113,0.7232767232767233,0.0217268336564302,MLP,0.0217424418404698,0.07178671169225,-0.012999999999999998,0.9992821328830441,0.6694065428242644,0.8267001815388911,False,False
0.0027144341553933,0.3366633366633366,2.384413480758667,112,0.2,0.1130999999999999,0.3166833166833167,0.0216021332889795,MLP,0.0216609304584562,0.27144341553933,0.08690000000000012,0.9972855658444836,0.6694065428242644,0.6193095161066691,False,False
0.0005253300307816,0.4905094905094905,2.379549503326416,113,0.2,0.1149,0.3266733266733266,0.0216438323259353,MLP,0.0216552084572613,0.05253300307816,0.08510000000000001,0.9994746699691923,0.6694065428242644,0.6193095161066691,False,False
0.0050616256808721,0.2347652347652347,2.3706259727478027,114,0.1,0.1135,0.7232767232767233,0.02151370793581,MLP,0.0216231562588363,0.50616256808721,-0.013499999999999998,0.9949383743188936,0.6694065428242644,0.8267001815388911,False,False
0.0006794798854372,0.4845154845154845,2.3654935359954834,115,0.1,0.1091,0.7132867132867133,0.0215615108609199,MLP,0.0215761714354157,0.06794798854372,-0.009099999999999997,0.9993205201145308,0.6694065428242644,0.8267001815388911,False,False
0.0052464316286873,0.2237762237762237,2.367039442062378,116,0.0,0.1065,1.0,0.0214038845151662,MLP,0.0215167707819491,0.52464316286873,-0.1065,0.9947535683710679,0.6694065428242644,1.0,False,False
-1.4962210401752395e-05,0.5084915084915085,2.378026008605957,117,0.1,0.112,0.7182817182817183,0.0215345975011587,MLP,0.0215342753008008,-0.0014962210401752395,-0.011999999999999997,1.0000149622104018,0.6694065428242644,0.8267001815388911,False,False
0.0006080319254779,0.4675324675324675,2.384493589401245,118,0.2,0.1073,0.2977022977022977,0.0216153524816036,MLP,0.0216285033021122,0.06080319254779,0.0927,0.9993919680744939,0.6694065428242644,0.6193095161066691,False,False
0.0007828670578152,0.4605394605394605,2.3800883293151855,119,0.2,0.1135,0.3196803196803197,0.0216084718704223,MLP,0.0216254016850143,0.07828670578152,0.08650000000000001,0.9992171329421486,0.6694065428242644,0.6193095161066691,False,False
-0.002342043854323,0.6343656343656343,2.3806097507476807,120,0.1,0.1119,0.7132867132867133,0.0215690545737743,MLP,0.0215186569355428,-0.23420438543230002,-0.011899999999999994,1.002342043854431,0.7151290268173386,0.8267001815388911,False,False
-0.0068012605430213,0.8391608391608392,2.385145664215088,121,0.3,0.1113,0.0839160839160839,0.0215796306729316,MLP,0.0214338534511625,-0.68012605430213,0.18869999999999998,1.006801260543339,0.8424008424008425,0.5030758714969241,False,False
0.0083850702806339,0.1108891108891109,2.3627989292144775,122,0.2,0.1051,0.2757242757242757,0.0213210172951221,MLP,0.0215013072676956,0.83850702806339,0.09490000000000001,0.991614929718977,0.6694065428242644,0.6193095161066691,False,False
-0.0021612694200552,0.6173826173826173,2.391286849975586,123,0.3,0.1086,0.0769230769230769,0.0217177402228117,MLP,0.0216709035616368,-0.21612694200552002,0.1914,1.0021612694201552,0.7108680792891319,0.5030758714969241,False,False
0.0031087316377038,0.3236763236763236,2.3789894580841064,124,0.4,0.1067,0.0109890109890109,0.0216987188905477,MLP,0.0217663847394287,0.31087316377038,0.2933,0.9968912683621537,0.6694065428242644,0.5030758714969241,False,False
0.0012001139653308,0.4355644355644356,2.3731300830841064,125,0.2,0.1156,0.3146853146853147,0.0216875523328781,MLP,0.0217136111408472,0.12001139653307999,0.08440000000000002,0.9987998860346136,0.6694065428242644,0.6193095161066691,False,False
0.0070204790591497,0.1468531468531468,2.376511812210083,126,0.2,0.1096,0.3076923076923077,0.0215128548443317,MLP,0.0216649531945586,0.70204790591497,0.09040000000000001,0.9929795209405252,0.6694065428242644,0.6193095161066691,False,False
0.002856266254582,0.3386613386613387,2.3596231937408447,127,0.2,0.1125,0.3066933066933067,0.0213183034211397,MLP,0.021379368590191,0.2856266254582,0.08750000000000001,0.9971437337452839,0.6694065428242644,0.6193095161066691,False,False
0.0005451285115425,0.4635364635364635,2.3734006881713867,128,0.1,0.1166,0.7352647352647352,0.0215714313089847,MLP,0.0215831969249993,0.054512851154249996,-0.01659999999999999,0.9994548714884323,0.6694065428242644,0.8267001815388911,False,False
0.0068492346121489,0.1458541458541458,2.3633921146392822,129,0.3,0.1126,0.0779220779220779,0.0213838387280702,MLP,0.0215313117336481,0.68492346121489,0.18739999999999998,0.9931507653875339,0.6694065428242644,0.5030758714969241,False,False
0.0001534537120684,0.4975024975024975,2.3674416542053223,130,0.2,0.1141,0.3136863136863136,0.0215947870165109,MLP,0.0215981013253331,0.01534537120684,0.08590000000000002,0.9998465462879226,0.6694065428242644,0.6193095161066691,False,False
0.0086681467898014,0.1128871128871128,2.3537778854370117,131,0.3,0.1106,0.0749250749250749,0.0212332401424646,MLP,0.0214189023319631,0.86681467898014,0.18939999999999999,0.991331853209796,0.6694065428242644,0.5030758714969241,False,False
0.0029572395042586,0.3296703296703296,2.367652416229248,132,0.2,0.1116,0.3126873126873127,0.021442512050271,MLP,0.0215061107706278,0.29572395042586,0.0884,0.9970427604956048,0.6694065428242644,0.6193095161066691,False,False
0.0020466545656002,0.3856143856143856,2.358673095703125,133,0.2,0.105,0.2787212787212787,0.0212736316025257,MLP,0.0213172606714069,0.20466545656002,0.09500000000000001,0.9979533454343071,0.6694065428242644,0.6193095161066691,False,False
0.0017749764213529,0.4075924075924076,2.377322196960449,134,0.1,0.1131,0.7102897102897103,0.0216062366962432,MLP,0.0216446554493159,0.17749764213529,-0.0131,0.9982250235785614,0.6694065428242644,0.8267001815388911,False,False
0.0038085916852043,0.2877122877122877,2.3769097328186035,135,0.2,0.1081,0.2987012987012987,0.0216274447739124,MLP,0.0217101297937333,0.38085916852043,0.09190000000000001,0.9961914083146215,0.6694065428242644,0.6193095161066691,False,False
0.0020503764259688,0.3706293706293706,2.3786351680755615,136,0.1,0.106,0.6713286713286714,0.0215404666960239,MLP,0.0215847235042601,0.20503764259688,-0.0059999999999999915,0.9979496235739381,0.6694065428242644,0.8267001815388911,False,False
-0.0030915539563533,0.6753246753246753,2.3825836181640625,137,0.3,0.1078,0.0689310689310689,0.0216114930808544,MLP,0.0215448859035968,-0.30915539563533,0.19219999999999998,1.0030915539564995,0.7240594457089302,0.5030758714969241,False,False
-0.0033354336952256,0.6973026973026973,2.3807930946350098,138,0.2,0.11,0.3046953046953047,0.0217776950448751,MLP,0.0217052984610199,-0.33354336952256,0.09000000000000001,1.0033354336953815,0.7399946991783727,0.6193095161066691,False,False
0.001067468873925,0.4245754245754246,2.3652002811431885,139,0.0,0.1095,1.0,0.0215441025793552,MLP,0.021567124813795,0.1067468873925,-0.1095,0.9989325311260279,0.6694065428242644,1.0,False,False
-0.0068523047157868,0.8271728271728271,2.3936140537261963,140,0.1,0.1156,0.7252747252747253,0.0217008292675018,MLP,0.0215531405806541,-0.68523047157868,-0.015599999999999989,1.0068523047161055,0.8335850196315313,0.8267001815388911,False,False
0.0067544777485687,0.1598401598401598,2.3722269535064697,141,0.2,0.1114,0.3056943056943056,0.0214539803564548,MLP,0.0215998762398958,0.67544777485687,0.08860000000000001,0.9932455222511171,0.6694065428242644,0.6193095161066691,False,False
0.0023305791234924,0.3696303696303696,2.3708689212799072,142,0.1,0.1088,0.7032967032967034,0.0214539598673582,MLP,0.0215040768198668,0.23305791234924,-0.008799999999999988,0.9976694208764034,0.6694065428242644,0.8267001815388911,False,False
0.0119989080753558,0.0379620379620379,2.363074541091919,143,0.1,0.1098,0.7032967032967034,0.0211604330688714,MLP,0.0214174187071621,1.19989080753558,-0.00979999999999999,0.9880010919240814,0.6694065428242644,0.8267001815388911,False,False
0.0009479340175833,0.4495504495504495,2.3769044876098633,144,0.2,0.1095,0.2947052947052947,0.0217314027249813,MLP,0.0217520222067832,0.09479340175833001,0.09050000000000001,0.9990520659823771,0.6694065428242644,0.6193095161066691,False,False
0.0067883277419306,0.1678321678321678,2.361412048339844,145,0.1,0.1085999999999999,0.7082917082917083,0.0212261825799942,MLP,0.0213712576813995,0.67883277419306,-0.0085999999999999,0.9932116722577555,0.6694065428242644,0.8267001815388911,False,False
0.0026873944415011,0.3666333666333666,2.367738962173462,146,0.1,0.1094,0.6993006993006993,0.021516190841794,MLP,0.0215741691440343,0.26873944415011003,-0.009399999999999992,0.9973126055583776,0.6694065428242644,0.8267001815388911,False,False
0.0006694186432534,0.4695304695304695,2.374311923980713,147,0.1,0.1104,0.7012987012987013,0.0214891470968723,MLP,0.0215035419687628,0.06694186432534,-0.010399999999999993,0.9993305813567173,0.6694065428242644,0.8267001815388911,False,False
0.0013321317673946,0.4245754245754246,2.3699288368225098,148,0.1,0.1107,0.7122877122877123,0.0216195303946733,MLP,0.0216483688745647,0.13321317673946,-0.010700000000000001,0.9986678682325446,0.6694065428242644,0.8267001815388911,False,False
0.0032535611043261,0.3346653346653346,2.3714404106140137,149,0.2,0.1101,0.2957042957042957,0.0215937085449695,MLP,0.0216641943249851,0.32535611043261004,0.08990000000000001,0.9967464388955232,0.6694065428242644,0.6193095161066691,False,False
0.003785037449928,0.2947052947052947,2.3671083450317383,150,0.1,0.1127,0.7252747252747253,0.0215168055146932,MLP,0.0215985568612813,0.3785037449928,-0.012699999999999989,0.9962149625498984,0.6694065428242644,0.8267001815388911,False,False
0.0032157088531874,0.3306693306693307,2.3783085346221924,151,0.1,0.1074,0.7082917082917083,0.0214757304638624,MLP,0.0215450129527598,0.32157088531874,-0.00739999999999999,0.9967842911466652,0.6694065428242644,0.8267001815388911,False,False
0.0057539640281458,0.2077922077922078,2.3668322563171387,152,0.2,0.1076,0.2867132867132867,0.0213868059217929,MLP,0.0215105770081281,0.57539640281458,0.09240000000000001,0.994246035971586,0.6694065428242644,0.6193095161066691,False,False
0.0041059684055555,0.2837162837162837,2.3743560314178467,153,0.3,0.1105,0.0669330669330669,0.0214936956763267,MLP,0.0215823119673877,0.41059684055555,0.1895,0.9958940315942562,0.6694065428242644,0.5030758714969241,False,False
-0.0066128110739921,0.8251748251748252,2.3887104988098145,154,0.0,0.1128,1.0,0.0217826720327138,MLP,0.0216395736206322,-0.66128110739921,-0.1128,1.0066128110742978,0.8331862312444838,1.0,False,False
0.0051209162952455,0.2407592407592407,2.3746089935302734,155,0.1,0.1128,0.7062937062937062,0.0214975532144308,MLP,0.0216082070339471,0.51209162952455,-0.012799999999999992,0.9948790837045174,0.6694065428242644,0.8267001815388911,False,False
3.152133872953955e-07,0.5034965034965035,2.369508743286133,156,0.1,0.1094,0.7022977022977023,0.0214147754013538,MLP,0.0214147821515798,3.1521338729539553e-05,-0.009399999999999992,0.9999996847866136,0.6694065428242644,0.8267001815388911,False,False
0.0011397982898387,0.4375624375624375,2.37971830368042,157,0.1,0.1137,0.7052947052947053,0.0214362274855375,MLP,0.0214606883414089,0.11397982898386999,-0.01369999999999999,0.99886020171011,0.6694065428242644,0.8267001815388911,False,False
0.0056810474409819,0.2157842157842157,2.373330593109131,158,0.2,0.1133,0.3196803196803197,0.0215833447873592,MLP,0.0217066613603383,0.56810474409819,0.08670000000000001,0.994318952558756,0.6694065428242644,0.6193095161066691,False,False
0.0026314554651655,0.3656343656343656,2.3673601150512695,159,0.0,0.1146,1.0,0.0215603969991207,MLP,0.0216172819137573,0.26314554651655,-0.1146,0.9973685445347131,0.6694065428242644,1.0,False,False
0.0022397925509447,0.3746253746253746,2.370603322982788,160,0.2,0.111,0.2857142857142857,0.0215294938534498,MLP,0.0215778237022459,0.22397925509447,0.08900000000000001,0.9977602074489529,0.6694065428242644,0.6193095161066691,False,False
-0.001543529068654,0.5864135864135864,2.3763647079467773,161,0.1,0.1097,0.7042957042957043,0.0215614419430494,MLP,0.0215282125212252,-0.1543529068654,-0.0097,1.001543529068725,0.6926406926406926,0.8267001815388911,False,False
0.0046546125735429,0.2517482517482518,2.3752355575561523,162,0.2,0.1166,0.3236763236763236,0.0214824192225933,MLP,0.0215828791633248,0.46546125735428995,0.08340000000000002,0.9953453874262425,0.6694065428242644,0.6193095161066691,False,False
-0.0003281158914599,0.5184815184815185,2.379889726638794,163,0.2,0.1109,0.3036963036963037,0.0215890407562255,MLP,0.0215819593723863,-0.03281158914599,0.08910000000000001,1.0003281158914727,0.6757152621814275,0.6193095161066691,False,False
-0.0034321693951725,0.6793206793206793,2.3850858211517334,164,0.3,0.1143,0.0919080919080919,0.0215649772435426,MLP,0.021491215750575,-0.34321693951724996,0.18569999999999998,1.0034321693953319,0.7268451712896158,0.5030758714969241,False,False
0.0010336874707591,0.4455544455544455,2.3713905811309814,165,0.2,0.115,0.3196803196803197,0.0215013679116964,MLP,0.0215236166045069,0.10336874707591,0.085,0.9989663125291945,0.6694065428242644,0.6193095161066691,False,False
-6.593596978936268e-05,0.5074925074925075,2.375248908996582,166,0.1,0.1064,0.6893106893106893,0.0215793699026107,MLP,0.0215779471397399,-0.006593596978936267,-0.006399999999999989,1.000065935969793,0.6694065428242644,0.8267001815388911,False,False
0.0049176227275489,0.2477522477522477,2.36545467376709,167,0.1,0.1095,0.7022977022977023,0.0215040147304534,MLP,0.0216102859638631,0.49176227275489004,-0.009499999999999995,0.9950823772722209,0.6694065428242644,0.8267001815388911,False,False
0.0057469096401676,0.2027972027972027,2.3711376190185547,168,0.0,0.1114,1.0,0.021457290276885,MLP,0.0215813161507248,0.57469096401676,-0.1114,0.9942530903595685,0.6694065428242644,1.0,False,False
-0.0037811709409457,0.7192807192807192,2.3803086280822754,169,0.1,0.1108,0.7162837162837162,0.0216311104595661,MLP,0.0215496276337653,-0.37811709409457,-0.01079999999999999,1.0037811709411224,0.7495510501522525,0.8267001815388911,False,False
0.0047897275657823,0.2517482517482518,2.364178419113159,170,0.3,0.1105,0.0829170829170829,0.0214095041155815,MLP,0.0215125433374196,0.47897275657823,0.1895,0.9952102724339956,0.6694065428242644,0.5030758714969241,False,False
0.0027257136732829,0.3626373626373626,2.367640495300293,171,0.3,0.1078,0.0879120879120879,0.0214268565177917,MLP,0.0214854196198284,0.27257136732829,0.19219999999999998,0.9972742863265909,0.6694065428242644,0.5030758714969241,False,False
-0.0005491515305386,0.5244755244755245,2.3775601387023926,172,0.1,0.114,0.7182817182817183,0.0213599652051925,MLP,0.0213482417855411,-0.05491515305386,-0.013999999999999999,1.000549151530565,0.676473403746131,0.8267001815388911,False,False
0.0058811335422746,0.1938061938061938,2.3604214191436768,173,0.1,0.1061,0.6983016983016983,0.0214185751974582,MLP,0.0215452859010547,0.58811335422746,-0.006099999999999994,0.9941188664574511,0.6694065428242644,0.8267001815388911,False,False
0.0121088784981472,0.0519480519480519,2.357656478881836,174,0.3,0.107,0.0719280719280719,0.0212831888347864,MLP,0.0215440632794052,1.21088784981472,0.193,0.9878911215012919,0.6694065428242644,0.5030758714969241,False,False
-0.0026045729806255,0.6393606393606394,2.3810253143310547,175,0.2,0.1117,0.3216783216783216,0.0215977821499109,MLP,0.0215416752845048,-0.26045729806254997,0.08830000000000002,1.0026045729807493,0.7180724243359232,0.6193095161066691,False,False
0.0094466321258604,0.1028971028971029,2.354264736175537,176,0.0,0.1056,1.0,0.0211802031844854,MLP,0.0213821928948164,0.94466321258604,-0.1056,0.9905533678736962,0.6694065428242644,1.0,False,False
0.0009207166043271,0.4435564435564436,2.3737268447875977,177,0.1,0.106,0.6883116883116883,0.0217820890247821,MLP,0.021802162637934,0.09207166043271,-0.0059999999999999915,0.999079283395631,0.6694065428242644,0.8267001815388911,False,False
-0.0010540286300479,0.5594405594405595,2.3782989978790283,178,0.2,0.1128,0.3196803196803197,0.0214733406901359,MLP,0.0214507310055196,-0.10540286300479,0.08720000000000001,1.0010540286300957,0.6844919786096257,0.6193095161066691,False,False
0.0014630938032253,0.4075924075924076,2.37447452545166,179,0.3,0.1096,0.0739260739260739,0.0216546915471553,MLP,0.0216864208150655,0.14630938032253,0.19039999999999999,0.9985369061967037,0.6694065428242644,0.5030758714969241,False,False
0.0028131281553079,0.3496503496503496,2.3790555000305176,180,0.2,0.11,0.3026973026973027,0.0216697696596384,MLP,0.0217309014704078,0.28131281553079,0.09000000000000001,0.9971868718445646,0.6694065428242644,0.6193095161066691,False,False
0.0079551954876546,0.1298701298701298,2.3656201362609863,181,0.2,0.1116,0.3046953046953047,0.021456791087985,MLP,0.0216288528405129,0.79551954876546,0.0884,0.99204480451198,0.6694065428242644,0.6193095161066691,False,False
0.0004283118881044,0.4545454545454545,2.3716773986816406,182,0.2,0.1080999999999999,0.2897102897102897,0.0214558932930231,MLP,0.0214650870449841,0.04283118881044,0.0919000000000001,0.9995716881118751,0.6694065428242644,0.6193095161066691,False,False
0.0110915967056452,0.0599400599400599,2.350940227508545,183,0.1,0.1099,0.6993006993006993,0.0212363395839929,MLP,0.0214745263699442,1.1091596705645201,-0.009899999999999992,0.9889084032938361,0.6694065428242644,0.8267001815388911,False,False
-0.0009156346297451,0.5774225774225774,2.369227170944214,184,0.4,0.1158,0.0179820179820179,0.0213789399713277,MLP,0.0213593825809657,-0.09156346297451,0.2842,1.000915634629787,0.691842719492489,0.5030758714969241,False,False
-0.0003078763987664,0.4985014985014985,2.3751354217529297,185,0.4,0.1102,0.0139860139860139,0.02171041816473,MLP,0.0217037360966205,-0.030787639876640002,0.2898,1.00030787639878,0.6694065428242644,0.5030758714969241,False,False
-0.0001581427549023,0.5114885114885115,2.3690876960754395,186,0.2,0.1112,0.3156843156843157,0.0215561129152774,MLP,0.0215527045112103,-0.015814275490229998,0.08880000000000002,1.000158142754907,0.6716515807424898,0.6193095161066691,False,False
0.0062866064076941,0.1998001998001998,2.37370228767395,187,0.0,0.1155,1.0,0.0214705877006053,MLP,0.0216064187511801,0.62866064076941,-0.1155,0.9937133935920138,0.6694065428242644,1.0,False,False
0.0045835927845282,0.2507492507492507,2.3644707202911377,188,0.1,0.1144,0.7302697302697303,0.0213096775114536,MLP,0.0214078021589666,0.45835927845282004,-0.014399999999999996,0.9954164072152591,0.6694065428242644,0.8267001815388911,False,False
0.0015917944272497,0.4025974025974026,2.361813545227051,189,0.1,0.1154,0.7382617382617382,0.021478122100234,MLP,0.0215123653635382,0.15917944272497,-0.015399999999999997,0.9984082055726777,0.6694065428242644,0.8267001815388911,False,False
0.0065812261277814,0.1738261738261738,2.3672125339508057,190,0.1,0.1086,0.6943056943056943,0.0215158984065055,MLP,0.02165843748115,0.65812261277814,-0.008599999999999997,0.9934187738719122,0.6694065428242644,0.8267001815388911,False,False
0.003372911974452,0.3166833166833167,2.3654520511627197,191,0.2,0.1169,0.3226773226773227,0.0214106068015098,MLP,0.0214830672964453,0.33729119744520003,0.08310000000000001,0.9966270880253916,0.6694065428242644,0.6193095161066691,False,False
-0.002614235056991,0.6623376623376623,2.3750953674316406,192,0.1,0.1108,0.7152847152847153,0.0215921811759471,MLP,0.0215358813200145,-0.2614235056991,-0.01079999999999999,1.0026142350571126,0.7227555053642011,0.8267001815388911,False,False
0.0044537326500437,0.2627372627372627,2.368129253387451,193,0.1,0.1123,0.7092907092907093,0.0214254334568977,MLP,0.0215212834998965,0.44537326500436997,-0.012299999999999991,0.9955462673497488,0.6694065428242644,0.8267001815388911,False,False
0.0002869628673896,0.4795204795204795,2.367569923400879,194,0.1,0.1126,0.7352647352647352,0.0214824527502059,MLP,0.0214886191859841,0.028696286738960002,-0.0126,0.9997130371325943,0.6694065428242644,0.8267001815388911,False,False
0.0019754727790719,0.3926073926073926,2.3691763877868652,195,0.2,0.105,0.2877122877122877,0.02162473089993,MLP,0.0216675345245748,0.19754727790719,0.09500000000000001,0.9980245272208403,0.6694065428242644,0.6193095161066691,False,False
-4.5204125572732e-05,0.5004995004995005,2.375635862350464,196,0.0,0.1109,1.0,0.0214290749281644,MLP,0.0214281062893569,-0.0045204125572731995,-0.1109,1.0000452041255732,0.6694065428242644,1.0,False,False
0.0029646921026881,0.3346653346653346,2.3766214847564697,197,0.2,0.1087,0.3046953046953047,0.0214172434061765,MLP,0.0214809277430176,0.29646921026881,0.0913,0.9970353078971741,0.6694065428242644,0.6193095161066691,False,False
0.0049692371359361,0.2387612387612387,2.367387294769287,198,0.3,0.1069,0.0739260739260739,0.0214246157556772,MLP,0.0215316114388406,0.49692371359361,0.1931,0.9950307628638333,0.6694065428242644,0.5030758714969241,False,False
0.000283451845516,0.4865134865134865,2.369278907775879,199,0.3,0.1128,0.0859140859140859,0.0214105620980262,MLP,0.021416632682085,0.028345184551599997,0.18719999999999998,0.9997165481544688,0.6694065428242644,0.5030758714969241,False,False
-0.0012791900021254,0.5684315684315684,2.369362115859986,200,0.1,0.1113,0.7102897102897103,0.0213633142411708,MLP,0.0213360214158892,-0.12791900021254,-0.01129999999999999,1.0012791900021845,0.6874056176381758,0.8267001815388911,False,False
0.0001065447156704,0.4825174825174825,2.3682894706726074,201,0.3,0.1124,0.0899100899100899,0.0214359629899263,MLP,0.0214382471218705,0.01065447156704,0.1876,0.9998934552843236,0.6694065428242644,0.5030758714969241,False,False
0.00840399352446,0.1238761238761238,2.369502305984497,202,0.1,0.1074,0.6913086913086913,0.0213748272508382,MLP,0.0215559835974127,0.840399352446,-0.00739999999999999,0.9915960064751467,0.6694065428242644,0.8267001815388911,False,False
0.0011014318422038,0.4405594405594406,2.3748841285705566,203,0.2,0.1096,0.2917082917082917,0.0216191057115793,MLP,0.021642943939194,0.11014318422038,0.09040000000000001,0.998898568157748,0.6694065428242644,0.6193095161066691,False,False
0.0025169908061897,0.3706293706293706,2.386436939239502,204,0.3,0.1059,0.0639360639360639,0.0216631721705198,MLP,0.0217178357634693,0.25169908061897,0.1941,0.9974830091936948,0.6694065428242644,0.5030758714969241,False,False
0.0007568976841965,0.4385614385614386,2.376476287841797,205,0.3,0.1126,0.0949050949050949,0.021657608449459,MLP,0.0216740134600549,0.07568976841965,0.18739999999999998,0.9992431023157693,0.6694065428242644,0.5087695809345294,False,False
0.0011453991446846,0.4305694305694306,2.362323760986328,206,0.3,0.1094,0.0859140859140859,0.0214985907077789,MLP,0.0215232434123754,0.11453991446846001,0.1906,0.9988546008552631,0.6694065428242644,0.5030758714969241,False,False
0.0001195427377042,0.5024975024975025,2.377835988998413,207,0.2,0.1137,0.3116883116883117,0.0215628966689109,MLP,0.0215654746647924,0.01195427377042,0.08630000000000002,0.9998804572622875,0.6694065428242644,0.6193095161066691,False,False
0.0007206441670333,0.4575424575424575,2.376465320587158,208,0.3,0.1102,0.0789210789210789,0.0215882994234561,MLP,0.0216038681250065,0.07206441670333001,0.18979999999999997,0.9992793558329316,0.6694065428242644,0.5030758714969241,False,False
-0.0079256103932219,0.8781218781218781,2.399904489517212,209,0.1,0.1123,0.7162837162837162,0.0218989569693803,MLP,0.021726759141311,-0.7925610393221901,-0.012299999999999991,1.0079256103935854,0.8798138277907065,0.8267001815388911,False,False
0.0023874119414544,0.3746253746253746,2.3796184062957764,210,0.3,0.1118,0.0739260739260739,0.0215396750718355,MLP,0.0215912222135812,0.23874119414544,0.18819999999999998,0.9976125880584343,0.6694065428242644,0.5030758714969241,False,False
-0.0031808992076426,0.6633366633366633,2.38346529006958,211,0.1,0.1126,0.7182817182817183,0.0215286202728748,MLP,0.0214603570401668,-0.31808992076426,-0.0126,1.003180899207792,0.7227555053642011,0.8267001815388911,False,False
0.0048564256924578,0.2467532467532467,2.3606069087982178,212,0.0,0.1069,1.0,0.0213834550231695,MLP,0.0214878089707344,0.48564256924578,-0.1069,0.9951435743073188,0.6694065428242644,1.0,False,False
0.0047213128673617,0.2577422577422577,2.3785977363586426,213,0.1,0.1154,0.7342657342657343,0.0214149840176105,MLP,0.0215165704786777,0.47213128673617,-0.015399999999999997,0.9952786871324187,0.6694065428242644,0.8267001815388911,False,False
-0.0023042745234381,0.6253746253746254,2.381415843963623,214,0.2,0.1118,0.2977022977022977,0.021705687046051,MLP,0.0216557861696928,-0.23042745234380999,0.08820000000000001,1.0023042745235469,0.7115860069908211,0.6193095161066691,False,False
-0.0050866242140288,0.7822177822177823,2.392777919769287,215,0.2,0.1058,0.2757242757242757,0.0217611137777566,MLP,0.0216509833615273,-0.5086624214028801,0.0942,1.0050866242142606,0.7959946120415788,0.6193095161066691,False,False
0.0092139781008479,0.0959040959040959,2.352126121520996,216,0.2,0.1108,0.3036963036963037,0.0213610734790563,MLP,0.0215597243066877,0.92139781008479,0.08920000000000002,0.9907860218987226,0.6694065428242644,0.6193095161066691,False,False
0.003118839812284,0.3256743256743257,2.368364095687866,217,0.2,0.1111,0.3136863136863136,0.0214539188891649,MLP,0.0215210395641624,0.3118839812284,0.0889,0.9968811601875742,0.6694065428242644,0.6193095161066691,False,False
-0.0028639204207329,0.6643356643356644,2.3908438682556152,218,0.3,0.1149,0.0879120879120879,0.0216020215302705,MLP,0.0215403317343443,-0.28639204207329,0.1851,1.0028639204208651,0.7227555053642011,0.5030758714969241,False,False
-0.0009919880523263,0.5684315684315684,2.3860714435577393,219,0.0,0.1111,1.0,0.0215184390544891,MLP,0.0214971141740679,-0.09919880523263,-0.1111,1.0009919880523743,0.6874056176381758,1.0,False,False
0.0031778724273058,0.3196803196803197,2.3723130226135254,220,0.3,0.1121,0.0819180819180819,0.0215981677174568,MLP,0.0216670227516442,0.31778724273058,0.18789999999999998,0.9968221275725492,0.6694065428242644,0.5030758714969241,False,False
-0.0032620251648236,0.6733266733266733,2.3846709728240967,221,0.2,0.1056,0.2837162837162837,0.0217358227819204,MLP,0.0216651505157351,-0.32620251648236,0.09440000000000001,1.0032620251649749,0.7234088225823762,0.6193095161066691,False,False
-0.0031111753279097,0.6693306693306693,2.381129026412964,222,0.3,0.1148,0.0839160839160839,0.021666532382369,MLP,0.0215993330702185,-0.31111753279097,0.18519999999999998,1.0031111753280548,0.7227555053642011,0.5030758714969241,False,False
-0.0012246549368423,0.5824175824175825,2.386368989944458,223,0.2,0.1084,0.3026973026973027,0.021749947220087,MLP,0.0217233436200767,-0.12246549368423,0.09160000000000001,1.0012246549369,0.6926406926406926,0.6193095161066691,False,False
0.0016180998818335,0.3996003996003996,2.3739194869995117,224,0.1,0.1098,0.6893106893106893,0.0215534064918756,MLP,0.0215883385799825,0.16180998818335,-0.00979999999999999,0.99838190011809,0.6694065428242644,0.8267001815388911,False,False
0.0037723248378841,0.3046953046953047,2.3729825019836426,225,0.2,0.1152,0.3236763236763236,0.0216482784599065,MLP,0.0217302520293742,0.37723248378841,0.08480000000000001,0.9962276751619406,0.6694065428242644,0.6193095161066691,False,False
0.0101617166209955,0.0639360639360639,2.3562862873077393,226,0.1,0.112,0.7322677322677322,0.0213006623089313,MLP,0.021519335700199,1.01617166209955,-0.011999999999999997,0.9898382833785302,0.6694065428242644,0.8267001815388911,False,False
0.0025320136006034,0.3556443556443556,2.3641340732574463,227,0.2,0.1142,0.3206793206793207,0.0214182082563638,MLP,0.0214725771136581,0.25320136006034,0.08580000000000002,0.9974679863992796,0.6694065428242644,0.6193095161066691,False,False
0.0032687274921501,0.3206793206793207,2.3719983100891113,228,0.3,0.1067,0.0659340659340659,0.021571546792984,MLP,0.021642289539799,0.32687274921501003,0.19329999999999997,0.9967312725077027,0.6694065428242644,0.5030758714969241,False,False
0.0017961439676033,0.4015984015984016,2.364816188812256,229,0.2,0.1088,0.2877122877122877,0.0214577782899141,MLP,0.0214963888991624,0.17961439676033,0.09120000000000002,0.9982038560323123,0.6694065428242644,0.6193095161066691,False,False
-0.0023940728000601,0.6353646353646354,2.3774161338806152,230,0.0,0.1096,1.0,0.0215158145874738,MLP,0.0214644271861761,-0.23940728000601,-0.1096,1.0023940728001721,0.7151290268173386,1.0,False,False
-0.0003518810335376,0.4975024975024975,2.37337875366211,231,0.3,0.1131,0.0789210789210789,0.021531818434596,MLP,0.0215242444612085,-0.03518810335376,0.18689999999999998,1.000351881033555,0.6694065428242644,0.5030758714969241,False,False
0.0024875637413001,0.3556443556443556,2.3770925998687744,232,0.1,0.1106,0.7132867132867133,0.0215589869767427,MLP,0.0216127500701695,0.24875637413000998,-0.010599999999999998,0.9975124362585859,0.6694065428242644,0.8267001815388911,False,False
0.0022952702979216,0.3836163836163836,2.378843307495117,233,0.1,0.1134,0.7182817182817183,0.0215818881988525,MLP,0.0216315384265035,0.22952702979216,-0.013399999999999995,0.9977047297019722,0.6694065428242644,0.8267001815388911,False,False
0.0017845218214369,0.3946053946053946,2.3807709217071533,234,0.2,0.1119,0.3136863136863136,0.0215180348604917,MLP,0.0215565029103308,0.17845218214369,0.08810000000000001,0.9982154781784822,0.6694065428242644,0.6193095161066691,False,False
0.002188750414031,0.3806193806193806,2.376100778579712,235,0.1,0.1124,0.7152847152847153,0.0213837455958127,MLP,0.0214306519441306,0.21887504140310002,-0.012399999999999994,0.997811249585865,0.6694065428242644,0.8267001815388911,False,False
0.0074460337501959,0.1338661338661338,2.36440372467041,236,0.0,0.1111,1.0,0.0215535946190357,MLP,0.0217152873817831,0.74460337501959,-0.1111,0.9925539662494615,0.6694065428242644,1.0,False,False
-0.0090049069928249,0.8971028971028971,2.3833930492401123,237,0.0,0.1103,1.0,0.0216338839381933,MLP,0.0214408114254474,-0.90049069928249,-0.1103,1.009004906993247,0.8971028971028971,1.0,False,False
0.0031117170714184,0.3246753246753247,2.3676917552948,238,0.2,0.1121,0.3116883116883117,0.0214300230145454,MLP,0.021496915332973,0.31117170714184,0.0879,0.9968882829284349,0.6694065428242644,0.6193095161066691,False,False
-0.0047638609216048,0.7612387612387612,2.375276803970337,239,0.2,0.1147,0.3266733266733266,0.0217056032270193,MLP,0.0216026910115033,-0.47638609216048,0.08530000000000001,1.0047638609218268,0.7823007032493198,0.6193095161066691,False,False
0.0009970030948306,0.4465534465534465,2.380161762237549,240,0.3,0.1095,0.0649350649350649,0.0215517729520797,MLP,0.0215732815805822,0.09970030948306,0.1905,0.9990029969051227,0.6694065428242644,0.5030758714969241,False,False
-0.0037311863352152,0.6973026973026973,2.386190176010132,241,0.0,0.1126,1.0,0.0215956699103117,MLP,0.0215153919737786,-0.37311863352151997,-0.1126,1.0037311863353888,0.7399946991783727,1.0,False,False
0.0050290456338522,0.2317682317682317,2.3725273609161377,242,0.2,0.1107,0.3086913086913087,0.0214320868253707,MLP,0.0215404145531356,0.50290456338522,0.0893,0.9949709543659115,0.6694065428242644,0.6193095161066691,False,False
0.0018099920578305,0.3886113886113886,2.3760385513305664,243,0.3,0.1124,0.0819180819180819,0.0216810815036296,MLP,0.0217203952465206,0.18099920578305,0.1876,0.998190007942084,0.6694065428242644,0.5030758714969241,False,False
-0.0009941073314778,0.5764235764235764,2.3807220458984375,244,0.1,0.1103,0.7232767232767233,0.021512396633625,MLP,0.0214910322409123,-0.09941073314778,-0.01029999999999999,1.0009941073315234,0.691842719492489,0.8267001815388911,False,False
-0.0007027864737064,0.5584415584415584,2.3723461627960205,245,0.1,0.1147,0.7042957042957043,0.021547807380557,MLP,0.0215326745081692,-0.07027864737064,-0.01469999999999999,1.0007027864737408,0.6844919786096257,0.8267001815388911,False,False
0.001781677383318,0.3996003996003996,2.370692729949951,246,0.2,0.1087,0.2897102897102897,0.0214392356574535,MLP,0.021477501636371,0.1781677383318,0.0913,0.998218322616598,0.6694065428242644,0.6193095161066691,False,False
0.0012993139454425,0.4335664335664335,2.3772761821746826,247,0.1,0.1062,0.6783216783216783,0.021585801616311,MLP,0.0216138848382979,0.12993139454424998,-0.006199999999999997,0.9987006860544969,0.6694065428242644,0.8267001815388911,False,False
-0.0019333564509048,0.6103896103896104,2.389746904373169,248,0.0,0.112,1.0,0.0215323157608509,MLP,0.0214907664489001,-0.19333564509048,-0.112,1.0019333564509947,0.7076479076479077,1.0,False,False
0.0054923382707757,0.2037962037962038,2.363673686981201,249,0.3,0.1042,0.0749250749250749,0.0215296167880296,MLP,0.0216485177706927,0.54923382707757,0.19579999999999997,0.9945076617289677,0.6694065428242644,0.5030758714969241,False,False
0.0037249417480946,0.3076923076923077,2.3706119060516357,250,0.2,0.1056,0.2847152847152847,0.0215445645153522,MLP,0.0216251168157905,0.37249417480946,0.09440000000000001,0.9962750582517325,0.6694065428242644,0.6193095161066691,False,False
0.0018683622366878,0.4025974025974026,2.383261442184448,251,0.1,0.1093,0.6953046953046953,0.0214141514152288,MLP,0.0214542356990277,0.18683622366878,-0.009299999999999989,0.9981316377632266,0.6694065428242644,0.8267001815388911,False,False
0.010361430335013,0.0579420579420579,2.3592023849487305,252,0.0,0.1104,1.0,0.0212568584829568,MLP,0.0214794159550219,1.0361430335013,-0.1104,0.989638569664504,0.6694065428242644,1.0,False,False
0.0001592306182182,0.4765234765234765,2.36700701713562,253,0.0,0.1068,1.0,0.0214824341237545,MLP,0.0214858553297817,0.01592306182182,-0.1068,0.9998407693817776,0.6694065428242644,1.0,False,False
0.002867192030245,0.3416583416583416,2.358860492706299,254,0.1,0.1127,0.7202797202797203,0.021307211369276,MLP,0.0213684789016842,0.2867192030245,-0.012699999999999989,0.9971328079696226,0.6694065428242644,0.8267001815388911,False,False
0.0009460844296366,0.4385614385614386,2.3629956245422363,255,0.1,0.1099,0.7032967032967034,0.0213370900601148,MLP,0.021357295865193,0.09460844296366,-0.009899999999999992,0.9990539155703168,0.6694065428242644,0.8267001815388911,False,False
0.0070393218087725,0.1468531468531468,2.3598480224609375,256,0.0,0.108,1.0,0.0213584769517183,MLP,0.0215098920036107,0.70393218087725,-0.108,0.9929606781909001,0.6694065428242644,1.0,False,False
-0.0005662185015519,0.5284715284715285,2.373725652694702,257,0.2,0.1104,0.3106893106893107,0.0216387305408716,MLP,0.0216264852248132,-0.05662185015519,0.08960000000000001,1.0005662185015782,0.676473403746131,0.6193095161066691,False,False
0.0013626337169917,0.4245754245754246,2.3750689029693604,258,0.1,0.1135,0.7242757242757243,0.0215350277721881,MLP,0.0215644121672958,0.13626337169917,-0.013499999999999998,0.9986373662829416,0.6694065428242644,0.8267001815388911,False,False
0.0019821595018445,0.3876123876123876,2.367751359939575,259,0.3,0.1081,0.0739260739260739,0.0214527063071727,MLP,0.0214953134469687,0.19821595018444998,0.1919,0.998017840498064,0.6694065428242644,0.5030758714969241,False,False
0.0005839801451378,0.4795204795204795,2.3706250190734863,260,0.2,0.1097,0.3066933066933067,0.0214654970914125,MLP,0.0214780398402363,0.05839801451378,0.0903,0.9994160198548331,0.6694065428242644,0.6193095161066691,False,False
0.0033231666922243,0.3256743256743257,2.3696448802948,261,0.1,0.11,0.7062937062937062,0.021448416635394,MLP,0.0215199309531599,0.33231666922243,-0.009999999999999995,0.9966768333076179,0.6694065428242644,0.8267001815388911,False,False
0.0013659166323362,0.4275724275724276,2.375275135040283,262,0.1,0.1109,0.7012987012987013,0.0213922783732414,MLP,0.0214215384088456,0.13659166323362,-0.010899999999999993,0.9986340833676017,0.6694065428242644,0.8267001815388911,False,False
-0.0055972536404521,0.7842157842157842,2.3888871669769287,263,0.2,0.1101,0.2987012987012987,0.0216065067797899,MLP,0.0214862428288906,-0.55972536404521,0.08990000000000001,1.0055972536407152,0.7964691558441558,0.6193095161066691,False,False
0.0037588065095852,0.2877122877122877,2.367047071456909,264,0.2,0.1084,0.3016983016983017,0.0214216671884059,MLP,0.0215024908911436,0.37588065095851997,0.09160000000000001,0.9962411934902394,0.6694065428242644,0.6193095161066691,False,False
0.0001993580285628,0.4955044955044955,2.3789782524108887,265,0.1,0.1121,0.7352647352647352,0.0216303430497646,MLP,0.021634656092152,0.01993580285628,-0.0121,0.9998006419714263,0.6694065428242644,0.8267001815388911,False,False
0.0032569623677693,0.3076923076923077,2.3853628635406494,266,0.2,0.1117,0.2947052947052947,0.0216131564229726,MLP,0.0216837796773761,0.32569623677693,0.08830000000000002,0.9967430376320792,0.6694065428242644,0.6193095161066691,False,False
0.0046809344133746,0.2477522477522477,2.3682126998901367,267,0.1,0.1144,0.7202797202797203,0.0214796811342239,MLP,0.0215806989707052,0.46809344133745995,-0.014399999999999996,0.99531906558641,0.6694065428242644,0.8267001815388911,False,False
-0.0012098551437361,0.5554445554445554,2.374429702758789,268,0.0,0.1084,1.0,0.0214528255164623,MLP,0.0214269020687788,-0.12098551437360999,-0.1084,1.0012098551437947,0.6844919786096257,1.0,False,False
0.0018259520810859,0.3866133866133866,2.3778257369995117,269,0.1,0.1127,0.7142857142857143,0.0215878449380397,MLP,0.021627335416153,0.18259520810859,-0.012699999999999989,0.9981740479188295,0.6694065428242644,0.8267001815388911,False,False
-0.0002321032780118,0.5064935064935064,2.3671178817749023,270,0.2,0.1136,0.3196803196803197,0.0214444734156131,MLP,0.021439497238025,-0.02321032780118,0.0864,1.0002321032780226,0.6694065428242644,0.6193095161066691,False,False
0.0043334121044786,0.2717282717282717,2.371046781539917,271,0.0,0.1123,1.0,0.0215010941028594,MLP,0.0215946727190166,0.43334121044786,-0.1123,0.9956665878953196,0.6694065428242644,1.0,False,False
0.0004382250226083,0.4935064935064935,2.372464895248413,272,0.2,0.1063,0.2857142857142857,0.0216661300510168,MLP,0.0216756288539618,0.043822502260829996,0.0937,0.9995617749773722,0.6694065428242644,0.6193095161066691,False,False
-0.0041128731343755,0.7282717282717283,2.3792078495025635,273,0.2,0.1095999999999999,0.2977022977022977,0.0216408483684062,MLP,0.0215522068757563,-0.41128731343755,0.0904000000000001,1.0041128731345657,0.7543850571739018,0.6193095161066691,False,False
-0.0034322388440604,0.6643356643356644,2.3828749656677246,274,0.1,0.1129,0.7172827172827173,0.0215227827429771,MLP,0.0214491640888154,-0.34322388440604,-0.012899999999999995,1.003432238844221,0.7227555053642011,0.8267001815388911,False,False
0.0044913103812506,0.2647352647352647,2.365730047225952,275,0.3,0.1128,0.0809190809190809,0.0213892832398414,MLP,0.0214857825580984,0.44913103812506,0.18719999999999998,0.995508689618539,0.6694065428242644,0.5030758714969241,False,False
-0.0008997391485005,0.5574425574425574,2.380427360534668,276,0.2,0.1103,0.2897102897102897,0.0215062256902456,MLP,0.0214868930913507,-0.08997391485004999,0.08970000000000002,1.0008997391485455,0.6844919786096257,0.6193095161066691,False,False
0.0036905054112573,0.3056943056943056,2.3662800788879395,277,0.2,0.1156,0.3296703296703296,0.021472405642271,MLP,0.0215519432052969,0.36905054112573,0.08440000000000002,0.9963094945885737,0.6694065428242644,0.6193095161066691,False,False
-0.0051126593858218,0.7642357642357642,2.3847715854644775,278,0.0,0.1092,1.0,0.0216405279934406,MLP,0.0215304501354694,-0.5112659385821801,-0.1092,1.0051126593860598,0.7838315530623223,1.0,False,False
0.0029115214153715,0.3186813186813186,2.3602144718170166,279,0.0,0.1139,1.0,0.0212962366640567,MLP,0.0213584221675992,0.29115214153715,-0.1139,0.9970884785844886,0.6694065428242644,1.0,False,False
-0.0011407302904502,0.5634365634365635,2.3793160915374756,280,0.1,0.1138,0.7332667332667333,0.0215129721909761,MLP,0.0214884596541523,-0.11407302904502001,-0.013799999999999993,1.0011407302905058,0.6873688372517411,0.8267001815388911,False,False
-0.0008015601473973,0.5494505494505495,2.3806793689727783,281,0.2,0.1099,0.2987012987012987,0.0216523390263319,MLP,0.0216349972747266,-0.08015601473973,0.09010000000000001,1.0008015601474358,0.6844919786096257,0.6193095161066691,False,False
0.0010150053463106,0.4425574425574425,2.3716883659362793,282,0.3,0.113,0.0999000999000999,0.0215444397181272,MLP,0.0215663296580314,0.10150053463106,0.187,0.998984994653643,0.6694065428242644,0.5300821627352239,False,False
0.0020527253351934,0.3856143856143856,2.380279779434204,283,0.1,0.1114,0.7262737262737263,0.0215755086392164,MLP,0.021619888331741,0.20527253351934,-0.011399999999999993,0.9979472746647149,0.6694065428242644,0.8267001815388911,False,False
0.0030876808285192,0.3186813186813186,2.363394260406494,284,0.2,0.1121,0.2987012987012987,0.021527137607336,MLP,0.0215938124079257,0.30876808285192003,0.0879,0.9969123191713368,0.6694065428242644,0.6193095161066691,False,False
0.0034196969664396,0.3096903096903097,2.3744943141937256,285,0.1,0.1053,0.6933066933066933,0.0216641370207071,MLP,0.0217384760212153,0.34196969664396,-0.005299999999999999,0.9965803030334026,0.6694065428242644,0.8267001815388911,False,False
0.0042769813481303,0.2637362637362637,2.370903968811035,286,0.3,0.1154,0.0889110889110889,0.0214570686221122,MLP,0.0215492342952638,0.42769813481303,0.1846,0.9957230186516718,0.6694065428242644,0.5030758714969241,False,False
-0.0041867314654177,0.7152847152847153,2.3817503452301025,287,0.1,0.109,0.7022977022977023,0.0216958504170179,MLP,0.0216053944323211,-0.41867314654177,-0.008999999999999994,1.0041867314656139,0.7468836384499036,0.8267001815388911,False,False
2.4456598835848203e-05,0.5034965034965035,2.3827357292175293,288,0.1,0.1145,0.7262737262737263,0.0216257628053426,MLP,0.0216262917108833,0.00244565988358482,-0.014499999999999999,0.9999755434011633,0.6694065428242644,0.8267001815388911,False,False
0.0041113453507038,0.2727272727272727,2.373563766479492,289,0.2,0.1113,0.2877122877122877,0.0215282663702964,MLP,0.021617141906172,0.41113453507038,0.08870000000000001,0.9958886546491038,0.6694065428242644,0.6193095161066691,False,False
0.0009018872725507,0.4415584415584415,2.3662140369415283,290,0.2,0.1066,0.2827172827172827,0.0214551109820604,MLP,0.021474478540942,0.09018872725507,0.09340000000000001,0.9990981127274092,0.6694065428242644,0.6193095161066691,False,False
0.0095770011166826,0.0929070929070929,2.366905450820923,291,0.2,0.1103,0.2927072927072927,0.0214761868119239,MLP,0.0216838530972599,0.95770011166826,0.08970000000000002,0.9904229988828765,0.6694065428242644,0.6193095161066691,False,False
-0.0032859320265846,0.6593406593406593,2.378667116165161,292,0.2,0.1156,0.3196803196803197,0.0216499958187341,MLP,0.0215790884010493,-0.32859320265846,0.08440000000000002,1.003285932026737,0.7227555053642011,0.6193095161066691,False,False
0.0009610432211692,0.4485514485514486,2.372917890548706,293,0.1,0.1097,0.7142857142857143,0.0215567033737897,MLP,0.0215774402264505,0.09610432211692,-0.0097,0.9990389567787851,0.6694065428242644,0.8267001815388911,False,False
0.0033536914837787,0.3136863136863136,2.36755108833313,294,0.2,0.1088,0.3036963036963037,0.0215614195913076,MLP,0.021633973263204,0.33536914837787,0.09120000000000002,0.9966463085160688,0.6694065428242644,0.6193095161066691,False,False
0.0011433142730292,0.4275724275724276,2.3790552616119385,295,0.1,0.1144,0.7112887112887113,0.0214937441051006,MLP,0.0215183463376015,0.11433142730292001,-0.014399999999999996,0.9988566857269181,0.6694065428242644,0.8267001815388911,False,False
0.0004873394653405,0.4785214785214785,2.3736412525177,296,0.2,0.1202,0.3326673326673326,0.0215719193220138,MLP,0.0215824372954666,0.04873394653405,0.07980000000000001,0.9995126605346372,0.6694065428242644,0.6193095161066691,False,False
0.0013029167607598,0.4305694305694306,2.3765244483947754,297,0.2,0.1109,0.3156843156843157,0.0214908942580223,MLP,0.0215189316347241,0.13029167607598002,0.08910000000000001,0.998697083239181,0.6694065428242644,0.6193095161066691,False,False
-0.0004660078422747,0.5434565434565435,2.372265577316284,298,0.2,0.1064,0.2777222777222777,0.0215584449470043,MLP,0.0215484032221138,-0.04660078422747,0.09360000000000002,1.0004660078422978,0.6826024217328566,0.6193095161066691,False,False
0.0024508186594879,0.3436563436563437,2.364671230316162,299,0.2,0.1124,0.3046953046953047,0.0214325971901416,MLP,0.021485253650695,0.24508186594879,0.08760000000000001,0.9975491813403983,0.6694065428242644,0.6193095161066691,False,False
0.0027402024246049,0.3616383616383616,2.373366355895996,300,0.3,0.1058,0.0689310689310689,0.0214742552489042,MLP,0.0215332607422024,0.27402024246049,0.19419999999999998,0.9972597975752666,0.6694065428242644,0.5030758714969241,False,False
0.0019858574471523,0.3906093906093906,2.37795090675354,301,0.2,0.1144,0.3196803196803197,0.0216111652553081,MLP,0.0216541673447936,0.19858574471523002,0.08560000000000001,0.9980141425527572,0.6694065428242644,0.6193095161066691,False,False
0.0009522734573501,0.4505494505494505,2.3653087615966797,302,0.1,0.1153,0.7322677322677322,0.0213831886649131,MLP,0.0214035707172006,0.09522734573501,-0.015299999999999994,0.9990477265426034,0.6694065428242644,0.8267001815388911,False,False
0.0042012010815542,0.2667332667332667,2.3792924880981445,303,0.1,0.1124,0.7172827172827173,0.0214892514050006,MLP,0.0215799129586666,0.42012010815542,-0.012399999999999994,0.995798798918251,0.6694065428242644,0.8267001815388911,False,False
0.004903677829446,0.2397602397602397,2.368335247039795,304,0.3,0.112,0.0899100899100899,0.0214358139783144,MLP,0.0215414462909102,0.49036778294460004,0.188,0.9950963221703283,0.6694065428242644,0.5030758714969241,False,False
-0.0037876070976438,0.7112887112887113,2.385040760040283,305,0.1,0.1092,0.7202797202797203,0.0217442102730274,MLP,0.0216621625125408,-0.37876070976438,-0.0092,1.0037876070978187,0.7452507251300008,0.8267001815388911,False,False
0.0038665162616963,0.2887112887112887,2.3672072887420654,306,0.2,0.1111,0.3216783216783216,0.0215119943022727,MLP,0.0215954936295747,0.38665162616963,0.0889,0.9961334837381235,0.6694065428242644,0.6193095161066691,False,False
-0.0007772925383888,0.5264735264735265,2.367687940597534,307,0.3,0.1117,0.0689310689310689,0.0215356461703777,MLP,0.0215189196746796,-0.07772925383887999,0.1883,1.000777292538425,0.676473403746131,0.5030758714969241,False,False
0.0039232819657279,0.2837162837162837,2.3709163665771484,308,0.2,0.1101,0.3086913086913087,0.0214492846280336,MLP,0.0215337676703929,0.39232819657279,0.08990000000000001,0.9960767180340923,0.6694065428242644,0.6193095161066691,False,False
0.0011738000368759,0.4295704295704295,2.378687620162964,309,0.3,0.1131,0.0759240759240759,0.0215841978788375,MLP,0.021609563184902,0.11738000368759,0.18689999999999998,0.9988261999630689,0.6694065428242644,0.5030758714969241,False,False
0.001410886939816,0.4205794205794206,2.371451616287231,310,0.0,0.1114,1.0,0.0215252805501222,MLP,0.0215556931961327,0.1410886939816,-0.1114,0.9985891130601191,0.6694065428242644,1.0,False,False
0.0048692310377408,0.2397602397602397,2.364417791366577,311,0.3,0.1129,0.0859140859140859,0.0213582627475261,MLP,0.0214627699330449,0.48692310377408,0.1871,0.9951307689620296,0.6694065428242644,0.5030758714969241,False,False
0.0010571971681954,0.4505494505494505,2.389832019805908,312,0.1,0.1117,0.7202797202797203,0.0216197539120912,MLP,0.0216426344439387,0.10571971681954001,-0.011699999999999988,0.9989428028317547,0.6694065428242644,0.8267001815388911,False,False
0.0018357008893815,0.3996003996003996,2.386505603790283,313,0.1,0.1094,0.6963036963036963,0.0215640291571617,MLP,0.0216036870647221,0.18357008893815002,-0.009399999999999992,0.9981642991105365,0.6694065428242644,0.8267001815388911,False,False
0.0034729765523931,0.3086913086913087,2.37455415725708,314,0.1,0.1131,0.7342657342657343,0.0214665830135345,MLP,0.0215413957759737,0.34729765523931,-0.0131,0.996527023447448,0.6694065428242644,0.8267001815388911,False,False
0.0057223759624359,0.2067932067932067,2.3692822456359863,315,0.3,0.1112,0.0889110889110889,0.0212669111788272,MLP,0.0213893088456243,0.57223759624359,0.1888,0.9942776240372938,0.6694065428242644,0.5030758714969241,False,False
0.006010353251439,0.2037962037962038,2.3640506267547607,316,0.2,0.1067,0.2957042957042957,0.0213924031704664,MLP,0.021521756529808,0.6010353251439,0.09330000000000001,0.9939896467482827,0.6694065428242644,0.6193095161066691,False,False
-0.0002978320624472,0.5324675324675324,2.3718724250793457,317,0.1,0.1112,0.7092907092907093,0.0215303041040897,MLP,0.0215238935984671,-0.02978320624472,-0.011199999999999988,1.0002978320624598,0.6786350903997963,0.8267001815388911,False,False
0.0046402411081781,0.2607392607392607,2.372434377670288,318,0.2,0.1144,0.3166833166833167,0.0213518589735031,MLP,0.0214513986352831,0.46402411081781,0.08560000000000001,0.9953597588916053,0.6694065428242644,0.6193095161066691,False,False
0.0007589936373329,0.4635364635364635,2.3665316104888916,319,0.1,0.1117,0.6973026973026973,0.0214833468198776,MLP,0.0214996649287641,0.07589936373329,-0.011699999999999988,0.9992410063626309,0.6694065428242644,0.8267001815388911,False,False
-0.0023434824566255,0.6193806193806194,2.3914718627929688,320,0.2,0.1117,0.2937062937062937,0.0218008086085319,MLP,0.0217498382441699,-0.23434824566255,0.08830000000000002,1.0023434824567334,0.7108680792891319,0.6193095161066691,False,False
0.0043786001556976,0.2647352647352647,2.3662872314453125,321,0.3,0.1108,0.0789210789210789,0.0213250294327735,MLP,0.0214188138544559,0.43786001556975995,0.18919999999999998,0.9956213998440959,0.6694065428242644,0.5030758714969241,False,False
0.0004976841287259,0.4755244755244755,2.3742780685424805,322,0.1,0.1118,0.7062937062937062,0.0215170867741107,MLP,0.0215278008189052,0.049768412872590005,-0.011799999999999991,0.9995023158712482,0.6694065428242644,0.8267001815388911,False,False
0.0015785872827529,0.4105894105894105,2.3715898990631104,323,0.1,0.1102,0.7152847152847153,0.0214728564023971,MLP,0.0215068067740649,0.15785872827529002,-0.0102,0.998421412717171,0.6694065428242644,0.8267001815388911,False,False
-0.0011315601552569,0.5644355644355644,2.3724653720855713,324,0.0,0.1124,1.0,0.0214818753302097,MLP,0.0214575947709381,-0.11315601552569,-0.1124,1.0011315601553108,0.6873688372517411,1.0,False,False
0.0048779702362782,0.2557442557442557,2.373267412185669,325,0.3,0.1123,0.0909090909090909,0.0214573591947555,MLP,0.0215625406261533,0.48779702362781996,0.18769999999999998,0.9951220297634952,0.6694065428242644,0.5030758714969241,False,False
-0.002246895878472,0.6323676323676324,2.3961057662963867,326,0.2,0.1066,0.2897102897102897,0.0216309707611799,MLP,0.0215824771821498,-0.2246895878472,0.09340000000000001,1.002246895878579,0.7148503670242801,0.6193095161066691,False,False
-0.0009361491669113,0.5514485514485514,2.3714404106140137,327,0.2,0.1112,0.3106893106893107,0.0215102769434452,MLP,0.0214901589490473,-0.09361491669113,0.08880000000000002,1.0009361491669557,0.6844919786096257,0.6193095161066691,False,False
-0.0015011400014798,0.5904095904095904,2.3676202297210693,328,0.2,0.1157,0.3226773226773227,0.021389402449131,MLP,0.021357342088595,-0.15011400014798,0.08430000000000001,1.001501140001551,0.69459951812893,0.6193095161066691,False,False
0.0057039801062695,0.2047952047952048,2.3679497241973877,329,0.2,0.1131,0.3076923076923077,0.0215940549969673,MLP,0.0217179336585104,0.5703980106269501,0.0869,0.994296019893469,0.6694065428242644,0.6193095161066691,False,False
0.0033624868769992,0.2967032967032967,2.3723204135894775,330,0.0,0.106,1.0,0.0215728990733623,MLP,0.0216456823963671,0.33624868769992,-0.106,0.9966375131228473,0.6694065428242644,1.0,False,False
-0.0026373537965312,0.6563436563436563,2.3775599002838135,331,0.0,0.1069,1.0,0.0215092226862907,MLP,0.0214526444729417,-0.26373537965312,-0.1069,1.0026373537966549,0.7227555053642011,1.0,False,False
0.0009420527617948,0.4375624375624375,2.366754055023194,332,0.1,0.1137,0.7212787212787213,0.0214537233114242,MLP,0.0214739529080688,0.09420527617947999,-0.01369999999999999,0.9990579472381631,0.6694065428242644,0.8267001815388911,False,False
0.0005897471245463,0.4715284715284715,2.3821823596954346,333,0.1,0.11,0.7132867132867133,0.0213843528181314,MLP,0.0213969716206192,0.05897471245463,-0.009999999999999995,0.9994102528754284,0.6694065428242644,0.8267001815388911,False,False
-0.002040814741373,0.6233766233766234,2.3839921951293945,334,0.1,0.11,0.7072927072927073,0.0218346081674098,MLP,0.0217901385314762,-0.20408147413730002,-0.009999999999999995,1.002040814741465,0.7108680792891319,0.8267001815388911,False,False
0.0053274279154164,0.2357642357642357,2.377732276916504,335,0.1,0.113,0.7282717282717283,0.021587498486042,MLP,0.0217031202949583,0.53274279154164,-0.012999999999999998,0.9946725720843393,0.6694065428242644,0.8267001815388911,False,False
-7.685043355257965e-05,0.4935064935064935,2.38346266746521,336,0.2,0.1125,0.3096903096903097,0.0216537918895483,MLP,0.0216521279141306,-0.0076850433552579644,0.08750000000000001,1.0000768504335602,0.6694065428242644,0.6193095161066691,False,False
0.0014983968086821,0.4285714285714285,2.372623920440674,337,0.2,0.1116,0.3086913086913087,0.0214557275176048,MLP,0.0214879249557852,0.14983968086821,0.0884,0.9985016031912504,0.6694065428242644,0.6193095161066691,False,False
0.0042014549872051,0.2567432567432567,2.37715744972229,338,0.4,0.1134,0.0109890109890109,0.0214401483535766,MLP,0.021530608234927,0.42014549872051,0.2866,0.9957985450125996,0.6694065428242644,0.5030758714969241,False,False
0.0053970985051539,0.2217782217782218,2.367756605148315,339,0.1,0.1139,0.7292707292707292,0.0214077495038509,MLP,0.0215239161998033,0.53970985051539,-0.013899999999999996,0.994602901494596,0.6694065428242644,0.8267001815388911,False,False
0.0074846621570758,0.1208791208791208,2.358412027359009,340,0.0,0.1099,1.0,0.0213918276131153,MLP,0.0215531456265598,0.74846621570758,-0.1099,0.9925153378425788,0.6694065428242644,1.0,False,False
0.0053285214698626,0.2217782217782218,2.3657641410827637,341,0.1,0.1173,0.7442557442557443,0.0215185042470693,MLP,0.0216337803099304,0.53285214698626,-0.017299999999999996,0.9946714785298904,0.6694065428242644,0.8304999721308735,False,False
0.001046403986315,0.4335664335664335,2.382948398590088,342,0.1,0.1143,0.7162837162837162,0.021699184551835,MLP,0.0217219144497066,0.1046403986315,-0.014299999999999993,0.9989535960136374,0.6694065428242644,0.8267001815388911,False,False
0.0059979865829747,0.2137862137862138,2.3577065467834473,343,0.2,0.1138,0.3176823176823177,0.0214672107249498,MLP,0.0215967477280646,0.59979865829747,0.08620000000000001,0.9940020134167483,0.6694065428242644,0.6193095161066691,False,False
0.0006432476650554,0.4535464535464535,2.368800640106201,344,0.2,0.112,0.3036963036963037,0.021498218178749,MLP,0.0215120557583868,0.06432476650553999,0.08800000000000001,0.9993567523349133,0.6694065428242644,0.6193095161066691,False,False
0.0051651580398943,0.2347652347652347,2.3610587120056152,345,0.2,0.1117,0.3106893106893107,0.0211793091148138,MLP,0.0212892715670168,0.51651580398943,0.08830000000000002,0.9948348419598648,0.6694065428242644,0.6193095161066691,False,False
-0.0004703890194114,0.5284715284715285,2.3857176303863525,346,0.1,0.1097,0.7142857142857143,0.0215268041938543,MLP,0.0215166829824447,-0.04703890194114,-0.0097,1.0004703890194346,0.676473403746131,0.8267001815388911,False,False
0.003122015166246,0.3106893106893107,2.366154193878174,347,0.2,0.1069,0.3016983016983017,0.0213954076170921,MLP,0.0214624135978519,0.3122015166246,0.09310000000000002,0.9968779848336115,0.6694065428242644,0.6193095161066691,False,False
0.0036632057187443,0.2977022977022977,2.3686678409576416,348,0.1,0.1132,0.7262737262737263,0.021538883447647,MLP,0.0216180749032646,0.36632057187443,-0.01319999999999999,0.9963367942810838,0.6694065428242644,0.8267001815388911,False,False
0.0055482819260918,0.2367632367632367,2.361537218093872,349,0.1,0.1123,0.7072927072927073,0.0213910415768623,MLP,0.02151038726978,0.55482819260918,-0.012299999999999991,0.9944517180736505,0.6694065428242644,0.8267001815388911,False,False
0.0069841246421356,0.1688311688311688,2.3626091480255127,350,0.1,0.1087,0.7022977022977023,0.0214586500078439,MLP,0.0216095739658921,0.6984124642135601,-0.0087,0.9930158753575422,0.6694065428242644,0.8267001815388911,False,False
0.0054006605432402,0.2137862137862138,2.3629472255706787,351,0.2,0.1118,0.3046953046953047,0.0213859174400568,MLP,0.0215020426735281,0.54006605432402,0.08820000000000001,0.9945993394565129,0.6694065428242644,0.6193095161066691,False,False
0.00167938073167,0.4055944055944055,2.3737270832061768,352,0.1,0.1122,0.6983016983016983,0.0215232279151678,MLP,0.0215594344139099,0.167938073167,-0.012199999999999989,0.9983206192682522,0.6694065428242644,0.8267001815388911,False,False
-0.0032476191154271,0.6673326673326674,2.3817057609558105,353,0.2,0.1095,0.3066933066933067,0.0218106247484684,MLP,0.0217400214392691,-0.32476191154271,0.09050000000000001,1.0032476191155806,0.7227555053642011,0.6193095161066691,False,False
-4.9324510828058426e-05,0.4995004995004995,2.3643157482147217,354,0.1,0.1184,0.7392607392607392,0.021476050838828,MLP,0.0214749915953725,-0.004932451082805843,-0.0184,1.000049324510829,0.6694065428242644,0.8267001815388911,False,False
0.0016029897610176,0.4055944055944055,2.380732774734497,355,0.1,0.1082,0.7012987012987013,0.0215746201574802,MLP,0.0216092595793306,0.16029897610176,-0.008199999999999999,0.9983970102389103,0.6694065428242644,0.8267001815388911,False,False
0.0035295938378492,0.2897102897102897,2.368337869644165,356,0.1,0.1131,0.7202797202797203,0.0214723888784647,MLP,0.0215484461411833,0.35295938378492,-0.0131,0.9964704061619905,0.6694065428242644,0.8267001815388911,False,False
0.0035978210238835,0.3016983016983017,2.37229323387146,357,0.1,0.1106,0.7082917082917083,0.0214562322944402,MLP,0.0215337067171931,0.35978210238835,-0.010599999999999998,0.9964021789759474,0.6694065428242644,0.8267001815388911,False,False
-0.0005658763916799,0.5354645354645354,2.383026599884033,358,0.1,0.1151,0.7372627372627373,0.0214927271008491,MLP,0.0214805717524141,-0.05658763916799,-0.015099999999999988,1.0005658763917042,0.680786206458578,0.8267001815388911,False,False
0.0016077138968241,0.4055944055944055,2.376089334487915,359,0.1,0.1084,0.6903096903096904,0.0215480867773294,MLP,0.0215827857218682,0.16077138968241,-0.00839999999999999,0.9983922861031028,0.6694065428242644,0.8267001815388911,False,False
0.0026197179089015,0.3496503496503496,2.3770225048065186,360,0.0,0.1126,1.0,0.0213120970875024,MLP,0.0213680754173547,0.26197179089015005,-0.1126,0.9973802820909723,0.6694065428242644,1.0,False,False
0.0024004841232717,0.3716283716283716,2.38766098022461,361,0.2,0.1096,0.2877122877122877,0.0216958150267601,MLP,0.0217480208054184,0.24004841232717003,0.09040000000000001,0.9975995158766222,0.6694065428242644,0.6193095161066691,False,False
0.0038648225925784,0.2897102897102897,2.3657069206237793,362,0.2,0.1108,0.3096903096903097,0.0213302969932556,MLP,0.0214130546506494,0.38648225925783997,0.08920000000000002,0.9961351774072417,0.6694065428242644,0.6193095161066691,False,False
0.0013485973199305,0.4385614385614386,2.3732473850250244,363,0.2,0.1114,0.3016983016983017,0.0216060485690832,MLP,0.0216352257765829,0.13485973199305,0.08860000000000001,0.998651402680009,0.6694065428242644,0.6193095161066691,False,False
-0.0021193834740687,0.6183816183816184,2.372972249984741,364,0.2,0.1097,0.3056943056943056,0.0214106496423482,MLP,0.0213653682339936,-0.21193834740687,0.0903,1.002119383474166,0.7108680792891319,0.6193095161066691,False,False
0.0103099178913242,0.0669330669330669,2.3570218086242676,365,0.2,0.1139,0.3196803196803197,0.0212437845766544,MLP,0.0214650878701359,1.03099178913242,0.08610000000000001,0.989690082108194,0.6694065428242644,0.6193095161066691,False,False
-0.0033839129688971,0.6953046953046953,2.3771417140960693,366,0.1,0.1139,0.7142857142857143,0.0215976312756538,MLP,0.0215247932486236,-0.33839129688971,-0.013899999999999996,1.003383912969053,0.7399946991783727,0.8267001815388911,False,False
0.0060804769439692,0.1838161838161838,2.370661735534668,367,0.3,0.1098,0.0699300699300699,0.0214683599770069,MLP,0.0215996964331716,0.60804769439692,0.19019999999999998,0.9939195230557498,0.6694065428242644,0.5030758714969241,False,False
-0.0012688318705752,0.5804195804195804,2.375910520553589,368,0.3,0.1087,0.0729270729270729,0.0215750653296709,MLP,0.0215477248895913,-0.12688318705752,0.19129999999999997,1.0012688318706355,0.6926406926406926,0.5030758714969241,False,False
0.0065229587868686,0.1678321678321678,2.3615381717681885,369,0.2,0.1146,0.3246753246753247,0.0213753394782543,MLP,0.0215156854074448,0.65229587868686,0.08540000000000002,0.993477041212829,0.6694065428242644,0.6193095161066691,False,False
0.0045028152738445,0.2747252747252747,2.3695785999298096,370,0.2,0.1096,0.3166833166833167,0.0216149184852838,MLP,0.021712686702609,0.45028152738445004,0.09040000000000001,0.9954971847259486,0.6694065428242644,0.6193095161066691,False,False
-0.0066007758319096,0.8301698301698301,2.3837039470672607,371,0.2,0.1175,0.3396603396603396,0.0216140672564506,MLP,0.0214723331984132,-0.66007758319096,0.08250000000000002,1.0066007758322173,0.8349870632269084,0.6259464916708731,False,False
0.0012405980783293,0.4285714285714285,2.373995065689087,372,0.2,0.1088,0.3036963036963037,0.0216877218335866,MLP,0.0217146610002964,0.12405980783293,0.09120000000000002,0.9987594019216126,0.6694065428242644,0.6193095161066691,False,False
0.0042928315513708,0.2797202797202797,2.3626205921173096,373,0.2,0.1177,0.3346653346653346,0.0212987065315246,MLP,0.021390532484278,0.42928315513708004,0.08230000000000001,0.9957071684484295,0.6694065428242644,0.6193095161066691,False,False
0.0071983459840234,0.1548451548451548,2.3674962520599365,374,0.1,0.1099,0.7082917082917083,0.0213193278759717,MLP,0.0214739044699817,0.71983459840234,-0.009899999999999992,0.992801654015641,0.6694065428242644,0.8267001815388911,False,False
-0.0038810578984827,0.7092907092907093,2.3874752521514893,375,0.0,0.1093,1.0,0.0216323379427194,MLP,0.0215487061664462,-0.38810578984827,-0.1093,1.0038810578986606,0.7452507251300008,1.0,False,False
0.00406578073556,0.2937062937062937,2.3631458282470703,376,0.1,0.1113,0.7172827172827173,0.0214212983846664,MLP,0.0215087482389062,0.40657807355599995,-0.01129999999999999,0.995934219264252,0.6694065428242644,0.8267001815388911,False,False
0.0039636545474362,0.2907092907092907,2.368180513381958,377,0.3,0.1089,0.0759240759240759,0.0214646644890308,MLP,0.0215500815678387,0.39636545474362,0.1911,0.9960363454523822,0.6694065428242644,0.5030758714969241,False,False
0.0016939177868934,0.3846153846153846,2.3788270950317383,378,0.3,0.1043,0.0659340659340659,0.0216554868966341,MLP,0.021692231753841,0.16939177868934,0.19569999999999999,0.9983060822130303,0.6694065428242644,0.5030758714969241,False,False
0.0064338044822604,0.1738261738261738,2.362283229827881,379,0.1,0.1082,0.7082917082917083,0.0212499909102916,MLP,0.0213875945117324,0.6433804482260399,-0.008199999999999999,0.9935661955174381,0.6694065428242644,0.8267001815388911,False,False
0.0069583029312449,0.1608391608391608,2.373169422149658,380,0.2,0.1116,0.3116883116883117,0.0214765984565019,MLP,0.0216270862743258,0.69583029312449,0.0884,0.9930416970684327,0.6694065428242644,0.6193095161066691,False,False
0.0004763952580704,0.4725274725274725,2.3737881183624268,381,0.1,0.1109,0.7092907092907093,0.0214298740029335,MLP,0.0214400879591703,0.04763952580704,-0.010899999999999993,0.9995236047419092,0.6694065428242644,0.8267001815388911,False,False
0.0032643484504231,0.3286713286713286,2.37003493309021,382,0.1,0.1135,0.7132867132867133,0.0215385537594556,MLP,0.021609093369916,0.32643484504231,-0.013499999999999998,0.9967356515494258,0.6694065428242644,0.8267001815388911,False,False
0.0040045813594522,0.2777222777222777,2.366109848022461,383,0.1,0.1051,0.6863136863136863,0.0214225929230451,MLP,0.0215087263677269,0.40045813594522,-0.005099999999999993,0.9959954186403598,0.6694065428242644,0.8267001815388911,False,False
-0.0035776265690401,0.7052947052947053,2.373974561691284,384,0.4,0.1095,0.0159840159840159,0.0216480921953916,MLP,0.0215709195006638,-0.35776265690401,0.29050000000000004,1.003577626569207,0.7449751060298727,0.5030758714969241,False,False
0.0049890357699608,0.2427572427572427,2.372194528579712,385,0.1,0.116,0.7332667332667333,0.021532954648137,MLP,0.0216409219820052,0.49890357699608,-0.016,0.9950109642298061,0.6694065428242644,0.8267001815388911,False,False
0.0018404804572095,0.3966033966033966,2.382884979248047,386,0.2,0.1184,0.3406593406593406,0.0215999577194452,MLP,0.0216397853214293,0.18404804572095002,0.0816,0.9981595195427073,0.6694065428242644,0.6259464916708731,False,False
0.0023085899255423,0.3616383616383616,2.3839972019195557,387,0.1,0.1116,0.7062937062937062,0.0215706247836351,MLP,0.021620537739247,0.23085899255423,-0.0116,0.9976914100743529,0.6694065428242644,0.8267001815388911,False,False
0.0029568401172221,0.3346653346653346,2.3839776515960693,388,0.1,0.1099,0.6983016983016983,0.021402595564723,MLP,0.0214660672936588,0.29568401172221004,-0.009899999999999992,0.9970431598826419,0.6694065428242644,0.8267001815388911,False,False
0.0019416808742494,0.3826173826173826,2.369110345840454,389,0.1,0.108,0.7052947052947053,0.0216440334916114,MLP,0.0216861410569399,0.19416808742494,-0.007999999999999993,0.99805831912566,0.6694065428242644,0.8267001815388911,False,False
-0.0015006103086281,0.5864135864135864,2.380669593811035,390,0.1,0.1112,0.7082917082917083,0.0215890333056449,MLP,0.0215566851217299,-0.15006103086281,-0.011199999999999988,1.0015006103086967,0.6926406926406926,0.8267001815388911,False,False
-0.0003012678643765,0.4995004995004995,2.372641086578369,391,0.1,0.1078,0.7112887112887113,0.0215338934212923,MLP,0.0215274079050868,-0.03012678643765,-0.007800000000000001,1.0003012678643939,0.6694065428242644,0.8267001815388911,False,False
-0.0006664477163635,0.5434565434565435,2.3733179569244385,392,0.1,0.113,0.7262737262737263,0.0216144733130931,MLP,0.0216000779904425,-0.06664477163635,-0.012999999999999998,1.000666447716391,0.6826024217328566,0.8267001815388911,False,False
-1.2493355309795328e-05,0.4995004995004995,2.3716788291931152,393,0.1,0.1123,0.7092907092907093,0.0216473694890737,MLP,0.0216470990441739,-0.0012493355309795328,-0.012299999999999991,1.0000124933553105,0.6694065428242644,0.8267001815388911,False,False
0.0053259257013679,0.2317682317682317,2.3689982891082764,394,0.0,0.1088,1.0,0.0215005427598953,MLP,0.0216156661920249,0.53259257013679,-0.1088,0.9946740742983866,0.6694065428242644,1.0,False,False
-0.0019936027086922,0.6113886113886113,2.380519151687622,395,0.1,0.1083,0.6993006993006993,0.021561125293374,MLP,0.0215182264987379,-0.19936027086922,-0.008299999999999988,1.0019936027087835,0.7076479076479077,0.8267001815388911,False,False
0.0016742453049681,0.4025974025974026,2.3783459663391113,396,0.1,0.1128,0.7012987012987013,0.0214641131460666,MLP,0.0215001096036285,0.16742453049681,-0.012799999999999992,0.9983257546949516,0.6694065428242644,0.8267001815388911,False,False
0.0051472630834964,0.2487512487512487,2.3603107929229736,397,0.4,0.1123,0.0129870129870129,0.0213938280940055,MLP,0.0215045175030827,0.51472630834964,0.2877,0.9948527369162627,0.6694065428242644,0.5030758714969241,False,False
0.0003190643303484,0.4745254745254745,2.367479085922241,398,0.1,0.1169,0.7292707292707292,0.0216018427163362,MLP,0.0216087372936308,0.03190643303484,-0.0169,0.9996809356696362,0.6694065428242644,0.8267001815388911,False,False
0.0050793568224638,0.2387612387612387,2.3690366744995117,399,0.3,0.1103,0.0819180819180819,0.0215007420629262,MLP,0.0216105095520615,0.5079356822463801,0.18969999999999998,0.9949206431772993,0.6694065428242644,0.5030758714969241,False,False
0.0094332094936367,0.0809190809190809,2.358652114868164,400,0.2,0.1131,0.3296703296703296,0.021284332498908,MLP,0.0214870240986347,0.9433209493636701,0.0869,0.9905667905059231,0.6694065428242644,0.6193095161066691,False,False
0.0041745205907151,0.2957042957042957,2.371112585067749,401,0.1,0.1112,0.7162837162837162,0.0214519444853067,MLP,0.0215418714713305,0.41745205907151,-0.011199999999999988,0.9958254794090904,0.6694065428242644,0.8267001815388911,False,False
-0.0030506284334807,0.6673326673326674,2.388753652572632,402,0.3,0.1103,0.0799200799200799,0.0217132754623889,MLP,0.0216472377832978,-0.30506284334807,0.18969999999999998,1.0030506284336216,0.7227555053642011,0.5030758714969241,False,False
0.0026862230411328,0.3406593406593406,2.370089054107666,403,0.2,0.1122,0.2987012987012987,0.0216135010123252,MLP,0.0216717160753905,0.26862230411328003,0.08780000000000002,0.9973137769587427,0.6694065428242644,0.6193095161066691,False,False
0.000495979784804,0.4675324675324675,2.375188112258911,404,0.2,0.1106,0.2977022977022977,0.0215427577495574,MLP,0.0215534478239715,0.0495979784804,0.08940000000000001,0.9995040202151692,0.6694065428242644,0.6193095161066691,False,False
-0.0028591668759345,0.6473526473526473,2.387223243713379,405,0.4,0.1114,0.0079920079920079,0.021711653098464,MLP,0.0216497528422623,-0.28591668759345,0.2886,1.00285916687607,0.7227555053642011,0.5030758714969241,False,False
-0.0022308784584423,0.6283716283716284,2.370676279067993,406,0.1,0.1061,0.6893106893106893,0.0215143356472253,MLP,0.0214664466138929,-0.22308784584423003,-0.006099999999999994,1.0022308784585432,0.7134350365791415,0.8267001815388911,False,False
-0.0027713256973866,0.6523476523476524,2.382809638977051,407,0.3,0.1095,0.0719280719280719,0.0216201487928628,MLP,0.0215603979080915,-0.27713256973866,0.1905,1.002771325697513,0.7227555053642011,0.5030758714969241,False,False
0.0057292399335178,0.2087912087912088,2.365995407104492,408,0.1,0.1119,0.7062937062937062,0.0212357547134161,MLP,0.0213581205103546,0.57292399335178,-0.011899999999999994,0.9942707600662157,0.6694065428242644,0.8267001815388911,False,False
-0.0034630028185151,0.6703296703296703,2.3821048736572266,409,0.4,0.1169,0.0129870129870129,0.0216329433023929,MLP,0.0215582868941128,-0.34630028185151,0.2831,1.0034630028186742,0.7227555053642011,0.5030758714969241,False,False
-0.0037593262645018,0.7232767232767233,2.368483066558838,410,0.1,0.1136,0.7262737262737263,0.0214901100844144,MLP,0.0214096243213862,-0.37593262645018,-0.013600000000000001,1.0037593262646745,0.7507063794488945,0.8267001815388911,False,False
0.0031674373067054,0.3186813186813186,2.371995210647583,411,0.1,0.1086,0.7062937062937062,0.021668329834938,MLP,0.0217371809929609,0.31674373067054,-0.008599999999999997,0.996832562693148,0.6694065428242644,0.8267001815388911,False,False
-0.0007032118071155,0.5404595404595405,2.3875856399536133,412,0.4,0.1144,0.0119880119880119,0.0216119512915611,MLP,0.0215967641919851,-0.07032118071155,0.2856,1.0007032118071482,0.6821334005800025,0.5030758714969241,False,False
-0.0001640568066623,0.5004995004995005,2.375776529312134,413,0.3,0.1089,0.0729270729270729,0.0215152967721223,MLP,0.0215117676202207,-0.01640568066623,0.1911,1.00016405680667,0.6694065428242644,0.5030758714969241,False,False
0.0043984235134806,0.2597402597402597,2.3653578758239746,414,0.2,0.1155,0.3246753246753247,0.021322151646018,MLP,0.0214163498226553,0.43984235134806005,0.0845,0.9956015764863136,0.6694065428242644,0.6193095161066691,False,False
0.0097692367945293,0.0819180819180819,2.3606085777282715,415,0.2,0.1137,0.3226773226773227,0.0213529299944639,MLP,0.0215635898094624,0.97692367945293,0.08630000000000002,0.9902307632050179,0.6694065428242644,0.6193095161066691,False,False
0.0024411774242515,0.3536463536463536,2.3738481998443604,416,0.3,0.1114,0.0849150849150849,0.0215645208954811,MLP,0.0216172925420105,0.24411774242515,0.1886,0.9975588225756373,0.6694065428242644,0.5030758714969241,False,False
0.0020728205992969,0.3736263736263736,2.384091377258301,417,0.2,0.1126,0.3196803196803197,0.0216827131807804,MLP,0.021727750910446,0.20728205992968998,0.0874,0.9979271794006094,0.6694065428242644,0.6193095161066691,False,False
0.0043340787648203,0.2667332667332667,2.3743724822998047,418,0.3,0.1113,0.0689310689310689,0.0215839520096778,MLP,0.0216779057607054,0.43340787648203,0.18869999999999998,0.9956659212349791,0.6694065428242644,0.5030758714969241,False,False
0.0010439958061734,0.4555444555444555,2.3729865550994873,419,0.0,0.1082,1.0,0.0214650351554155,MLP,0.0214874679818749,0.10439958061734,-0.1082,0.9989560041937783,0.6694065428242644,1.0,False,False
0.0018978626639893,0.3836163836163836,2.372874975204468,420,0.1,0.1129,0.7112887112887113,0.0215189699083566,MLP,0.0215598876141011,0.18978626639892998,-0.012899999999999995,0.998102137335923,0.6694065428242644,0.8267001815388911,False,False
0.0019299881682371,0.3876123876123876,2.3741345405578613,421,0.3,0.1104,0.0839160839160839,0.0215587858110666,MLP,0.0216004744712263,0.19299881682370998,0.1896,0.9980700118316738,0.6694065428242644,0.5030758714969241,False,False
0.0045426265629173,0.2537462537462537,2.3529703617095947,422,0.0,0.1129,1.0,0.0213866643607616,MLP,0.0214842593278735,0.45426265629172996,-0.1129,0.9954573734368733,0.6694065428242644,1.0,False,False
-0.0035686793478615,0.6993006993006993,2.387777090072632,423,0.2,0.1104,0.3086913086913087,0.0215939823538064,MLP,0.0215171943865716,-0.35686793478615,0.08960000000000001,1.003568679348025,0.7406035919274209,0.6193095161066691,False,False
0.0008259224493784,0.4425574425574425,2.377591371536255,424,0.2,0.1126,0.3216783216783216,0.0216112155467271,MLP,0.0216290794890373,0.08259224493784001,0.0874,0.9991740775505841,0.6694065428242644,0.6193095161066691,False,False
0.002456199783361,0.3606393606393606,2.375543117523194,425,0.0,0.1101,1.0,0.0215146746486425,MLP,0.0215676491037011,0.24561997833609997,-0.1101,0.9975438002165238,0.6694065428242644,1.0,False,False
0.0050498775889819,0.2317682317682317,2.3645596504211426,426,0.2,0.1092,0.2967032967032967,0.0214275661855936,MLP,0.0215363219752907,0.50498775889819,0.0908,0.994950122410787,0.6694065428242644,0.6193095161066691,False,False
0.0009355370019485,0.4275724275724276,2.3734097480773926,427,0.2,0.1106,0.3066933066933067,0.0215237084776163,MLP,0.0215438635591417,0.09355370019485,0.08940000000000001,0.99906446299801,0.6694065428242644,0.6193095161066691,False,False
0.0020648003626666,0.3826173826173826,2.3712337017059326,428,0.2,0.1199,0.3346653346653346,0.021401846781373,MLP,0.0214461287558078,0.20648003626666,0.0801,0.9979351996372395,0.6694065428242644,0.6193095161066691,False,False
0.0001568668814862,0.4815184815184815,2.3823049068450928,429,0.2,0.1078,0.3026973026973027,0.0216435194015502,MLP,0.0216469150856137,0.01568668814862,0.0922,0.9998431331185035,0.6694065428242644,0.6193095161066691,False,False
0.000819251144272,0.4595404595404595,2.3746907711029053,430,0.0,0.1059,1.0,0.0214129611849784,MLP,0.0214305181615054,0.08192511442719999,-0.1059,0.9991807488556885,0.6694065428242644,1.0,False,False
-0.0034079409921101,0.6873126873126874,2.3838565349578857,431,0.1,0.1102,0.7022977022977023,0.0217088796198368,MLP,0.0216351483110338,-0.34079409921101,-0.0102,1.0034079409922694,0.7338862369663192,0.8267001815388911,False,False
0.001548406804927,0.4225774225774226,2.372324705123902,432,0.4,0.1128,0.0129870129870129,0.021499715745449,MLP,0.0215330576784908,0.1548406804927,0.2872,0.9984515931950015,0.6694065428242644,0.5030758714969241,False,False
0.0072000199027205,0.1548451548451548,2.3623945713043213,433,0.3,0.1122,0.0799200799200799,0.0213542412966489,MLP,0.0215091072972863,0.72000199027205,0.1878,0.9927999800969454,0.6694065428242644,0.5030758714969241,False,False
0.0081344304223541,0.1418581418581418,2.367663860321045,434,0.0,0.107,1.0,0.021266970783472,MLP,0.0214413842316716,0.81344304223541,-0.107,0.9918655695772678,0.6694065428242644,1.0,False,False
-0.0029149479474789,0.6573426573426573,2.372065544128418,435,0.1,0.1085999999999999,0.7022977022977023,0.0214516837149858,MLP,0.0213893349170684,-0.29149479474789,-0.0085999999999999,1.002914947947617,0.7227555053642011,0.8267001815388911,False,False
0.0062095147527251,0.1888111888111888,2.3725383281707764,436,0.3,0.1142,0.0919080919080919,0.0215627681463956,MLP,0.0216974990870803,0.62095147527251,0.1858,0.9937904852469875,0.6694065428242644,0.5030758714969241,False,False
0.0008363545785282,0.4585414585414585,2.3849477767944336,437,0.2,0.1084,0.2907092907092907,0.021548967808485,MLP,0.0215670054722577,0.08363545785282,0.09160000000000001,0.9991636454214332,0.6694065428242644,0.6193095161066691,False,False
0.0019139550262056,0.3856143856143856,2.367220163345337,438,0.1,0.1074,0.6973026973026973,0.0214024577289819,MLP,0.0214434996228665,0.19139550262056,-0.00739999999999999,0.9980860449737022,0.6694065428242644,0.8267001815388911,False,False
0.0013549396327237,0.4085914085914086,2.375058650970459,439,0.2,0.1078,0.2847152847152847,0.0215194523334503,MLP,0.0215486494526267,0.13549396327236998,0.0922,0.9986450603672129,0.6694065428242644,0.6193095161066691,False,False
0.0023820169434358,0.3676323676323676,2.369197130203247,440,0.3,0.1117,0.0759240759240759,0.0214546415954828,MLP,0.0215058689396828,0.23820169434358,0.1883,0.9976179830564541,0.6694065428242644,0.5030758714969241,False,False
0.0034856932145367,0.3296703296703296,2.3817625045776367,441,0.1,0.1111,0.6953046953046953,0.0216374732553958,MLP,0.0217131586652249,0.34856932145367,-0.011099999999999999,0.9965143067852991,0.6694065428242644,0.8267001815388911,False,False
-0.0004340885206142,0.5284715284715285,2.3718228340148926,442,0.2,0.1146,0.3236763236763236,0.0217143557965755,MLP,0.0217049339339137,-0.04340885206142,0.08540000000000002,1.0004340885206326,0.676473403746131,0.6193095161066691,False,False
-0.0010362598895928,0.5584415584415584,2.3741037845611572,443,0.2,0.1104,0.2827172827172827,0.0214983709156513,MLP,0.0214761160779744,-0.10362598895927999,0.08960000000000001,1.0010362598896418,0.6844919786096257,0.6193095161066691,False,False
-0.0039663759170168,0.7112887112887113,2.374310255050659,444,0.2,0.1090999999999999,0.2987012987012987,0.0214780140668153,MLP,0.0213931607492268,-0.39663759170167995,0.0909000000000001,1.003966375917199,0.7452507251300008,0.6193095161066691,False,False
0.0045467259215568,0.2487512487512487,2.3619606494903564,445,0.2,0.1061,0.2917082917082917,0.0213794726878404,MLP,0.0214771232809871,0.45467259215568,0.09390000000000001,0.9954532740782307,0.6694065428242644,0.6193095161066691,False,False
0.0049877165758429,0.2237762237762237,2.370543956756592,446,0.2,0.1100999999999999,0.3006993006993007,0.0214406512677669,MLP,0.0215481272190809,0.49877165758429,0.0899000000000001,0.9950122834239242,0.6694065428242644,0.6193095161066691,False,False
0.0010263918270198,0.4525474525474525,2.369723081588745,447,0.2,0.1144,0.3236763236763236,0.0216203164309263,MLP,0.0216425301469862,0.10263918270198001,0.08560000000000001,0.9989736081729337,0.6694065428242644,0.6193095161066691,False,False
0.0071410405222019,0.1408591408591408,2.370438814163208,448,0.1,0.1120999999999999,0.7012987012987013,0.0214000679552555,MLP,0.0215539858415722,0.71410405222019,-0.012099999999999889,0.9928589594774704,0.6694065428242644,0.8267001815388911,False,False
0.0010430196756607,0.4295704295704295,2.3725521564483643,449,0.1,0.1141,0.7242757242757243,0.0215664003044366,MLP,0.0215889179706573,0.10430196756606999,-0.014099999999999988,0.9989569803242893,0.6694065428242644,0.8267001815388911,False,False
0.0048361398691949,0.2477522477522477,2.3693244457244873,450,0.1,0.1109,0.7062937062937062,0.0216413680464029,MLP,0.0217465373426675,0.48361398691949,-0.010899999999999993,0.9951638601305849,0.6694065428242644,0.8267001815388911,False,False
0.0002680883729814,0.5044955044955045,2.3726296424865723,451,0.2,0.1115,0.3156843156843157,0.0214483141899108,MLP,0.0214540657754987,0.026808837298139997,0.08850000000000001,0.999731911627004,0.6694065428242644,0.6193095161066691,False,False
0.0032361048388734,0.3226773226773227,2.3719427585601807,452,0.1,0.1099,0.7002997002997003,0.0215032529085874,MLP,0.0215730656106024,0.32361048388734,-0.009899999999999992,0.9967638951609784,0.6694065428242644,0.8267001815388911,False,False
-0.0053942612516419,0.7812187812187812,2.3942978382110596,453,0.1,0.1112,0.7192807192807192,0.0217287354171276,MLP,0.0216121538132429,-0.53942612516419,-0.011199999999999988,1.0053942612518918,0.7959946120415788,0.8267001815388911,False,False
0.0002529992141757,0.4815184815184815,2.3641154766082764,454,0.1,0.1105,0.6933066933066933,0.0213719271123409,MLP,0.0213773355614393,0.025299921417570002,-0.010499999999999995,0.9997470007858157,0.6694065428242644,0.8267001815388911,False,False
0.0049639346510674,0.2487512487512487,2.3713865280151367,455,0.2,0.1071,0.2777222777222777,0.0215528551489114,MLP,0.0216603758390992,0.49639346510674004,0.09290000000000001,0.995036065348704,0.6694065428242644,0.6193095161066691,False,False
0.0083344472499336,0.1308691308691308,2.364412546157837,456,0.4,0.1105999999999999,0.0179820179820179,0.0214352067559957,MLP,0.0216153588239103,0.83344472499336,0.2894000000000001,0.9916655527496808,0.6694065428242644,0.5030758714969241,False,False
-0.0058670379596493,0.8061938061938062,2.3800530433654785,457,0.1,0.1057,0.7042957042957043,0.0215908251702785,MLP,0.0214648898467421,-0.58670379596493,-0.005699999999999997,1.0058670379599228,0.8156046288342008,0.8267001815388911,False,False
0.0039652423825881,0.2787212787212787,2.363497734069824,458,0.2,0.1116,0.3076923076923077,0.0214686673134565,MLP,0.0215541346818208,0.39652423825881,0.0884,0.9960347576172295,0.6694065428242644,0.6193095161066691,False,False
0.0018238055374584,0.4085914085914086,2.372845411300659,459,0.3,0.1081,0.0799200799200799,0.0215829610824584,MLP,0.0216223961282521,0.18238055374584,0.1919,0.9981761944624549,0.6694065428242644,0.5030758714969241,False,False
0.0042977477665375,0.2847152847152847,2.386272668838501,460,0.3,0.1112,0.0769230769230769,0.021570011973381,MLP,0.0216631145756691,0.42977477665375,0.1888,0.9957022522332654,0.6694065428242644,0.5030758714969241,False,False
0.0030959379762618,0.3176823176823177,2.3783273696899414,461,0.2,0.1147,0.3166833166833167,0.0214215908199548,MLP,0.0214881166964769,0.30959379762618,0.08530000000000001,0.9969040620235925,0.6694065428242644,0.6193095161066691,False,False
0.0030725965550648,0.3236763236763236,2.3640012741088867,462,0.2,0.1098,0.2987012987012987,0.0214480236172676,MLP,0.0215141278523951,0.30725965550648,0.09020000000000002,0.9969274034447955,0.6694065428242644,0.6193095161066691,False,False
0.0029082756035319,0.3426573426573426,2.3803536891937256,463,0.2,0.1105,0.3186813186813186,0.0215676762163639,MLP,0.0216305839158594,0.29082756035319,0.08950000000000001,0.997091724396336,0.6694065428242644,0.6193095161066691,False,False
0.0040699775073529,0.2697302697302697,2.363950490951538,464,0.2,0.108,0.2917082917082917,0.0213660504668951,MLP,0.0214533651806414,0.40699775073529,0.09200000000000001,0.9959300224924578,0.6694065428242644,0.6193095161066691,False,False
0.0020822490406767,0.3856143856143856,2.37680721282959,465,0.2,0.1067,0.2757242757242757,0.0216211676597595,MLP,0.0216662822552025,0.20822490406767,0.09330000000000001,0.9979177509592276,0.6694065428242644,0.6193095161066691,False,False
0.0024419799174645,0.3576423576423576,2.3780834674835205,466,0.1,0.1093,0.7112887112887113,0.021388528868556,MLP,0.0214408870842307,0.24419799174645002,-0.009299999999999989,0.9975580200824241,0.6694065428242644,0.8267001815388911,False,False
0.0035299043504513,0.3116883116883117,2.376239061355591,467,0.1,0.1082,0.6963036963036963,0.0215271823108196,MLP,0.0216034403890371,0.35299043504513,-0.008199999999999999,0.9964700956493857,0.6694065428242644,0.8267001815388911,False,False
0.0016408121902103,0.4125874125874126,2.374048948287964,468,0.2,0.1154,0.3296703296703296,0.0215789079666137,MLP,0.0216143730934709,0.16408121902102998,0.08460000000000001,0.998359187809712,0.6694065428242644,0.6193095161066691,False,False
-0.0040547247628884,0.7232767232767233,2.3797390460968018,469,0.1,0.1083,0.7022977022977023,0.0215420760214328,MLP,0.0214550815708935,-0.40547247628884,-0.008299999999999988,1.0040547247630751,0.7507063794488945,0.8267001815388911,False,False
0.0008903739538079,0.4555444555444555,2.3838441371917725,470,0.2,0.1049,0.2797202797202797,0.0216367226094007,MLP,0.0216560045517981,0.08903739538079,0.09510000000000002,0.9991096260461491,0.6694065428242644,0.6193095161066691,False,False
0.0042167972877901,0.2707292707292707,2.362971067428589,471,0.2,0.114,0.3126873126873127,0.0214851554483175,MLP,0.0215761376470327,0.42167972877901005,0.08600000000000001,0.9957832027120149,0.6694065428242644,0.6193095161066691,False,False
0.0032661285478221,0.3006993006993007,2.3762998580932617,472,0.2,0.1098,0.2977022977022977,0.0214936137199401,MLP,0.0215640446618199,0.32661285478220997,0.09020000000000002,0.996733871452024,0.6694065428242644,0.6193095161066691,False,False
0.0035168534764358,0.3026973026973027,2.3702657222747803,473,0.0,0.1103,1.0,0.0214817468076944,MLP,0.0215575615931302,0.35168534764358,-0.1103,0.9964831465234009,0.6694065428242644,1.0,False,False
-0.0001640288711153,0.5014985014985015,2.383668899536133,474,0.1,0.1104,0.6943056943056943,0.0216324441134929,MLP,0.021628896350041,-0.01640288711153,-0.010399999999999993,1.0001640288711213,0.6694065428242644,0.8267001815388911,False,False
0.0014976358530253,0.4245754245754246,2.3795166015625,475,0.1,0.1121,0.7162837162837162,0.0215942319482564,MLP,0.0216266207508742,0.14976358530252998,-0.0121,0.9985023641469049,0.6694065428242644,0.8267001815388911,False,False
0.0078833907132796,0.1178821178821178,2.3683435916900635,476,0.1,0.1148,0.7462537462537463,0.0212406869977712,MLP,0.0214094661846756,0.7883390713279601,-0.014799999999999994,0.9921166092863536,0.6694065428242644,0.8309463555716233,False,False
0.009658507102008,0.0659340659340659,2.359222173690796,477,0.1,0.1092,0.7012987012987013,0.021281536668539,MLP,0.0214890891890972,0.9658507102007999,-0.0092,0.9903414928975443,0.6694065428242644,0.8267001815388911,False,False
0.0039194634726305,0.2837162837162837,2.365516662597656,478,0.1,0.1063,0.7042957042957043,0.0214752089232206,MLP,0.0215597114246338,0.39194634726304994,-0.0063,0.996080536527189,0.6694065428242644,0.8267001815388911,False,False
0.0114575260993891,0.0479520479520479,2.3639779090881348,479,0.1,0.1132,0.7262737262737263,0.0214745830744504,MLP,0.0217234804183244,1.14575260993891,-0.01319999999999999,0.9885424739000824,0.6694065428242644,0.8267001815388911,False,False
0.0037595326771034,0.3106893106893107,2.369102954864502,480,0.1,0.1165,0.7062937062937062,0.0214883312582969,MLP,0.02156942220591,0.37595326771034,-0.0165,0.9962404673227232,0.6694065428242644,0.8267001815388911,False,False
0.0010879566454157,0.4405594405594406,2.379783868789673,481,0.2,0.1128,0.3166833166833167,0.0216427203267812,MLP,0.0216662923134863,0.10879566454157,0.08720000000000001,0.9989120433545324,0.6694065428242644,0.6193095161066691,False,False
0.0025000776746757,0.3646353646353646,2.3755033016204834,482,0.1,0.1118,0.7082917082917083,0.0214291159063577,MLP,0.0214828246366232,0.25000776746757003,-0.011799999999999991,0.9974999223252077,0.6694065428242644,0.8267001815388911,False,False
0.0049812898009693,0.2147852147852147,2.356024980545044,483,0.1,0.1118,0.7152847152847153,0.0214495509862899,MLP,0.0215569323133677,0.49812898009693,-0.011799999999999991,0.9950187101987972,0.6694065428242644,0.8267001815388911,False,False
-0.003730482476828,0.7062937062937062,2.3839354515075684,484,0.2,0.1117,0.3206793206793207,0.0216060876846313,MLP,0.0215257861167192,-0.3730482476828,0.08830000000000002,1.0037304824770015,0.7449751060298727,0.6193095161066691,False,False
0.0019369113113973,0.3876123876123876,2.3719632625579834,485,0.1,0.1072,0.7022977022977023,0.0214657690376043,MLP,0.0215074270162731,0.19369113113973,-0.007199999999999998,0.998063088688513,0.6694065428242644,0.8267001815388911,False,False
0.0019444385424236,0.3806193806193806,2.3717596530914307,486,0.0,0.1129,1.0,0.0216133501380682,MLP,0.0216554578449577,0.19444385424236,-0.1129,0.998055561457487,0.6694065428242644,1.0,False,False
-0.0014608963416533,0.5954045954045954,2.3714752197265625,487,0.3,0.1115,0.0749250749250749,0.0216223243623971,MLP,0.0215907824672758,-0.14608963416533,0.1885,1.0014608963417193,0.6973206973206973,0.5030758714969241,False,False
0.0068215361988654,0.1568431568431568,2.37436842918396,488,0.4,0.1037,0.0099900099900099,0.0214801914989948,MLP,0.0216277258135378,0.68215361988654,0.2963,0.9931784638008194,0.6694065428242644,0.5030758714969241,False,False
0.0065086632961943,0.1708291708291708,2.355724811553955,489,0.3,0.1072,0.0659340659340659,0.0212000198662281,MLP,0.0213389076311141,0.6508663296194299,0.19279999999999997,0.9934913367035018,0.6694065428242644,0.5030758714969241,False,False
-0.0006727370171214,0.5384615384615384,2.381748914718628,490,0.2,0.1138,0.3176823176823177,0.021620700135827,MLP,0.021606164868921,-0.06727370171213999,0.08620000000000001,1.0006727370171515,0.681265206812652,0.6193095161066691,False,False
0.0014411116956985,0.4135864135864135,2.38081431388855,491,0.2,0.1135,0.3116883116883117,0.0215475782752037,MLP,0.0215786755569279,0.14411116956985,0.08650000000000001,0.9985588883042353,0.6694065428242644,0.6193095161066691,False,False
0.0043141111282817,0.2567432567432567,2.3690807819366455,492,0.2,0.1023,0.2727272727272727,0.0214493088424205,MLP,0.0215422444790601,0.43141111282817,0.09770000000000001,0.9956858888715178,0.6694065428242644,0.6193095161066691,False,False
0.0043567252698234,0.2627372627372627,2.3685104846954346,493,0.1,0.1128,0.7072927072927073,0.0214755274355411,MLP,0.0215694998204708,0.43567252698234005,-0.012799999999999992,0.9956432747299724,0.6694065428242644,0.8267001815388911,False,False
0.0016816398329013,0.3946053946053946,2.3768630027770996,494,0.2,0.1084,0.3146853146853147,0.0215236134827137,MLP,0.0215598694179207,0.16816398329013,0.09160000000000001,0.998318360167021,0.6694065428242644,0.6193095161066691,False,False
0.001689818628109,0.3986013986013986,2.373471260070801,495,0.2,0.1149,0.3266733266733266,0.0215833541005849,MLP,0.0216198877897113,0.1689818628109,0.08510000000000001,0.9983101813718115,0.6694065428242644,0.6193095161066691,False,False
0.0020513823605387,0.3846153846153846,2.366727113723755,496,0.1,0.1119,0.7142857142857143,0.0214480049908161,MLP,0.0214920934922993,0.20513823605387,-0.011899999999999994,0.9979486176393659,0.6694065428242644,0.8267001815388911,False,False
-0.0012050259379895,0.5674325674325674,2.384878396987915,497,0.1,0.1124,0.7162837162837162,0.0216480772942304,MLP,0.0216220221966505,-0.12050259379895001,-0.012399999999999994,1.0012050259380427,0.6874056176381758,0.8267001815388911,False,False
-0.0023011671181316,0.6233766233766234,2.3894758224487305,498,0.2,0.11,0.2967032967032967,0.0217484179884195,MLP,0.0216984861455857,-0.23011671181315999,0.09000000000000001,1.0023011671182398,0.7108680792891319,0.6193095161066691,False,False
-0.0001930185351365,0.5244755244755245,2.384244918823242,499,0.1,0.1101,0.7242757242757243,0.0215346906334161,MLP,0.0215305348411202,-0.01930185351365,-0.010099999999999998,1.000193018535144,0.676473403746131,0.8267001815388911,False,False
0.0047045302352321,0.2437562437562437,2.372035503387451,500,0.0,0.1096,1.0,0.0216118339449167,MLP,0.021713988058269,0.47045302352320995,-0.1096,0.9952954697645512,0.6694065428242644,1.0,False,False
0.006543581646557,0.1738261738261738,2.362786054611206,501,0.2,0.1102,0.3046953046953047,0.0214138738811016,MLP,0.0215549202617257,0.6543581646557001,0.0898,0.9934564183531429,0.6694065428242644,0.6193095161066691,False,False
-0.0022646838300588,0.6323676323676324,2.3886752128601074,502,0.2,0.1119,0.3176823176823177,0.0216227732598781,MLP,0.021573915163055,-0.22646838300588,0.08810000000000001,1.002264683830164,0.7148503670242801,0.6193095161066691,False,False
-0.002300853499065,0.6223776223776224,2.370393991470337,503,0.2,0.1153,0.3336663336663337,0.0215682424604892,MLP,0.0215187310129404,-0.2300853499065,0.08470000000000001,1.0023008534991689,0.7108680792891319,0.6193095161066691,False,False
0.0100381201420035,0.0849150849150849,2.3658194541931152,504,0.1,0.1106,0.7052947052947053,0.0213486198335886,MLP,0.0215650928262621,1.00381201420035,-0.010599999999999998,0.9899618798575317,0.6694065428242644,0.8267001815388911,False,False
0.0004640682577766,0.4635364635364635,2.3766274452209473,505,0.1,0.113,0.7092907092907093,0.0216175112873315,MLP,0.0216275479458272,0.046406825777660005,-0.012999999999999998,0.9995359317422002,0.6694065428242644,0.8267001815388911,False,False
0.006921840659045,0.1628371628371628,2.3704633712768555,506,0.0,0.1112,1.0,0.02147027105093,MLP,0.0216199206970632,0.6921840659045,-0.1112,0.993078159340634,0.6694065428242644,1.0,False,False
0.0032899581695493,0.3106893106893107,2.3626596927642822,507,0.2,0.111,0.3046953046953047,0.0214953552931547,MLP,0.0215663075428456,0.32899581695492996,0.08900000000000001,0.9967100418302974,0.6694065428242644,0.6193095161066691,False,False
0.0037135157204841,0.2837162837162837,2.366751194000244,508,0.3,0.1147,0.0929070929070929,0.021534388884902,MLP,0.0216146552469581,0.37135157204841,0.1853,0.9962864842793459,0.6694065428242644,0.5032467532467532,False,False
0.008030498628123,0.1318681318681318,2.368994951248169,509,0.2,0.112,0.2977022977022977,0.0214961562305688,MLP,0.0216701785698533,0.8030498628123001,0.08800000000000001,0.9919695013715025,0.6694065428242644,0.6193095161066691,False,False
0.0096904969159592,0.0839160839160839,2.3593955039978027,510,0.3,0.1116,0.0709290709290709,0.0212109591811895,MLP,0.0214185152370482,0.96904969159592,0.18839999999999998,0.9903095030835898,0.6694065428242644,0.5030758714969241,False,False
0.003487915048068,0.3116883116883117,2.3644511699676514,511,0.2,0.108,0.3006993006993007,0.0214117057621479,MLP,0.0214866493698209,0.3487915048068,0.09200000000000001,0.9965120849517719,0.6694065428242644,0.6193095161066691,False,False
0.0043629606150471,0.2527472527472527,2.3576972484588623,512,0.2,0.1156,0.3256743256743257,0.0214158184826374,MLP,0.0215096643008291,0.43629606150471,0.08440000000000002,0.995637039384753,0.6694065428242644,0.6193095161066691,False,False
-0.0026405919959924,0.6433566433566433,2.3906571865081787,513,0.1,0.108,0.7132867132867133,0.0217447113245725,MLP,0.0216874436344951,-0.26405919959924,-0.007999999999999993,1.002640591996113,0.7210031347962381,0.8267001815388911,False,False
-0.0048721053612104,0.7692307692307693,2.3720901012420654,514,0.2,0.1116,0.3166833166833167,0.0215185564011335,MLP,0.0214142240453511,-0.48721053612104,0.0884,1.0048721053614385,0.7874015748031497,0.6193095161066691,False,False
0.0080163126215749,0.1238761238761238,2.366222381591797,515,0.1,0.1152,0.7162837162837162,0.0212878249585628,MLP,0.021459853855893,0.80163126215749,-0.015199999999999991,0.9919836873780499,0.6694065428242644,0.8267001815388911,False,False
0.0032158497970651,0.3126873126873127,2.369758367538452,516,0.0,0.1185,1.0,0.0214276500046253,MLP,0.0214967804215848,0.32158497970651,-0.1185,0.9967841502027864,0.6694065428242644,1.0,False,False
0.0027851056077901,0.3466533466533466,2.367342472076416,517,0.1,0.111,0.7162837162837162,0.0213932953774929,MLP,0.0214530443716794,0.27851056077901,-0.010999999999999996,0.997214894392081,0.6694065428242644,0.8267001815388911,False,False
-0.0046653177283475,0.7522477522477522,2.382467031478882,518,0.3,0.1095,0.0679320679320679,0.0215694140642881,MLP,0.0214692531768232,-0.46653177283475,0.1905,1.0046653177285658,0.7756204191847756,0.5030758714969241,False,False
-0.0009167936373521,0.5554445554445554,2.381579637527466,519,0.2,0.1142,0.3326673326673326,0.0216655731201171,MLP,0.0216457284539937,-0.09167936373521,0.08580000000000002,1.000916793637395,0.6844919786096257,0.6193095161066691,False,False
0.0482670499921333,0.0009990009990009,2.2930004596710205,0,0.1,0.1121,0.7262737262737263,0.020322848111391,GIN,0.0213535195048898,4.82670499921333,-0.0121,0.9517329500056052,0.003373250126496545,1.0,True,False
0.0111112643431107,0.0599400599400599,2.365877151489258,1,0.4,0.1098,0.0099900099900099,0.0210066884756088,GIN,0.0212427219748497,1.11112643431107,0.2902,0.988888735656365,0.15821741710066572,0.13468013468013385,False,False
0.0507500451185788,0.0009990009990009,2.301934719085694,2,0.1,0.1099,0.7212787212787213,0.0201853513717651,GIN,0.0212645270805805,5.07500451185788,-0.009899999999999992,0.949249954879037,0.003373250126496545,1.0,True,False
-0.0393809373434502,1.0,2.4209625720977783,3,0.0,0.1138,1.0,0.021944211795926,GIN,0.0211127710808068,-3.9380937343450197,-0.1138,1.0393809373453136,1.0,1.0,False,False
-0.0335686779029424,1.0,2.401369571685791,4,0.0,0.1111,1.0,0.0219534263014793,GIN,0.0212404136955738,-3.35686779029424,-0.1111,1.0335686779045214,1.0,1.0,False,False
0.0459171085804902,0.0009990009990009,2.296429395675659,5,0.1,0.1135,0.7292707292707292,0.0201201979070901,GIN,0.0210885218549519,4.59171085804902,-0.013499999999999998,0.9540828914173317,0.003373250126496545,1.0,True,False
0.0513189169428098,0.0009990009990009,2.276235580444336,6,0.2,0.1112,0.3016983016983017,0.0202248468995094,GIN,0.0213189102858304,5.13189169428098,0.08880000000000002,0.9486810830547858,0.003373250126496545,1.0,True,False
0.0425394914791271,0.0009990009990009,2.293477773666382,7,0.2,0.1109,0.3116883116883117,0.0204176269471645,GIN,0.0213247718997299,4.25394914791271,0.08910000000000001,0.9574605085188794,0.003373250126496545,1.0,True,False
-0.0211572975000841,1.0,2.4251441955566406,8,0.0,0.1071,1.0,0.0218868646770715,GIN,0.0214333920255303,-2.11572975000841,-0.1071,1.0211572975010696,1.0,1.0,False,False
-0.0258200882478212,1.0,2.4018845558166504,9,0.0,0.1094,1.0,0.0218833200633525,GIN,0.0213325127027928,-2.58200882478212,-0.1094,1.0258200882490318,1.0,1.0,False,False
-0.0356361031219574,1.0,2.4460723400115967,10,0.0,0.1108,1.0,0.0220292806625366,GIN,0.0212712559904903,-3.5636103121957396,-0.1108,1.0356361031236325,1.0,1.0,False,False
0.0507850080903459,0.0009990009990009,2.2806386947631836,11,0.6,0.1111,0.0009990009990009,0.0201454721391201,GIN,0.0212232974730432,5.07850080903459,0.4889,0.9492149919072612,0.003373250126496545,0.047225501770954,True,True
0.0514961627622815,0.0009990009990009,2.2678661346435547,12,0.6,0.1075,0.0009990009990009,0.020005814731121,GIN,0.0210919702649116,5.14961627622815,0.4925,0.9485038372352763,0.003373250126496545,0.047225501770954,True,True
-0.0370363152469235,1.0,2.434897184371948,13,0.0,0.1093,1.0,0.0220151916146278,GIN,0.0212289495468139,-3.70363152469235,-0.1093,1.0370363152486695,1.0,1.0,False,False
-0.042551408183756,1.0,2.4468860626220703,14,0.0,0.1124,1.0,0.0222841463983058,GIN,0.0213746259640902,-4.2551408183756,-0.1124,1.0425514081857437,1.0,1.0,False,False
-0.0265094896887789,1.0,2.426940441131592,15,0.0,0.1131,1.0,0.0216657482087612,GIN,0.0211062327492982,-2.65094896887789,-0.1131,1.026509489690035,1.0,1.0,False,False
-0.025114637324545,0.998001998001998,2.404668092727661,16,0.0,0.1147,1.0,0.0218536518514156,GIN,0.0213182516917586,-2.5114637324545,-0.1147,1.025114637325723,1.0,1.0,False,False
-0.040684304937813,1.0,2.434420585632324,17,0.0,0.1128,1.0,0.0222062282264232,GIN,0.0213381023630499,-4.0684304937813,-0.1128,1.040684304939721,1.0,1.0,False,False
-0.0378899165520347,1.0,2.424937009811402,18,0.0,0.1138,1.0,0.0219779592007398,GIN,0.0211756168454885,-3.78899165520347,-0.1138,1.0378899165538236,1.0,1.0,False,False
-0.039176622573837,1.0,2.430089235305786,19,0.0,0.1101,1.0,0.0220776256173849,GIN,0.0212453062720596,-3.9176622573837,-0.1101,1.0391766225756844,1.0,1.0,False,False
0.0391075984749159,0.0009990009990009,2.324526071548462,20,0.1,0.1109,0.7272727272727273,0.0205469094216823,GIN,0.0213831531908363,3.91075984749159,-0.010899999999999993,0.9608924015232528,0.003373250126496545,1.0,True,False
-0.0125669148057762,0.9590409590409592,2.3919103145599365,21,0.2,0.1094,0.2967032967032967,0.021601503714919,GIN,0.0213334085866808,-1.25669148057762,0.09060000000000001,1.0125669148063654,1.0,1.0,False,False
-0.0215588604189182,1.0,2.4270923137664795,22,0.0,0.1082,1.0,0.0216565523296594,GIN,0.0211995149459689,-2.15588604189182,-0.1082,1.0215588604199364,1.0,1.0,False,False
-0.0168108352046352,0.993006993006993,2.4137003421783447,23,0.0,0.108,1.0,0.0215913597494363,GIN,0.0212343918867409,-1.6810835204635202,-0.108,1.0168108352054241,1.0,1.0,False,False
0.0520959768432747,0.0009990009990009,2.268239974975586,24,0.4,0.1129,0.0189810189810189,0.0201063640415668,GIN,0.0212113922405987,5.20959768432747,0.2871,0.9479040231542712,0.003373250126496545,0.14954742227469436,True,False
-0.0254670865559162,1.0,2.4249746799468994,25,0.0,0.1149,1.0,0.0217546094208955,GIN,0.0212143419384956,-2.54670865559162,-0.1149,1.025467086557115,1.0,1.0,False,False
0.0206872751875467,0.0009990009990009,2.340799331665039,26,0.0,0.1143,1.0,0.0207582507282495,GIN,0.0211967538073658,2.06872751875467,-0.1143,0.9793127248114794,0.003373250126496545,1.0,True,False
0.0434854217781056,0.0009990009990009,2.300154685974121,27,0.3,0.1098,0.0799200799200799,0.0202357620000839,GIN,0.0211557277441024,4.348542177810559,0.19019999999999998,0.9565145782198412,0.003373250126496545,0.42120042120042117,True,False
0.0474664580508501,0.0009990009990009,2.294541835784912,28,0.4,0.1088,0.0129870129870129,0.0202748905867338,GIN,0.0212852248176932,4.74664580508501,0.2912,0.9525335419469206,0.003373250126496545,0.13468013468013385,True,False
-0.0263566824980922,1.0,2.4332809448242188,29,0.0,0.1057,1.0,0.0218290723860263,GIN,0.0212685051485896,-2.63566824980922,-0.1057,1.026356682499328,1.0,1.0,False,False
0.0199928298658515,0.0029970029970029,2.362722158432007,30,0.5,0.1152,0.0039960039960039,0.0209602415561676,GIN,0.0213878451045602,1.9992829865851498,0.38480000000000003,0.980007170133216,0.009445100354190957,0.06702974444909768,True,False
-0.033383815684534,1.0,2.4115779399871826,31,0.0,0.1088,1.0,0.021886209025979,GIN,0.0211791675984859,-3.3383815684534004,-0.1088,1.0333838156861108,1.0,1.0,False,False
0.0184299464539481,0.0059940059940059,2.354167222976685,32,0.3,0.1142,0.0879120879120879,0.0208944790065288,GIN,0.0212867934703826,1.84299464539481,0.1858,0.9815700535451877,0.017913121361396944,0.42120042120042117,True,False
-0.0018179884710047,0.5994005994005994,2.3832106590270996,33,0.2,0.1049,0.2867132867132867,0.021243080496788,GIN,0.0212045309040695,-0.18179884710047,0.09510000000000002,1.0018179884710914,1.0,1.0,False,False
0.0483352314746141,0.0009990009990009,2.281362533569336,34,0.3,0.1083,0.0689310689310689,0.0202581901103258,GIN,0.0212871073726564,4.83352314746141,0.19169999999999998,0.9516647685231175,0.003373250126496545,0.42120042120042117,True,False
-0.0258742056096276,1.0,2.4227731227874756,35,0.1,0.1126,0.7282717282717283,0.0216576643288135,GIN,0.021111423028633,-2.58742056096276,-0.0126,1.0258742056108507,1.0,1.0,False,False
-0.0070460777584462,0.8431568431568431,2.3970694541931152,36,0.0,0.1153,1.0,0.021599655970931,GIN,0.0214485279750078,-0.7046077758446201,-0.1153,1.0070460777587766,1.0,1.0,False,False
-0.0228143443856614,1.0,2.424495220184326,37,0.2,0.1155,0.3286713286713286,0.021595723927021,GIN,0.02111402137205,-2.28143443856614,0.0845,1.022814344386743,1.0,1.0,False,False
-0.0366547293755578,1.0,2.4421534538269043,38,0.0,0.1147,1.0,0.0222066473215818,GIN,0.0214214498735964,-3.6654729375557795,-0.1147,1.0366547293772685,1.0,1.0,False,False
-0.0155755958761332,0.989010989010989,2.4155113697052,39,0.1,0.116,0.7262737262737263,0.0215690154582262,GIN,0.0212382175642997,-1.55755958761332,-0.016,1.0155755958768664,1.0,1.0,False,False
-0.0341106558673801,1.0,2.435694932937622,40,0.0,0.1054,1.0,0.0219394769519567,GIN,0.0212157923597842,-3.41106558673801,-0.1054,1.0341106558689879,1.0,1.0,False,False
0.0272796551659592,0.0009990009990009,2.3301501274108887,41,0.2,0.1152,0.3286713286713286,0.020636985078454,GIN,0.0212157432381063,2.72796551659592,0.08480000000000001,0.9727203448327573,0.003373250126496545,1.0,True,False
0.0170449026103991,0.0059940059940059,2.346494674682617,42,0.5,0.1043,0.0019980019980019,0.0210316572338342,GIN,0.0213963560387492,1.70449026103991,0.3957,0.9829550973888019,0.017913121361396944,0.047225501770954,True,True
-0.0408703282085539,1.0,2.4405932426452637,43,0.0,0.1097,1.0,0.0220766104757785,GIN,0.0212097605988383,-4.08703282085539,-0.1097,1.0408703282104788,1.0,1.0,False,False
-0.0192067871365405,0.996003996003996,2.416144609451294,44,0.0,0.114,1.0,0.0215249415487051,GIN,0.0211193075049668,-1.92067871365405,-0.114,1.0192067871374524,1.0,1.0,False,False
0.0031877670140397,0.3426573426573426,2.3710529804229736,45,0.0,0.1108,1.0,0.0212453175336122,GIN,0.0213132592383772,0.31877670140397,-0.1108,0.9968122329858089,0.8591408591408592,1.0,False,False
0.0384868414673039,0.0009990009990009,2.304455518722534,46,0.2,0.1118,0.3056943056943056,0.020627187564969,GIN,0.0214528396017849,3.8486841467303896,0.08820000000000001,0.9615131585309011,0.003373250126496545,1.0,True,False
-0.0188184079398932,0.997002997002997,2.4284586906433105,47,0.0,0.1099,1.0,0.0217868834733963,GIN,0.0213844619449228,-1.88184079398932,-0.1099,1.0188184079407734,1.0,1.0,False,False
-0.0183092069784112,0.99000999000999,2.4206740856170654,48,0.0,0.1134,1.0,0.0216865018010139,GIN,0.0212965783402323,-1.83092069784112,-0.1134,1.0183092069792723,1.0,1.0,False,False
-0.027907356444736,1.0,2.424849033355713,49,0.0,0.1046,1.0,0.02193284034729,GIN,0.0213373707365244,-2.7907356444736,-0.1046,1.0279073564460453,1.0,1.0,False,False
0.017536531161986,0.0069930069930069,2.3491625785827637,50,0.3,0.1099,0.0669330669330669,0.0209381375461816,GIN,0.0213118738867342,1.7536531161985998,0.1901,0.9824634688371896,0.020779220779220505,0.42120042120042117,True,False
-0.022401063322919,0.997002997002997,2.4170188903808594,51,0.0,0.1099,1.0,0.0217351671308279,GIN,0.0212589441761374,-2.2401063322919,-0.1099,1.0224010633239748,1.0,1.0,False,False
-0.0217662116615806,0.999000999000999,2.4005918502807617,52,0.0,0.1121,1.0,0.0216098707169294,GIN,0.0211495256647467,-2.17662116615806,-0.1121,1.021766211662611,1.0,1.0,False,False
0.050867072468696,0.0009990009990009,2.289078950881958,53,0.0,0.1097,1.0,0.020101411268115,GIN,0.0211787102576345,5.0867072468696,-0.1097,0.949132927528901,0.003373250126496545,1.0,True,False
0.0399488389307701,0.0009990009990009,2.32177472114563,54,0.2,0.1069,0.3026973026973027,0.0204108506441116,GIN,0.0212601697407662,3.99488389307701,0.09310000000000002,0.9600511610673531,0.003373250126496545,1.0,True,False
-0.0341053538354724,1.0,2.4325125217437744,55,0.0,0.1087,1.0,0.0219396520406007,GIN,0.0212160704508423,-3.4105353835472396,-0.1087,1.0341053538370804,1.0,1.0,False,False
0.0166151060046376,0.0129870129870129,2.354731321334839,56,0.1,0.1093,0.6923076923076923,0.0207978598773479,GIN,0.0211492570247501,1.66151060046376,-0.009299999999999989,0.9833848939945752,0.03751803751803726,1.0,True,False
0.0385885024528315,0.0009990009990009,2.311868906021118,57,0.7,0.108,0.0009990009990009,0.0205142367631196,GIN,0.0213376237079501,3.8588502452831497,0.592,0.961411497545356,0.003373250126496545,0.047225501770954,True,True
-0.0234567288226899,1.0,2.4291436672210693,58,0.1,0.1114,0.7062937062937062,0.0218370091170072,GIN,0.0213365240581333,-2.34567288226899,-0.011399999999999993,1.02345672882379,1.0,1.0,False,False
0.0045771600081148,0.2607392607392607,2.372765064239502,59,0.1,0.1137,0.7312687312687313,0.0212185680866241,GIN,0.0213161354493349,0.45771600081148,-0.01369999999999999,0.995422839991672,0.6646294881588998,1.0,False,False
0.0326269101836814,0.0009990009990009,2.3251636028289795,60,0.0,0.1126,1.0,0.020601350814104,GIN,0.0212961793448776,3.2626910183681397,-0.1126,0.9673730898147828,0.003373250126496545,1.0,True,False
-0.0371350002557957,1.0,2.421274900436402,61,0.0,0.1139,1.0,0.0220822189003229,GIN,0.0212915569283068,-3.71350002557957,-0.1139,1.0371350002575401,1.0,1.0,False,False
-0.0205975320067187,0.998001998001998,2.4259274005889893,62,0.0,0.1108,1.0,0.0218259207904338,GIN,0.0213854336366057,-2.05975320067187,-0.1108,1.0205975320076799,1.0,1.0,False,False
0.0002289786248994,0.4905094905094905,2.38466215133667,63,0.3,0.1067999999999999,0.0759240759240759,0.0211824942380189,GIN,0.0211873456872999,0.02289786248994,0.1932000000000001,0.9997710213750886,1.0,0.42120042120042117,False,False
0.0339425215259137,0.0009990009990009,2.307389497756958,64,0.0,0.1097,1.0,0.0204040296375751,GIN,0.0211209271624684,3.3942521525913696,-0.1097,0.9660574784724784,0.003373250126496545,1.0,True,False
0.045755138643849,0.0009990009990009,2.2969048023223877,65,0.6,0.1065,0.0009990009990009,0.0203996673226356,GIN,0.0213778120782226,4.5755138643849005,0.4935,0.9542448613540097,0.003373250126496545,0.047225501770954,True,True
-0.0256891037746116,1.0,2.4374818801879883,66,0.0,0.1102,1.0,0.0218765810132026,GIN,0.0213286666814237,-2.56891037746116,-0.1102,1.025689103775817,1.0,1.0,False,False
0.0291505040113387,0.0009990009990009,2.3101842403411865,67,0.2,0.1123,0.3156843156843157,0.0206741392612457,GIN,0.0212948962189257,2.91505040113387,0.08770000000000001,0.9708494959872916,0.003373250126496545,1.0,True,False
-0.0137653656951365,0.971028971028971,2.4143991470336914,68,0.0,0.1095,1.0,0.0215887818485498,GIN,0.0212956395819783,-1.37653656951365,-0.1095,1.013765365695782,1.0,1.0,False,False
0.0116376207822903,0.0599400599400599,2.3569204807281494,69,0.3,0.115,0.0899100899100899,0.0208453387022018,GIN,0.0210907852631062,1.1637620782290299,0.185,0.9883623792171572,0.15821741710066572,0.42120042120042117,False,False
0.0336466103393841,0.0009990009990009,2.316274404525757,70,0.3,0.1082,0.0779220779220779,0.0205645989626646,GIN,0.0212806196808815,3.3646610339384098,0.19179999999999997,0.9663533896590345,0.003373250126496545,0.42120042120042117,True,False
-0.0281307935001559,1.0,2.4383482933044434,71,0.0,0.1144,1.0,0.0219164248555898,GIN,0.021316767277196,-2.81307935001559,-0.1144,1.028130793501475,1.0,1.0,False,False
0.0324081019275046,0.0009990009990009,2.317939519882202,72,0.5,0.1147,0.0019980019980019,0.0204651299864053,GIN,0.021150580143556,3.2408101927504602,0.3853,0.9675918980709597,0.003373250126496545,0.047225501770954,True,True
-0.0095402065711836,0.9170829170829172,2.4091310501098633,73,0.0,0.1141,1.0,0.0213324502110481,GIN,0.0211308574657887,-0.9540206571183599,-0.1141,1.009540206571635,1.0,1.0,False,False
-0.0303434989121498,1.0,2.4387028217315674,74,0.0,0.1076,1.0,0.0219108257442712,GIN,0.0212655544169247,-3.03434989121498,-0.1076,1.0303434989135738,1.0,1.0,False,False
0.0152413498936789,0.0209790209790209,2.3434834480285645,75,0.0,0.1119,1.0,0.0209264233708381,GIN,0.0212503067310899,1.52413498936789,-0.1119,0.984758650105603,0.05896805896805874,1.0,False,False
0.0257587308824695,0.0019980019980019,2.3254318237304688,76,0.2,0.1092,0.3006993006993007,0.0208240002393722,GIN,0.0213745823539793,2.5758730882469503,0.0908,0.9742412691163251,0.006493506493506175,1.0,True,False
-0.0085300454777856,0.8791208791208791,2.401172399520874,77,0.0,0.113,1.0,0.0213526375591754,GIN,0.0211720391027629,-0.8530045477785599,-0.113,1.008530045478186,1.0,1.0,False,False
-0.0268348222113365,1.0,2.4209132194519043,78,0.0,0.1086,1.0,0.0219814982265234,GIN,0.0214070440065115,-2.68348222113365,-0.1086,1.0268348222125934,1.0,1.0,False,False
-0.0244211386209229,0.999000999000999,2.423360586166382,79,0.0,0.1101,1.0,0.0217244569212198,GIN,0.0212065683752298,-2.44211386209229,-0.1101,1.0244211386220752,1.0,1.0,False,False
0.0365826428299361,0.0009990009990009,2.3146069049835205,80,0.2,0.1064,0.2977022977022977,0.0203593857586383,GIN,0.0211324672605842,3.65826428299361,0.09360000000000002,0.9634173571683305,0.003373250126496545,1.0,True,False
-0.0400868123777623,1.0,2.435023784637451,81,0.0,0.1104,1.0,0.0222087167203426,GIN,0.0213527529202401,-4.00868123777623,-0.1104,1.0400868123796414,1.0,1.0,False,False
0.0258936918732527,0.0009990009990009,2.343808650970459,82,0.4,0.1139,0.0129870129870129,0.0207939688116312,GIN,0.021346714047715,2.58936918732527,0.2861,0.974106308125537,0.003373250126496545,0.13468013468013385,True,False
-0.0024774845113465,0.6233766233766234,2.3965461254119873,83,0.2,0.1054,0.2877122877122877,0.021340200677514,GIN,0.0212874613218009,-0.24774845113465002,0.09460000000000002,1.0024774845114617,1.0,1.0,False,False
-0.0400977745248744,1.0,2.4336471557617188,84,0.0,0.1057,1.0,0.0220790915191173,GIN,0.0212278999723494,-4.009777452487439,-0.1057,1.0400977745267608,1.0,1.0,False,False
-0.0188511873398513,0.993006993006993,2.41511869430542,85,0.0,0.1134,1.0,0.0217411573976278,GIN,0.0213388939108699,-1.8851187339851299,-0.1134,1.018851187340736,1.0,1.0,False,False
0.0449751657017648,0.0009990009990009,2.288473606109619,86,0.1,0.112,0.7192807192807192,0.0200844090431928,GIN,0.0210302479285746,4.497516570176479,-0.011999999999999997,0.9550248342960973,0.003373250126496545,1.0,True,False
-0.018241963185843,1.0,2.404097080230713,87,0.1,0.1062,0.6963036963036963,0.0217995401471853,GIN,0.0214089979939162,-1.8241963185843,-0.006199999999999997,1.0182419631866977,1.0,1.0,False,False
0.0150134370322542,0.0189810189810189,2.345867395401001,88,0.0,0.114,1.0,0.0209071468561887,GIN,0.0212258193586021,1.50134370322542,-0.114,0.984986562967038,0.054231482802911145,1.0,False,False
-0.0263484176756376,1.0,2.3989834785461426,89,0.1,0.1102,0.7112887112887113,0.0219184700399637,GIN,0.0213557790536433,-2.63484176756376,-0.0102,1.0263484176768727,1.0,1.0,False,False
-0.0258104153141963,1.0,2.4292964935302734,90,0.0,0.114,1.0,0.0217490568757057,GIN,0.021201828867197,-2.58104153141963,-0.114,1.0258104153154146,1.0,1.0,False,False
-0.0056027948158364,0.7722277722277723,2.4003496170043945,91,0.4,0.1151,0.0239760239760239,0.0214565731585025,GIN,0.0213370261788368,-0.5602794815836399,0.28490000000000004,1.0056027948160964,1.0,0.18068887634104966,False,False
-0.0178765548885249,0.993006993006993,2.4291839599609375,92,0.0,0.1098,1.0,0.0217518769204616,GIN,0.0213698574900627,-1.7876554888524898,-0.1098,1.0178765548893596,1.0,1.0,False,False
0.0506341724004284,0.0009990009990009,2.282794237136841,93,0.4,0.1072,0.0119880119880119,0.0202461201697587,GIN,0.0213259415719658,5.06341724004284,0.2928,0.9493658275971932,0.003373250126496545,0.13468013468013385,True,False
-0.0200418908295048,0.997002997002997,2.42452073097229,94,0.0,0.1124,1.0,0.0216774772852659,GIN,0.0212515559215098,-2.00418908295048,-0.1124,1.0200418908304498,1.0,1.0,False,False
-0.0132125069939141,0.977022977022977,2.368377923965454,95,0.0,0.1128,1.0,0.0215841345489025,GIN,0.0213026728350669,-1.32125069939141,-0.1128,1.0132125069945346,1.0,1.0,False,False
-0.0263565188185958,1.0,2.43015193939209,96,0.0,0.1106,1.0,0.0218406040221452,GIN,0.0212797440476715,-2.63565188185958,-0.1106,1.0263565188198338,1.0,1.0,False,False
0.0431416189436683,0.0009990009990009,2.2939493656158447,97,0.3,0.1073,0.0649350649350649,0.020351655781269,GIN,0.0212692454643547,4.31416189436683,0.19269999999999998,0.9568583810543023,0.003373250126496545,0.42120042120042117,True,False
0.0347798454004574,0.0009990009990009,2.3150954246520996,98,0.3,0.11,0.0669330669330669,0.0204443149268627,GIN,0.0211809863578528,3.47798454004574,0.19,0.9652201545979004,0.003373250126496545,0.42120042120042117,True,False
0.0391366822713226,0.0009990009990009,2.30054235458374,99,0.3,0.1067,0.0709290709290709,0.020358508452773,GIN,0.0211877257432788,3.91366822713226,0.19329999999999997,0.9608633177268284,0.003373250126496545,0.42120042120042117,True,False
0.0491477019322695,0.0009990009990009,2.2787821292877197,100,0.5,0.1130999999999999,0.0019980019980019,0.020260039716959,GIN,0.0213072416801005,4.91477019322695,0.38690000000000013,0.9508522980654265,0.003373250126496545,0.047225501770954,True,True
0.0357594377378416,0.0009990009990009,2.3166770935058594,101,0.3,0.107,0.0849150849150849,0.0205988008528947,GIN,0.0213627196978777,3.57594377378416,0.193,0.9642405622604836,0.003373250126496545,0.42120042120042117,True,False
-0.0326011831449965,1.0,2.4390950202941895,102,0.0,0.1120999999999999,1.0,0.0219684317708015,GIN,0.0212748466003686,-3.26011831449965,-0.1120999999999999,1.0326011831465278,1.0,1.0,False,False
0.0295506368021048,0.0009990009990009,2.314488410949707,103,0.3,0.1088,0.0799200799200799,0.0205904822796583,GIN,0.0212174720913171,2.95506368021048,0.19119999999999998,0.9704493631965051,0.003373250126496545,0.42120042120042117,True,False
-0.04513352151877,1.0,2.4591095447540283,104,0.0,0.1176,1.0,0.0225407388061285,GIN,0.0215673292856663,-4.513352151877,-0.1176,1.0451335215208648,1.0,1.0,False,False
-0.0260146352749673,1.0,2.4346861839294434,105,0.0,0.105,1.0,0.0221500284969806,GIN,0.021588413786143,-2.60146352749673,-0.105,1.0260146352761723,1.0,1.0,False,False
-0.0173886490680125,0.994005994005994,2.4195048809051514,106,0.0,0.1115,1.0,0.0219136625528335,GIN,0.0215391262453049,-1.73886490680125,-0.1115,1.0173886490688193,1.0,1.0,False,False
0.0540251806738968,0.0009990009990009,2.287961959838867,107,0.2,0.116,0.3316683316683316,0.0205590240657329,GIN,0.0217331620734184,5.40251806738968,0.084,0.945974819323619,0.003373250126496545,1.0,True,False
0.0314890432792702,0.0009990009990009,2.3297030925750732,108,0.0,0.1153,1.0,0.0208082590252161,GIN,0.0214847946539521,3.1489043279270197,-0.1153,0.9685109567192651,0.003373250126496545,1.0,True,False
-0.0193988313173383,0.999000999000999,2.4341928958892822,109,0.0,0.11,1.0,0.0218693073838949,GIN,0.0214531415104866,-1.93988313173383,-0.11,1.0193988313182418,1.0,1.0,False,False
-0.032866206812018,1.0,2.430208683013916,110,0.0,0.1142,1.0,0.0221768114715814,GIN,0.0214711366537958,-3.2866206812018004,-0.1142,1.032866206813548,1.0,1.0,False,False
0.0213408757947765,0.0009990009990009,2.3566184043884277,111,0.0,0.113,1.0,0.0212784390896558,GIN,0.0217424418404698,2.13408757947765,-0.113,0.9786591242042401,0.003373250126496545,1.0,True,False
0.0445193905130763,0.0009990009990009,2.2941954135894775,112,0.5,0.1130999999999999,0.0019980019980019,0.0206965990364551,GIN,0.0216609304584562,4.4519390513076305,0.38690000000000013,0.9554806094848693,0.003373250126496545,0.047225501770954,True,True
-0.0063883671861536,0.8101898101898102,2.403066635131836,113,0.3,0.1149,0.0819180819180819,0.0217935498803854,GIN,0.0216552084572613,-0.6388367186153601,0.1851,1.0063883671864498,1.0,0.42120042120042117,False,False
-0.0350608891177497,1.0,2.4504406452178955,114,0.0,0.1135,1.0,0.0223812833428382,GIN,0.0216231562588363,-3.50608891177497,-0.1135,1.0350608891193713,1.0,1.0,False,False
0.0068643346368751,0.1568431568431568,2.3691630363464355,115,0.0,0.1091,1.0,0.0214280653744936,GIN,0.0215761714354157,0.68643346368751,-0.1091,0.9931356653628086,0.4037546611804037,1.0,False,False
-0.0188986132913312,0.997002997002997,2.4281671047210693,116,0.0,0.1065,1.0,0.0219234079122543,GIN,0.0215167707819491,-1.88986132913312,-0.1065,1.0188986132922109,1.0,1.0,False,False
-0.0367317144753587,1.0,2.4263391494750977,117,0.0,0.112,1.0,0.0223252661526203,GIN,0.0215342753008008,-3.67317144753587,-0.112,1.0367317144770638,1.0,1.0,False,False
-0.0018295926392044,0.6113886113886113,2.411980390548706,118,0.5,0.1073,0.0019980019980019,0.0216680746525526,GIN,0.0216285033021122,-0.18295926392044,0.3927,1.00182959263929,1.0,0.047225501770954,False,True
-0.0282522383370907,1.0,2.442103862762451,119,0.0,0.1135,1.0,0.0222363676875829,GIN,0.0216254016850143,-2.82522383370907,-0.1135,1.0282522383383972,1.0,1.0,False,False
0.032446323762143,0.0009990009990009,2.328564405441284,120,0.1,0.1119,0.7132867132867133,0.0208204556256532,GIN,0.0215186569355428,3.2446323762143,-0.011899999999999994,0.967553676236347,0.003373250126496545,1.0,True,False
-0.0381525544859057,1.0,2.44592547416687,121,0.0,0.1113,1.0,0.0222516097128391,GIN,0.0214338534511625,-3.81525544859057,-0.1113,1.0381525544876882,1.0,1.0,False,False
-0.0388630325868312,1.0,2.431699752807617,122,0.0,0.1051,1.0,0.0223369132727384,GIN,0.0215013072676956,-3.88630325868312,-0.1051,1.0388630325886394,1.0,1.0,False,False
0.0509797492641053,0.0009990009990009,2.283299207687378,123,0.3,0.1086,0.0769230769230769,0.0205661263316869,GIN,0.0216709035616368,5.097974926410529,0.1914,0.949020250733539,0.003373250126496545,0.42120042120042117,True,False
-0.0081199122630161,0.8811188811188811,2.4146807193756104,124,0.0,0.1067,1.0,0.021943125873804,GIN,0.0217663847394287,-0.81199122630161,-0.1067,1.0081199122633877,1.0,1.0,False,False
-0.0117607451823643,0.944055944055944,2.4256296157836914,125,0.1,0.1156,0.7352647352647352,0.0219689793884754,GIN,0.0217136111408472,-1.17607451823643,-0.015599999999999989,1.0117607451829054,1.0,1.0,False,False
0.0404167083462154,0.0009990009990009,2.306429862976074,126,0.3,0.1096,0.0819180819180819,0.0207893270999193,GIN,0.0216649531945586,4.04167083462154,0.19039999999999999,0.959583291651919,0.003373250126496545,0.42120042120042117,True,False
-0.0357777729805758,1.0,2.4265854358673096,127,0.0,0.1125,1.0,0.0221442747861146,GIN,0.021379368590191,-3.57777729805758,-0.1125,1.0357777729822453,1.0,1.0,False,False
-0.0291625952859981,1.0,2.441422462463379,128,0.0,0.1166,1.0,0.0222126189619302,GIN,0.0215831969249993,-2.91625952859981,-0.1166,1.0291625952873487,1.0,1.0,False,False
0.035740102708304,0.0009990009990009,2.31980562210083,129,0.0,0.1126,1.0,0.0207617804408073,GIN,0.0215313117336481,3.5740102708304002,-0.1126,0.9642598972900377,0.003373250126496545,1.0,True,False
-0.0245681763273323,1.0,2.4358179569244385,130,0.0,0.1141,1.0,0.022128727287054,GIN,0.0215981013253331,-2.4568176327332303,-0.1141,1.024568176328468,1.0,1.0,False,False
0.0410649627037127,0.0009990009990009,2.2991485595703125,131,0.2,0.1106,0.3046953046953047,0.0205393359065055,GIN,0.0214189023319631,4.10649627037127,0.08940000000000001,0.9589350372943699,0.003373250126496545,1.0,True,False
-0.0276704962972893,1.0,2.4370005130767822,132,0.0,0.1116,1.0,0.0221011955291032,GIN,0.0215061107706278,-2.76704962972893,-0.1116,1.027670496298575,1.0,1.0,False,False
-0.040824591570981,1.0,2.4431519508361816,133,0.0,0.105,1.0,0.0221875291317701,GIN,0.0213172606714069,-4.0824591570981,-0.105,1.0408245915728986,1.0,1.0,False,False
0.0414345026632872,0.0009990009990009,2.2896018028259277,134,0.0,0.1131,1.0,0.0207478199154138,GIN,0.0216446554493159,4.1434502663287205,-0.1131,0.9585654973347961,0.003373250126496545,1.0,True,False
-0.0086098835624972,0.8971028971028971,2.4074084758758545,135,0.0,0.1081,1.0,0.0218970514833927,GIN,0.0217101297937333,-0.86098835624972,-0.1081,1.008609883562896,1.0,1.0,False,False
0.054412043142924,0.0009990009990009,2.2733914852142334,136,0.5,0.106,0.0019980019980019,0.0204102545976638,GIN,0.0215847235042601,5.4412043142924,0.394,0.9455879568545551,0.003373250126496545,0.047225501770954,True,True
0.0466017821164371,0.0009990009990009,2.289475440979004,137,0.6,0.1078,0.0009990009990009,0.0205408558249473,GIN,0.0215448859035968,4.66017821164371,0.49219999999999997,0.9533982178814007,0.003373250126496545,0.047225501770954,True,True
-0.0103195918896208,0.93006993006993,2.4095094203948975,138,0.0,0.11,1.0,0.0219292882829904,GIN,0.0217052984610199,-1.03195918896208,-0.11,1.010319591890098,1.0,1.0,False,False
0.0344301894350433,0.0009990009990009,2.310149669647217,139,0.1,0.1095,0.6893106893106893,0.0208245646208524,GIN,0.021567124813795,3.44301894350433,-0.009499999999999995,0.965569810563361,0.003373250126496545,1.0,True,False
0.033467352108066,0.0009990009990009,2.324337959289551,140,0.3,0.1156,0.0879120879120879,0.0208318140357732,GIN,0.0215531405806541,3.3467352108066,0.1844,0.9665326478903796,0.003373250126496545,0.42120042120042117,True,False
-0.0198550266404159,0.997002997002997,2.426130533218384,141,0.0,0.1114,1.0,0.0220287423580884,GIN,0.0215998762398958,-1.9855026640415898,-0.1114,1.0198550266413318,1.0,1.0,False,False
-0.0153978346003002,0.989010989010989,2.401939630508423,142,0.0,0.1088,1.0,0.0218351930379867,GIN,0.0215040768198668,-1.53978346003002,-0.1088,1.0153978346010182,1.0,1.0,False,False
-0.0251731684427048,1.0,2.4224767684936523,143,0.0,0.1098,1.0,0.0219565629959106,GIN,0.0214174187071621,-2.51731684427048,-0.1098,1.02517316844388,1.0,1.0,False,False
0.0430730256835208,0.0009990009990009,2.2964000701904297,144,0.4,0.1095,0.0169830169830169,0.0208150967955589,GIN,0.0217520222067832,4.30730256835208,0.29050000000000004,0.9569269743145018,0.003373250126496545,0.14243820695433532,True,False
-0.017891183226956,0.995004995004995,2.402536392211914,145,0.1,0.1085999999999999,0.7082917082917083,0.0217536147683858,GIN,0.0213712576813995,-1.7891183226956,-0.0085999999999999,1.017891183227793,1.0,1.0,False,False
-0.0037765569042158,0.6823176823176823,2.396198034286499,146,0.2,0.1094,0.3066933066933067,0.0216556452214717,GIN,0.0215741691440343,-0.37765569042158,0.09060000000000001,1.003776556904391,1.0,1.0,False,False
-0.030656931304664,1.0,2.4322454929351807,147,0.0,0.1104,1.0,0.0221627745777368,GIN,0.0215035419687628,-3.0656931304664,-0.1104,1.0306569313060907,1.0,1.0,False,False
-0.0129943664686095,0.973026973026973,2.4068310260772705,148,0.0,0.1107,1.0,0.0219296757131814,GIN,0.0216483688745647,-1.29943664686095,-0.1107,1.0129943664692085,1.0,1.0,False,False
0.050115294561664,0.0009990009990009,2.266054391860962,149,0.5,0.1101,0.0019980019980019,0.0205784868448972,GIN,0.0216641943249851,5.0115294561664,0.3899,0.9498847054360215,0.003373250126496545,0.047225501770954,True,True
-0.0375932846972771,1.0,2.4482805728912354,150,0.0,0.1127,1.0,0.0224105175584554,GIN,0.0215985568612813,-3.75932846972771,-0.1127,1.037593284699019,1.0,1.0,False,False
0.0445725445139484,0.0009990009990009,2.2817959785461426,151,0.5,0.1074,0.0019980019980019,0.0205846969038248,GIN,0.0215450129527598,4.4572544513948404,0.3926,0.9554274554839852,0.003373250126496545,0.047225501770954,True,True
-0.0158846987299057,0.989010989010989,2.414377212524414,152,0.0,0.1076,1.0,0.0218522660434246,GIN,0.0215105770081281,-1.5884698729905702,-0.1076,1.0158846987306471,1.0,1.0,False,False
-0.0210859819249485,0.999000999000999,2.426214694976806,153,0.0,0.1105,1.0,0.0220373962074518,GIN,0.0215823119673877,-2.10859819249485,-0.1105,1.021085981925929,1.0,1.0,False,False
-0.0074475748717032,0.8521478521478522,2.3889129161834717,154,0.0,0.1128,1.0,0.0218007359653711,GIN,0.0216395736206322,-0.74475748717032,-0.1128,1.0074475748720502,1.0,1.0,False,False
0.0305099883962448,0.0009990009990009,2.342421054840088,155,0.3,0.1128,0.0859140859140859,0.0209489408880472,GIN,0.0216082070339471,3.05099883962448,0.18719999999999998,0.9694900116023429,0.003373250126496545,0.42120042120042117,True,False
-0.0031942646125257,0.6833166833166833,2.3833508491516113,156,0.3,0.1094,0.0729270729270729,0.0214831866323947,GIN,0.0214147821515798,-0.31942646125257,0.1906,1.0031942646126732,1.0,0.42120042120042117,False,False
-0.039826318259139,1.0,2.443554162979126,157,0.0,0.1137,1.0,0.0223153885453939,GIN,0.0214606883414089,-3.9826318259139,-0.1137,1.0398263182609961,1.0,1.0,False,False
0.0005520216545416,0.4735264735264735,2.3983123302459717,158,0.0,0.1133,1.0,0.021694678813219,GIN,0.0217066613603383,0.055202165454160006,-0.1133,0.9994479783454312,1.0,1.0,False,False
-0.0365426053291545,1.0,2.4261651039123535,159,0.0,0.1146,1.0,0.0224072337150573,GIN,0.0216172819137573,-3.6542605329154503,-0.1146,1.0365426053308429,1.0,1.0,False,False
-0.0250336192790834,1.0,2.436532974243164,160,0.0,0.111,1.0,0.0221179947257041,GIN,0.0215778237022459,-2.50336192790834,-0.111,1.0250336192802416,1.0,1.0,False,False
0.040431502163284,0.0009990009990009,2.303574800491333,161,0.4,0.1097,0.0129870129870129,0.0206577945500612,GIN,0.0215282125212252,4.043150216328399,0.2903,0.9595684978348373,0.003373250126496545,0.13468013468013385,True,False
-0.02130139753647,0.999000999000999,2.432336807250977,162,0.0,0.1166,1.0,0.0220426246523857,GIN,0.0215828791633248,-2.130139753647,-0.1166,1.021301397537458,1.0,1.0,False,False
-0.0311353511262565,1.0,2.4341111183166504,163,0.0,0.1109,1.0,0.0222539212554693,GIN,0.0215819593723863,-3.11353511262565,-0.1109,1.0311353511277,1.0,1.0,False,False
-0.0248954919297455,1.0,2.4263601303100586,164,0.2,0.1143,0.3236763236763236,0.0220262501388788,GIN,0.021491215750575,-2.4895491929745504,0.08570000000000001,1.0248954919309061,1.0,1.0,False,False
-0.0392490246724053,1.0,2.437612771987915,165,0.0,0.115,1.0,0.0223683975636959,GIN,0.0215236166045069,-3.9249024672405297,-0.115,1.039249024674232,1.0,1.0,False,False
0.0285616210434711,0.0009990009990009,2.330294609069824,166,0.2,0.1064,0.2917082917082917,0.0209616459906101,GIN,0.0215779471397399,2.85616210434711,0.09360000000000002,0.9714383789552081,0.003373250126496545,1.0,True,False
0.0202821301455198,0.0049950049950049,2.3499209880828857,167,0.1,0.1095,0.7022977022977023,0.0211719833314418,GIN,0.0216102859638631,2.02821301455198,-0.009499999999999995,0.9797178698535395,0.01527883880825028,1.0,True,False
0.0186621591465696,0.0049950049950049,2.3415982723236084,168,0.1,0.1114,0.7022977022977023,0.0211785621941089,GIN,0.0215813161507248,1.8662159146569601,-0.011399999999999993,0.9813378408525667,0.01527883880825028,1.0,True,False
-0.0214717652523263,0.999000999000999,2.4305737018585205,169,0.0,0.1108,1.0,0.022012336179614,GIN,0.0215496276337653,-2.14717652523263,-0.1108,1.0214717652533216,1.0,1.0,False,False
-0.0312304884971079,1.0,2.4269795417785645,170,0.0,0.1105,1.0,0.0221843905746936,GIN,0.0215125433374196,-3.12304884971079,-0.1105,1.0312304884985573,1.0,1.0,False,False
0.0014970074080137,0.4365634365634365,2.3751747608184814,171,0.1,0.1078,0.6793206793206793,0.0214532557874918,GIN,0.0214854196198284,0.14970074080137,-0.007800000000000001,0.9985029925919195,1.0,1.0,False,False
-0.0263281022586301,1.0,2.430077075958252,172,0.0,0.114,1.0,0.0219103004783391,GIN,0.0213482417855411,-2.6328102258630097,-0.114,1.0263281022598627,1.0,1.0,False,False
0.0366646428390351,0.0009990009990009,2.320512056350708,173,0.1,0.1061,0.6983016983016983,0.020755335688591,GIN,0.0215452859010547,3.6664642839035104,-0.006099999999999994,0.9633353571592647,0.003373250126496545,1.0,True,False
-0.0269009037181765,1.0,2.441361427307129,174,0.0,0.107,1.0,0.0221236180514097,GIN,0.0215440632794052,-2.69009037181765,-0.107,1.026900903719426,1.0,1.0,False,False
0.0469983752618576,0.0009990009990009,2.2908082008361816,175,0.3,0.1117,0.0669330669330669,0.0205292515456676,GIN,0.0215416752845048,4.69983752618576,0.1883,0.9530016247359624,0.003373250126496545,0.42120042120042117,True,False
-0.023101365223089,1.0,2.4285783767700195,176,0.0,0.1056,1.0,0.0218761507421731,GIN,0.0213821928948164,-2.3101365223089,-0.1056,1.0231013652241652,1.0,1.0,False,False
-0.0418430825470601,1.0,2.447721481323242,177,0.0,0.106,1.0,0.0227144323289394,GIN,0.021802162637934,-4.184308254706011,-0.106,1.0418430825489817,1.0,1.0,False,False
-0.0176943940825999,0.996003996003996,2.416639804840088,178,0.2,0.1128,0.3196803196803197,0.0218302886933088,GIN,0.0214507310055196,-1.76943940825999,0.08720000000000001,1.0176943940834247,1.0,1.0,False,False
0.0435264841865753,0.0009990009990009,2.2928953170776367,179,0.3,0.1096,0.0739260739260739,0.0207424871623516,GIN,0.0216864208150655,4.35264841865753,0.19039999999999999,0.9564735158114174,0.003373250126496545,0.42120042120042117,True,False
0.0547908577097399,0.0009990009990009,2.278336763381958,180,0.2,0.11,0.3026973026973027,0.0205402467399835,GIN,0.0217309014704078,5.47908577097399,0.09000000000000001,0.9452091422877379,0.003373250126496545,1.0,True,False
0.0452331540722073,0.0009990009990009,2.3029885292053223,181,0.2,0.1116,0.3046953046953047,0.0206505116075277,GIN,0.0216288528405129,4.52331540722073,0.0884,0.9547668459257038,0.003373250126496545,1.0,True,False
-0.0351440311270545,1.0,2.43556547164917,182,0.0,0.1080999999999999,1.0,0.0222194567322731,GIN,0.0214650870449841,-3.51440311270545,-0.1080999999999999,1.0351440311286917,1.0,1.0,False,False
0.0494884338592721,0.0009990009990009,2.2855799198150635,183,0.4,0.1099,0.0109890109890109,0.0204117856919765,GIN,0.0214745263699442,4.94884338592721,0.2901,0.9505115661384217,0.003373250126496545,0.13468013468013385,True,False
0.0455787623521585,0.0009990009990009,2.2846179008483887,184,0.2,0.1158,0.3226773226773227,0.0203858483582735,GIN,0.0213593825809657,4.55787623521585,0.08420000000000001,0.9544212376457099,0.003373250126496545,1.0,True,False
-0.0381328029173879,1.0,2.445589303970337,185,0.0,0.1102,1.0,0.0225313603878021,GIN,0.0217037360966205,-3.8132802917387902,-0.1102,1.0381328029191466,1.0,1.0,False,False
-0.0398024433389381,1.0,2.4456229209899902,186,0.0,0.1112,1.0,0.0224105548113584,GIN,0.0215527045112103,-3.98024433389381,-0.1112,1.0398024433407838,1.0,1.0,False,False
-0.0182836087083067,0.995004995004995,2.421555757522583,187,0.0,0.1155,1.0,0.0220014620572328,GIN,0.0216064187511801,-1.8283608708306702,-0.1155,1.0182836087091538,1.0,1.0,False,False
0.0128389771104667,0.0369630369630369,2.3548386096954346,188,0.4,0.1144,0.0139860139860139,0.0211329478770494,GIN,0.0214078021589666,1.28389771104667,0.2856,0.9871610228889341,0.10223818734457013,0.13468013468013385,False,False
0.0309602534286786,0.0009990009990009,2.330125331878662,189,0.2,0.1154,0.3336663336663337,0.0208463370800018,GIN,0.0215123653635382,3.09602534286786,0.08460000000000001,0.9690397465698836,0.003373250126496545,1.0,True,False
-0.0263252128243576,1.0,2.4382262229919434,190,0.1,0.1086,0.6943056943056943,0.0222286004573106,GIN,0.02165843748115,-2.6325212824357602,-0.008599999999999997,1.026325212825571,1.0,1.0,False,False
-0.0409910762527566,1.0,2.4361188411712646,191,0.0,0.1169,1.0,0.022363681346178,GIN,0.0214830672964453,-4.09910762527566,-0.1169,1.0409910762546655,1.0,1.0,False,False
-0.0225818215219848,1.0,2.4356818199157715,192,0.0,0.1108,1.0,0.0220222007483243,GIN,0.0215358813200145,-2.25818215219848,-0.1108,1.0225818215230336,1.0,1.0,False,False
-0.0337945121716347,1.0,2.428161144256592,193,0.0,0.1123,1.0,0.0222485847771167,GIN,0.0215212834998965,-3.37945121716347,-0.1123,1.0337945121732026,1.0,1.0,False,False
-0.0135197738392974,0.9690309690309692,2.4216277599334717,194,0.0,0.1126,1.0,0.0217791404575109,GIN,0.0214886191859841,-1.35197738392974,-0.1126,1.013519773839926,1.0,1.0,False,False
-0.0155530926449497,0.983016983016983,2.420391082763672,195,0.1,0.105,0.6803196803196803,0.0220045316964387,GIN,0.0216675345245748,-1.55530926449497,-0.0049999999999999906,1.015553092645667,1.0,1.0,False,False
-0.0337894422697785,1.0,2.424426794052124,196,0.0,0.1109,1.0,0.0221521500498056,GIN,0.0214281062893569,-3.37894422697785,-0.1109,1.0337894422713558,1.0,1.0,False,False
-0.0182035118286897,0.995004995004995,2.423952579498291,197,0.0,0.1087,1.0,0.0218719560652971,GIN,0.0214809277430176,-1.8203511828689698,-0.1087,1.0182035118295394,1.0,1.0,False,False
0.0114932842081621,0.0589410589410589,2.365244150161743,198,0.0,0.1069,1.0,0.0212841425091028,GIN,0.0215316114388406,1.14932842081621,-0.1069,0.9885067157913043,0.15717615717615707,1.0,False,False
-0.0379260851443137,1.0,2.4478020668029785,199,0.0,0.1128,1.0,0.0222288817167282,GIN,0.021416632682085,-3.79260851443137,-0.1128,1.0379260851460859,1.0,1.0,False,False
-0.0214089372552706,0.998001998001998,2.419217348098755,200,0.0,0.1113,1.0,0.0217928029596805,GIN,0.0213360214158892,-2.14089372552706,-0.1113,1.0214089372562742,1.0,1.0,False,False
0.0489492849101086,0.0009990009990009,2.2732834815979004,201,0.4,0.1124,0.0169830169830169,0.0203888602554798,GIN,0.0214382471218705,4.894928491010861,0.2876,0.9510507150876083,0.003373250126496545,0.14243820695433532,True,False
-0.0128552879798127,0.965034965034965,2.4014856815338135,202,0.1,0.1074,0.6913086913086913,0.0218330919742584,GIN,0.0215559835974127,-1.28552879798127,-0.00739999999999999,1.0128552879804082,1.0,1.0,False,False
-0.0192767833504354,0.998001998001998,2.4344968795776367,203,0.0,0.1096,1.0,0.0220601502805948,GIN,0.021642943939194,-1.9276783350435402,-0.1096,1.019276783351329,1.0,1.0,False,False
-0.0208722560230435,0.999000999000999,2.4367892742156982,204,0.0,0.1059,1.0,0.0221711359918117,GIN,0.0217178357634693,-2.08722560230435,-0.1059,1.020872256024004,1.0,1.0,False,False
-0.0385943570997844,1.0,2.438002109527588,205,0.0,0.1126,1.0,0.0225105080753564,GIN,0.0216740134600549,-3.85943570997844,-0.1126,1.0385943571015657,1.0,1.0,False,False
0.0333684582870745,0.0009990009990009,2.309927225112915,206,0.2,0.1094,0.2957042957042957,0.0208050459623336,GIN,0.0215232434123754,3.33684582870745,0.09060000000000001,0.9666315417113737,0.003373250126496545,1.0,True,False
0.0367405082855015,0.0009990009990009,2.3067996501922607,207,0.4,0.1137,0.0179820179820179,0.0207731481641531,GIN,0.0215654746647924,3.67405082855015,0.2863,0.9632594917127957,0.003373250126496545,0.14842300556586202,True,False
-0.0067227395865376,0.8141858141858141,2.3893747329711914,208,0.0,0.1102,1.0,0.0217491053044796,GIN,0.0216038681250065,-0.6722739586537599,-0.1102,1.0067227395868514,1.0,1.0,False,False
-0.0277445219411115,1.0,2.4481334686279297,209,0.0,0.1123,1.0,0.0223295576870441,GIN,0.021726759141311,-2.77445219411115,-0.1123,1.0277445219423889,1.0,1.0,False,False
0.0022409278085988,0.3816183816183816,2.378319263458252,210,0.1,0.1118,0.7132867132867133,0.0215428378432989,GIN,0.0215912222135812,0.22409278085988002,-0.011799999999999991,0.997759072191297,0.9404813196282389,1.0,False,False
0.0424988885155676,0.0009990009990009,2.298445463180542,211,0.2,0.1126,0.3106893106893107,0.02054831571877,GIN,0.0214603570401668,4.24988885155676,0.0874,0.9575011114824532,0.003373250126496545,1.0,True,False
0.0445059471005991,0.0009990009990009,2.2746596336364746,212,0.3,0.1069,0.0739260739260739,0.0205314736813306,GIN,0.0214878089707344,4.45059471005991,0.1931,0.9554940528973292,0.003373250126496545,0.42120042120042117,True,False
-0.0067324910707479,0.8211788211788211,2.4017879962921143,213,0.0,0.1154,1.0,0.0216614305973052,GIN,0.0215165704786777,-0.67324910707479,-0.1154,1.0067324910710587,1.0,1.0,False,False
0.0468042958212969,0.0009990009990009,2.2981135845184326,214,0.2,0.1118,0.2977022977022977,0.020642202347517,GIN,0.0216557861696928,4.68042958212969,0.08820000000000001,0.9531957041765443,0.003373250126496545,1.0,True,False
-0.0129613409525208,0.965034965034965,2.4294891357421875,215,0.0,0.1058,1.0,0.0219316091388463,GIN,0.0216509833615273,-1.29613409525208,-0.1058,1.0129613409531162,1.0,1.0,False,False
-0.0192827836311126,0.998001998001998,2.4330337047576904,216,0.0,0.1108,1.0,0.0219754558056592,GIN,0.0215597243066877,-1.92827836311126,-0.1108,1.0192827836320033,1.0,1.0,False,False
-0.0334110428553298,1.0,2.434175968170166,217,0.0,0.1111,1.0,0.0222400799393653,GIN,0.0215210395641624,-3.34110428553298,-0.1111,1.0334110428568828,1.0,1.0,False,False
0.038614922534207,0.0009990009990009,2.3043274879455566,218,0.4,0.1149,0.0189810189810189,0.0207085534930229,GIN,0.0215403317343443,3.8614922534207,0.2851,0.9613850774640023,0.003373250126496545,0.14954742227469436,True,False
0.0490871404029659,0.0009990009990009,2.292990207672119,219,0.4,0.1111,0.0059940059940059,0.0204418823122978,GIN,0.0214971141740679,4.90871404029659,0.28890000000000005,0.9509128595947528,0.003373250126496545,0.09740259740259588,True,False
-0.0369691505620706,1.0,2.4531898498535156,220,0.0,0.1121,1.0,0.0224680341780185,GIN,0.0216670227516442,-3.6969150562070596,-0.1121,1.0369691505637764,1.0,1.0,False,False
-0.0240275586346482,1.0,2.4354617595672607,221,0.0,0.1056,1.0,0.0221857111901044,GIN,0.0216651505157351,-2.40275586346482,-0.1056,1.0240275586357557,1.0,1.0,False,False
-0.0328556048185837,1.0,2.437749147415161,222,0.0,0.1148,1.0,0.0223089922219514,GIN,0.0215993330702185,-3.28556048185837,-0.1148,1.0328556048201039,1.0,1.0,False,False
0.0368130733021993,0.0009990009990009,2.3152923583984375,223,0.0,0.1084,1.0,0.0209236405789852,GIN,0.0217233436200767,3.6813073302199304,-0.1084,0.9631869266961088,0.003373250126496545,1.0,True,False
-0.0220551895745745,0.995004995004995,2.429560422897339,224,0.0,0.1098,1.0,0.0220644734799861,GIN,0.0215883385799825,-2.20551895745745,-0.1098,1.022055189575593,1.0,1.0,False,False
0.0145253971446046,0.0209790209790209,2.357250213623047,225,0.0,0.1152,1.0,0.0214146114885807,GIN,0.0217302520293742,1.45253971446046,-0.1152,0.9854746028547287,0.05896805896805874,1.0,False,False
-0.0264899009262139,1.0,2.43301773071289,226,0.0,0.112,1.0,0.0220893807709217,GIN,0.021519335700199,-2.64899009262139,-0.112,1.0264899009274449,1.0,1.0,False,False
-0.024524799749722,1.0,2.431837797164917,227,0.0,0.1142,1.0,0.0219991877675056,GIN,0.0214725771136581,-2.4524799749722,-0.1142,1.0245247997508664,1.0,1.0,False,False
-0.0244235692071769,1.0,2.436462879180908,228,0.0,0.1067,1.0,0.0221708714962005,GIN,0.021642289539799,-2.44235692071769,-0.1067,1.024423569208307,1.0,1.0,False,False
-0.0307555386313566,1.0,2.446709394454956,229,0.0,0.1088,1.0,0.022157521918416,GIN,0.0214963888991624,-3.07555386313566,-0.1088,1.030755538632787,1.0,1.0,False,False
-0.0150270749840991,0.976023976023976,2.4085123538970947,230,0.0,0.1096,1.0,0.0217869747430086,GIN,0.0214644271861761,-1.50270749840991,-0.1096,1.0150270749848025,1.0,1.0,False,False
0.0289471493957383,0.0009990009990009,2.327008008956909,231,0.5,0.1131,0.0019980019980019,0.0209011789411306,GIN,0.0215242444612085,2.8947149395738303,0.3869,0.9710528506029188,0.003373250126496545,0.047225501770954,True,True
0.0390429038318172,0.0009990009990009,2.3066792488098145,232,0.4,0.1106,0.0149850149850149,0.0207689255475997,GIN,0.0216127500701695,3.90429038318172,0.2894,0.960957096166375,0.003373250126496545,0.13670539986329383,True,False
0.0418526974570476,0.0009990009990009,2.306357145309448,233,0.2,0.1134,0.3086913086913087,0.0207262001931667,GIN,0.0216315384265035,4.18526974570476,0.08660000000000001,0.9581473025410178,0.003373250126496545,1.0,True,False
0.0338168468883545,0.0009990009990009,2.324155569076538,234,0.5,0.1119,0.0019980019980019,0.02082752995193,GIN,0.0215565029103308,3.38168468883545,0.3881,0.9661831531100787,0.003373250126496545,0.047225501770954,True,True
0.0393389164854759,0.0009990009990009,2.2948219776153564,235,0.3,0.1124,0.0879120879120879,0.0205875933170318,GIN,0.0214306519441306,3.93389164854759,0.1876,0.9606610835126883,0.003373250126496545,0.42120042120042117,True,False
0.0195861335452887,0.0039960039960039,2.357386589050293,236,0.0,0.1111,1.0,0.0212899688631296,GIN,0.0217152873817831,1.9586133545288702,-0.1111,0.9804138664538098,0.012442647173185797,1.0,True,False
0.0404025788861829,0.0009990009990009,2.307532787322998,237,0.5,0.1103,0.0029970029970029,0.0205745473504066,GIN,0.0214408114254474,4.04025788861829,0.3897,0.9595974211119334,0.003373250126496545,0.05373936408418993,True,False
-0.0373156487622737,1.0,2.4419713020324707,238,0.0,0.1121,1.0,0.0222990866750478,GIN,0.021496915332973,-3.7315648762273703,-0.1121,1.0373156487640063,1.0,1.0,False,False
0.0176257937242517,0.0029970029970029,2.357206344604492,239,0.3,0.1147,0.0849150849150849,0.0212219264358282,GIN,0.0216026910115033,1.7625793724251702,0.1853,0.9823742062749338,0.009445100354190957,0.42120042120042117,True,False
0.0438147475174002,0.0009990009990009,2.2944788932800293,240,0.1,0.1095,0.7012987012987013,0.0206280536949634,GIN,0.0215732815805822,4.38147475174002,-0.009499999999999995,0.956185252480569,0.003373250126496545,1.0,True,False
-0.0258021985757498,1.0,2.426331043243408,241,0.0,0.1126,1.0,0.0220705363899469,GIN,0.0215153919737786,-2.58021985757498,-0.1126,1.0258021985769474,1.0,1.0,False,False
-0.0393337422088956,1.0,2.432001829147339,242,0.0,0.1107,1.0,0.0223876796662807,GIN,0.0215404145531356,-3.93337422088956,-0.1107,1.0393337422107212,1.0,1.0,False,False
0.0034617303347126,0.3106893106893107,2.387659788131714,243,0.3,0.1124,0.0819180819180819,0.0216452050954103,GIN,0.0217203952465206,0.34617303347126,0.1876,0.9965382696651275,0.7842642794099106,0.42120042120042117,False,False
0.0109348294561387,0.0449550449550449,2.3714425563812256,244,0.0,0.1103,1.0,0.0212560314685106,GIN,0.0214910322409123,1.09348294561387,-0.1103,0.989065170543352,0.12303485987696498,1.0,False,False
0.0412289454411575,0.0009990009990009,2.2928271293640137,245,0.4,0.1147,0.0159840159840159,0.0206449050456285,GIN,0.0215326745081692,4.12289454411575,0.2853,0.9587710545569296,0.003373250126496545,0.14087607307946218,True,False
-0.0380490488674197,1.0,2.451612949371338,246,0.0,0.1087,1.0,0.0222947001457214,GIN,0.021477501636371,-3.80490488674197,-0.1087,1.0380490488691905,1.0,1.0,False,False
0.0417870270357662,0.0009990009990009,2.290580987930298,247,0.0,0.1062,1.0,0.0207107048481702,GIN,0.0216138848382979,4.17870270357662,-0.1062,0.9582129729622995,0.003373250126496545,1.0,True,False
0.0304723064101352,0.0009990009990009,2.32319974899292,248,0.0,0.112,1.0,0.02083589322865,GIN,0.0214907664489001,3.04723064101352,-0.112,0.9695276935884427,0.003373250126496545,1.0,True,False
-0.0327784770229356,1.0,2.447518825531006,249,0.0,0.1042,1.0,0.0223581232130527,GIN,0.0216485177706927,-3.2778477022935597,-0.1042,1.032778477024448,1.0,1.0,False,False
-0.0236220728049579,0.999000999000999,2.4271414279937744,250,0.0,0.1056,1.0,0.0221359468996524,GIN,0.0216251168157905,-2.36220728049579,-0.1056,1.0236220728060481,1.0,1.0,False,False
-0.0156738568497849,0.991008991008991,2.421865940093994,251,0.0,0.1093,1.0,0.0217905063182115,GIN,0.0214542356990277,-1.56738568497849,-0.1093,1.0156738568505166,1.0,1.0,False,False
0.0392985135897403,0.0009990009990009,2.298283100128174,252,0.0,0.1104,1.0,0.0206353068351745,GIN,0.0214794159550219,3.92985135897403,-0.1104,0.9607014864084307,0.003373250126496545,1.0,True,False
-0.0094176005792231,0.913086913086913,2.4127066135406494,253,0.0,0.1068,1.0,0.02168820053339,GIN,0.0214858553297817,-0.94176005792231,-0.1068,1.0094176005796627,1.0,1.0,False,False
-0.0089545167721989,0.8991008991008991,2.4140050411224365,254,0.0,0.1127,1.0,0.0215598233044147,GIN,0.0213684789016842,-0.8954516772198899,-0.1127,1.0089545167726197,1.0,1.0,False,False
0.0119835670598401,0.0509490509490509,2.3546252250671387,255,0.1,0.1099,0.7032967032967034,0.0211013592779636,GIN,0.021357295865193,1.1983567059840101,-0.009899999999999992,0.9880164329395974,0.13727205437049983,1.0,False,False
0.0403515683300108,0.0009990009990009,2.3021907806396484,256,0.1,0.108,0.6943056943056943,0.0206419341266155,GIN,0.0215098920036107,4.03515683300108,-0.007999999999999993,0.9596484316681133,0.003373250126496545,1.0,True,False
0.0558069457692962,0.0009990009990009,2.2692959308624268,257,0.3,0.1104,0.0689310689310689,0.0204195771366357,GIN,0.0216264852248132,5.58069457692962,0.1896,0.9441930542281207,0.003373250126496545,0.42120042120042117,True,False
-0.0104268969727183,0.932067932067932,2.395385503768921,258,0.1,0.1135,0.7242757242757243,0.0217892620712518,GIN,0.0215644121672958,-1.04268969727183,-0.013499999999999998,1.0104268969731993,1.0,1.0,False,False
-0.0272701715101745,1.0,2.4334940910339355,259,0.0,0.1081,1.0,0.0220814943313598,GIN,0.0214953134469687,-2.72701715101745,-0.1081,1.0272701715114447,1.0,1.0,False,False
-0.0262325793408624,1.0,2.418995141983032,260,0.0,0.1097,1.0,0.0220414642244577,GIN,0.0214780398402363,-2.62325793408624,-0.1097,1.0262325793420821,1.0,1.0,False,False
0.0362976310956544,0.0009990009990009,2.304486036300659,261,0.0,0.11,1.0,0.0207388084381818,GIN,0.0215199309531599,3.62976310956544,-0.11,0.9637023689026566,0.003373250126496545,1.0,True,False
-0.0379488118244048,1.0,2.433924436569214,262,0.0,0.1109,1.0,0.0222344603389501,GIN,0.0214215384088456,-3.7948811824404802,-0.1109,1.0379488118261768,1.0,1.0,False,False
-0.023439382412061,1.0,2.4286458492279053,263,0.0,0.1101,1.0,0.0219898670911788,GIN,0.0214862428288906,-2.3439382412061,-0.1101,1.0234393824131514,1.0,1.0,False,False
-0.00362680877657,0.7142857142857143,2.378342628479004,264,0.1,0.1084,0.6993006993006993,0.0215804763138294,GIN,0.0215024908911436,-0.362680877657,-0.00839999999999999,1.0036268087767415,1.0,1.0,False,False
-0.0323197491061567,1.0,2.4270288944244385,265,0.0,0.1121,1.0,0.0223338827490806,GIN,0.021634656092152,-3.23197491061567,-0.1121,1.032319749107648,1.0,1.0,False,False
-0.0289672807494749,1.0,2.44649887084961,266,0.0,0.1117,1.0,0.0223118998110294,GIN,0.0216837796773761,-2.89672807494749,-0.1117,1.0289672807508117,1.0,1.0,False,False
-0.0267192420479753,1.0,2.441331148147583,267,0.0,0.1144,1.0,0.0221573188900947,GIN,0.0215806989707052,-2.6719242047975302,-0.1144,1.0267192420492144,1.0,1.0,False,False
-0.0258431825175927,1.0,2.434950828552246,268,0.0,0.1084,1.0,0.0219806414097547,GIN,0.0214269020687788,-2.58431825175927,-0.1084,1.0258431825188,1.0,1.0,False,False
-0.0187399944186172,0.999000999000999,2.4299445152282715,269,0.0,0.1127,1.0,0.02203263156116,GIN,0.021627335416153,-1.8739994418617199,-0.1127,1.0187399944194835,1.0,1.0,False,False
-0.0412875373964991,1.0,2.4390861988067627,270,0.0,0.1136,1.0,0.0223246812820434,GIN,0.021439497238025,-4.12875373964991,-0.1136,1.0412875373984256,1.0,1.0,False,False
-0.0124638564192999,0.967032967032967,2.4238414764404297,271,0.0,0.1123,1.0,0.0218638256192207,GIN,0.0215946727190166,-1.24638564192999,-0.1123,1.012463856419879,1.0,1.0,False,False
-0.0411162470917002,1.0,2.4486968517303467,272,0.0,0.1063,1.0,0.0225668493658304,GIN,0.0216756288539618,-4.1116247091700195,-0.1063,1.0411162470935973,1.0,1.0,False,False
-0.0394177492611008,1.0,2.447518825531006,273,0.0,0.1095999999999999,1.0,0.0224017463624477,GIN,0.0215522068757563,-3.9417749261100803,-0.1095999999999999,1.039417749262932,1.0,1.0,False,False
-0.0448435370162989,1.0,2.4417426586151123,274,0.0,0.1129,1.0,0.0224110204726457,GIN,0.0214491640888154,-4.484353701629891,-0.1129,1.0448435370183893,1.0,1.0,False,False
-0.0289343450689652,1.0,2.43381404876709,275,0.0,0.1128,1.0,0.0221074596047401,GIN,0.0214857825580984,-2.89343450689652,-0.1128,1.0289343450703117,1.0,1.0,False,False
-0.0164191430799177,0.984015984015984,2.4165923595428467,276,0.3,0.1103,0.0759240759240759,0.021839689463377,GIN,0.0214868930913507,-1.6419143079917702,0.18969999999999998,1.0164191430806864,1.0,0.42120042120042117,False,False
0.0418541758139169,0.0009990009990009,2.298333168029785,277,0.0,0.1156,1.0,0.020649904385209,GIN,0.0215519432052969,4.18541758139169,-0.1156,0.9581458241841412,0.003373250126496545,1.0,True,False
0.0447409949587287,0.0009990009990009,2.299800157546997,278,0.4,0.1092,0.0129870129870129,0.0205671563744545,GIN,0.0215304501354694,4.47409949587287,0.2908,0.9552590050391949,0.003373250126496545,0.13468013468013385,True,False
0.0275468232870249,0.0009990009990009,2.3116137981414795,279,0.3,0.1139,0.0789210789210789,0.0207700654864311,GIN,0.0213584221675992,2.75468232870249,0.1861,0.9724531767116843,0.003373250126496545,0.42120042120042117,True,False
-0.0045811932088985,0.7372627372627373,2.407316207885742,280,0.1,0.1138,0.7332667332667333,0.0215869024395942,GIN,0.0214884596541523,-0.45811932088984997,-0.013799999999999993,1.0045811932091129,1.0,1.0,False,False
-0.030591230458285,1.0,2.4408435821533203,281,0.0,0.1099,1.0,0.0222968384623527,GIN,0.0216349972747266,-3.0591230458285,-0.1099,1.030591230459698,1.0,1.0,False,False
-0.0220363227011097,1.0,2.420574188232422,282,0.0,0.113,1.0,0.0220415722578763,GIN,0.0215663296580314,-2.20363227011097,-0.113,1.02203632270213,1.0,1.0,False,False
-0.013601414767722,0.971028971028971,2.418272018432617,283,0.0,0.1114,1.0,0.0219139494001865,GIN,0.021619888331741,-1.3601414767722,-0.1114,1.0136014147683539,1.0,1.0,False,False
-0.0375404873033869,1.0,2.43546986579895,284,0.0,0.1121,1.0,0.0224044546484947,GIN,0.0215938124079257,-3.7540487303386905,-0.1121,1.0375404873051257,1.0,1.0,False,False
0.0372477556362254,0.0009990009990009,2.3095457553863525,285,0.0,0.1053,1.0,0.0209287665784358,GIN,0.0217384760212153,3.72477556362254,-0.1053,0.9627522443620575,0.003373250126496545,1.0,True,False
-0.0412720588137986,1.0,2.4399430751800537,286,0.0,0.1154,1.0,0.0224386155605316,GIN,0.0215492342952638,-4.12720588137986,-0.1154,1.0412720588157172,1.0,1.0,False,False
0.0428114178003334,0.0009990009990009,2.3004181385040283,287,0.2,0.109,0.2927072927072927,0.0206804368644952,GIN,0.0216053944323211,4.28114178003334,0.09100000000000001,0.9571885821976855,0.003373250126496545,1.0,True,False
0.0306937794809344,0.0009990009990009,2.3263704776763916,288,0.2,0.1145,0.3286713286713286,0.0209624990820884,GIN,0.0216262917108833,3.06937794809344,0.0855,0.9693062205176467,0.003373250126496545,1.0,True,False
-0.0157567965916625,0.986013986013986,2.4191184043884277,289,0.1,0.1113,0.7152847152847153,0.0219577588140964,GIN,0.021617141906172,-1.57567965916625,-0.01129999999999999,1.0157567965923906,1.0,1.0,False,False
-0.0277091236905266,1.0,2.428309679031372,290,0.0,0.1066,1.0,0.0220695175230503,GIN,0.021474478540942,-2.77091236905266,-0.1066,1.02770912369182,1.0,1.0,False,False
0.0475890838621646,0.0009990009990009,2.289396286010742,291,0.4,0.1103,0.0139860139860139,0.020651938393712,GIN,0.0216838530972599,4.7589083862164605,0.2897,0.9524109161356429,0.003373250126496545,0.13468013468013385,True,False
0.0195530647573949,0.0029970029970029,2.35746431350708,292,0.4,0.1156,0.0199800199800199,0.0211571510881185,GIN,0.0215790884010493,1.9553064757394898,0.28440000000000004,0.9804469352416999,0.009445100354190957,0.15278838808250514,True,False
0.0265089830754686,0.0009990009990009,2.3437042236328125,293,0.5,0.1097,0.0029970029970029,0.0210054442286491,GIN,0.0215774402264505,2.65089830754686,0.3903,0.9734910169233039,0.003373250126496545,0.05373936408418993,True,False
0.0517653055825683,0.0009990009990009,2.276268482208252,294,0.5,0.1088,0.0009990009990009,0.0205140840262174,GIN,0.021633973263204,5.17653055825683,0.3912,0.9482346944150405,0.003373250126496545,0.047225501770954,True,True
0.0409491611000589,0.0009990009990009,2.2900900840759277,295,0.5,0.1144,0.0029970029970029,0.0206371881067752,GIN,0.0215183463376015,4.09491611000589,0.3856,0.9590508388980361,0.003373250126496545,0.05373936408418993,True,False
-0.0267819683089814,1.0,2.433006048202514,296,0.0,0.1202,1.0,0.0221604574471712,GIN,0.0215824372954666,-2.67819683089814,-0.1202,1.0267819683102248,1.0,1.0,False,False
-0.0353203053657457,1.0,2.441209554672241,297,0.0,0.1109,1.0,0.0222789868712425,GIN,0.0215189316347241,-3.53203053657457,-0.1109,1.0353203053673878,1.0,1.0,False,False
-0.0214395633486601,1.0,2.4276137351989746,298,0.0,0.1064,1.0,0.0220103915780782,GIN,0.0215484032221138,-2.14395633486601,-0.1064,1.0214395633496542,1.0,1.0,False,False
-0.0038365856687438,0.7112887112887113,2.3927571773529053,299,0.3,0.1124,0.0869130869130869,0.0215676836669445,GIN,0.021485253650695,-0.38365856687438,0.1876,1.0038365856689262,1.0,0.42120042120042117,False,False
-0.0269836488321787,1.0,2.4393346309661865,300,0.1,0.1058,0.6783216783216783,0.0221143066883087,GIN,0.0215332607422024,-2.69836488321787,-0.0058,1.0269836488334312,1.0,1.0,False,False
0.0111851235721713,0.0499500499500499,2.3765769004821777,301,0.0,0.1144,1.0,0.0214119628071784,GIN,0.0216541673447936,1.11851235721713,-0.1144,0.9888148764273113,0.13598966478547617,1.0,False,False
-0.0236438555434491,1.0,2.4397294521331787,302,0.0,0.1153,1.0,0.0219096336513757,GIN,0.0214035707172006,-2.36438555434491,-0.1153,1.0236438555445522,1.0,1.0,False,False
0.0253584494834747,0.0009990009990009,2.3506436347961426,303,0.0,0.1124,1.0,0.0210326798260211,GIN,0.0215799129586666,2.53584494834747,-0.1124,0.9746415505153496,0.003373250126496545,1.0,True,False
0.0507721693704858,0.0009990009990009,2.2796406745910645,304,0.2,0.112,0.3096903096903097,0.0204477403312921,GIN,0.0215414462909102,5.07721693704858,0.08800000000000001,0.9492278306271567,0.003373250126496545,1.0,True,False
0.0100077468805365,0.0709290709290709,2.3545949459075928,305,0.4,0.1092,0.0139860139860139,0.0214453730732202,GIN,0.0216621625125408,1.0007746880536499,0.2908,0.9899922531189999,0.18627836809654985,0.13468013468013385,False,False
0.0418858616513278,0.0009990009990009,2.302306890487671,306,0.6,0.1111,0.0009990009990009,0.0206909477710723,GIN,0.0215954936295747,4.18858616513278,0.4889,0.9581141383467318,0.003373250126496545,0.047225501770954,True,True
-0.0259584550574784,1.0,2.4332361221313477,307,0.0,0.1117,1.0,0.0220775175839662,GIN,0.0215189196746796,-2.59584550574784,-0.1117,1.0259584550586838,1.0,1.0,False,False
0.0079736749619224,0.1148851148851148,2.344756603240967,308,0.1,0.1101,0.6903096903096904,0.0213620644062757,GIN,0.0215337676703929,0.7973674961922399,-0.010099999999999998,0.9920263250377092,0.2972152225883567,1.0,False,False
0.0021529798894825,0.3786213786213786,2.3875012397766113,309,0.4,0.1131,0.0199800199800199,0.0215630382299423,GIN,0.021609563184902,0.21529798894825,0.28690000000000004,0.99784702011042,0.9375386518243661,0.15278838808250514,False,False
-0.0365588919737399,1.0,2.4297027587890625,310,0.0,0.1114,1.0,0.0223437454551458,GIN,0.0215556931961327,-3.6558891973739898,-0.1114,1.036558891975438,1.0,1.0,False,False
0.0341117628983842,0.0009990009990009,2.320685386657715,311,0.1,0.1129,0.7212787212787213,0.0207306370139122,GIN,0.0214627699330449,3.4111762898384197,-0.012899999999999995,0.9658882371000268,0.003373250126496545,1.0,True,False
0.001671433778987,0.4185814185814185,2.3691697120666504,312,0.1,0.1117,0.7202797202797203,0.0216064602136611,GIN,0.0216426344439387,0.1671433778987,-0.011699999999999988,0.9983285662209329,1.0,1.0,False,False
0.0472882116669974,0.0009990009990009,2.2830820083618164,313,0.3,0.1094,0.0739260739260739,0.0205820873379707,GIN,0.0216036870647221,4.72882116669974,0.1906,0.9527117883308156,0.003373250126496545,0.42120042120042117,True,False
-0.0210289909863523,0.998001998001998,2.4191553592681885,314,0.1,0.1131,0.7342657342657343,0.0219943895936012,GIN,0.0215413957759737,-2.10289909863523,-0.0131,1.0210289909873318,1.0,1.0,False,False
0.0150400826310582,0.0229770229770229,2.3466594219207764,315,0.1,0.1112,0.6873126873126874,0.0210676118731498,GIN,0.0213893088456243,1.50400826310582,-0.011199999999999988,0.9849599173682365,0.0642368384303866,1.0,False,False
-0.0130359757393813,0.971028971028971,2.4078235626220703,316,0.3,0.1067,0.0779220779220779,0.0218023136258125,GIN,0.021521756529808,-1.30359757393813,0.19329999999999997,1.0130359757399878,1.0,0.42120042120042117,False,False
0.0441685839782654,0.0009990009990009,2.28552770614624,317,0.3,0.1112,0.0899100899100899,0.0205732136964797,GIN,0.0215238935984671,4.416858397826539,0.1888,0.9558314160196784,0.003373250126496545,0.42120042120042117,True,False
0.0423395443334982,0.0009990009990009,2.289292335510254,318,0.4,0.1144,0.0149850149850149,0.0205431561917066,GIN,0.0214513986352831,4.23395443334982,0.2856,0.9576604556645257,0.003373250126496545,0.13670539986329383,True,False
0.0357533566525625,0.0009990009990009,2.3016345500946045,319,0.1,0.1117,0.6973026973026973,0.0207309797406196,GIN,0.0214996649287641,3.5753356652562496,-0.011699999999999988,0.9642466433457721,0.003373250126496545,1.0,True,False
0.0505722190598559,0.0009990009990009,2.2865066528320312,320,0.1,0.1117,0.7232767232767233,0.0206499006599187,GIN,0.0217498382441699,5.05722190598559,-0.011699999999999988,0.9494277809378172,0.003373250126496545,1.0,True,False
-0.0364318497018788,1.0,2.434011220932007,321,0.0,0.1108,1.0,0.0221991408616304,GIN,0.0214188138544559,-3.64318497018788,-0.1108,1.0364318497035803,1.0,1.0,False,False
0.0502103849840262,0.0009990009990009,2.274554967880249,322,0.3,0.1118,0.0829170829170829,0.0204468816518783,GIN,0.0215278008189052,5.0210384984026195,0.18819999999999998,0.9497896150136403,0.003373250126496545,0.42120042120042117,True,False
-0.0312661687283084,1.0,2.43933367729187,323,0.0,0.1102,1.0,0.0221792422235012,GIN,0.0215068067740649,-3.12661687283084,-0.1102,1.031266168729762,1.0,1.0,False,False
0.0421912522579244,0.0009990009990009,2.2879559993743896,324,0.3,0.1124,0.0769230769230769,0.0205522719770669,GIN,0.0214575947709381,4.21912522579244,0.1876,0.9578087477401074,0.003373250126496545,0.42120042120042117,True,False
-0.0400453612034845,1.0,2.4390578269958496,325,0.0,0.1123,1.0,0.0224260203540325,GIN,0.0215625406261533,-4.00453612034845,-0.1123,1.0400453612053433,1.0,1.0,False,False
0.0381456846001968,0.0009990009990009,2.3082165718078613,326,0.0,0.1066,1.0,0.0207591988146305,GIN,0.0215824771821498,3.81456846001968,-0.1066,0.9618543153980393,0.003373250126496545,1.0,True,False
-0.0384764487182083,1.0,2.4339752197265625,327,0.0,0.1112,1.0,0.0223170239478349,GIN,0.0214901589490473,-3.84764487182083,-0.1112,1.0384764487199967,1.0,1.0,False,False
-0.0398947200652103,1.0,2.4270503520965576,328,0.0,0.1157,1.0,0.0222093872725963,GIN,0.021357342088595,-3.9894720065210296,-0.1157,1.039894720067077,1.0,1.0,False,False
-0.0196030449880973,0.998001998001998,2.4178307056427,329,0.1,0.1131,0.7252747252747253,0.0221436712890863,GIN,0.0217179336585104,-1.9603044988097298,-0.0131,1.0196030449890001,1.0,1.0,False,False
-0.0058240354927221,0.7942057942057942,2.401542901992798,330,0.0,0.106,1.0,0.0217717476189136,GIN,0.0216456823963671,-0.58240354927221,-0.106,1.0058240354929933,1.0,1.0,False,False
-0.0323067186788883,1.0,2.4376819133758545,331,0.0,0.1069,1.0,0.0221457090228796,GIN,0.0214526444729417,-3.2306718678888298,-0.1069,1.032306718680397,1.0,1.0,False,False
0.0162111966212492,0.0119880119880119,2.353068590164185,332,0.4,0.1137,0.0099900099900099,0.0211258344352245,GIN,0.0214739529080688,1.6211196621249198,0.2863,0.9837888033779986,0.035021158616663974,0.13468013468013385,True,False
-0.0254353496184241,1.0,2.428023338317871,333,0.0,0.11,1.0,0.0219412110745906,GIN,0.0213969716206192,-2.54353496184241,-0.11,1.0254353496196136,1.0,1.0,False,False
-0.0126615857617855,0.968031968031968,2.4169251918792725,334,0.1,0.11,0.7072927072927073,0.0220660362392663,GIN,0.0217901385314762,-1.26615857617855,-0.009999999999999995,1.0126615857623649,1.0,1.0,False,False
-0.0306389408524827,1.0,2.4476776123046875,335,0.0,0.113,1.0,0.0223680809140205,GIN,0.0217031202949583,-3.06389408524827,-0.113,1.0306389408538952,1.0,1.0,False,False
-0.0126472221867545,0.968031968031968,2.416682243347168,336,0.0,0.1125,1.0,0.0219259671866893,GIN,0.0216521279141306,-1.26472221867545,-0.1125,1.0126472221873393,1.0,1.0,False,False
0.0113731030863555,0.0539460539460539,2.3706822395324707,337,0.5,0.1116,0.0019980019980019,0.0212435405701398,GIN,0.0214879249557852,1.13731030863555,0.38839999999999997,0.9886268969131148,0.14459767037086613,0.047225501770954,False,True
0.0353240525347673,0.0009990009990009,2.3099184036254883,338,0.4,0.1134,0.0109890109890109,0.0207700598984956,GIN,0.021530608234927,3.53240525347673,0.2866,0.9646759474635911,0.003373250126496545,0.13468013468013385,True,False
0.0210997497843291,0.0019980019980019,2.339451789855957,339,0.0,0.1139,1.0,0.0210697669535875,GIN,0.0215239161998033,2.10997497843291,-0.1139,0.9789002502146915,0.006493506493506175,1.0,True,False
-0.0062962953219111,0.8331668331668332,2.3795223236083984,340,0.1,0.1099,0.7102897102897103,0.0216888505965471,GIN,0.0215531456265598,-0.62962953219111,-0.009899999999999992,1.0062962953222043,1.0,1.0,False,False
-0.0010478785454965,0.5754245754245755,2.395507574081421,341,0.3,0.1173,0.0889110889110889,0.0216564498841762,GIN,0.0216337803099304,-0.10478785454965,0.18269999999999997,1.0010478785455446,1.0,0.42120042120042117,False,False
0.0449470187640656,0.0009990009990009,2.3052186965942383,342,0.5,0.1143,0.0029970029970029,0.0207455791532993,GIN,0.0217219144497066,4.49470187640656,0.3857,0.955052981233867,0.003373250126496545,0.05373936408418993,True,False
0.0232986148255849,0.0029970029970029,2.3428428173065186,343,0.0,0.1138,1.0,0.0210935734212398,GIN,0.0215967477280646,2.3298614825584902,-0.1138,0.9767013851733364,0.009445100354190957,1.0,True,False
0.0332451679698271,0.0009990009990009,2.319242477416992,344,0.0,0.112,1.0,0.0207968838512897,GIN,0.0215120557583868,3.32451679698271,-0.112,0.9667548320286276,0.003373250126496545,1.0,True,False
0.0237900595484186,0.0009990009990009,2.3372957706451416,345,0.4,0.1117,0.0139860139860139,0.0207827985286712,GIN,0.0212892715670168,2.37900595484186,0.2883,0.9762099404504627,0.003373250126496545,0.13468013468013385,True,False
-0.0407598491660209,1.0,2.4529011249542236,346,0.0,0.1097,1.0,0.022393699735403,GIN,0.0215166829824447,-4.07598491660209,-0.1097,1.0407598491679153,1.0,1.0,False,False
0.0489682213828256,0.0009990009990009,2.2695472240448,347,0.2,0.1069,0.3016983016983017,0.0204114373773336,GIN,0.0214624135978519,4.89682213828256,0.09310000000000002,0.951031778614895,0.003373250126496545,1.0,True,False
-0.0287901157301272,1.0,2.4391486644744873,348,0.0,0.1132,1.0,0.0222404617816209,GIN,0.0216180749032646,-2.87901157301272,-0.1132,1.0287901157314572,1.0,1.0,False,False
0.0412905085726225,0.0009990009990009,2.311593770980835,349,0.1,0.1123,0.7072927072927073,0.0206222124397754,GIN,0.02151038726978,4.12905085726225,-0.012299999999999991,0.9587094914254567,0.003373250126496545,1.0,True,False
-0.0293967846976851,1.0,2.4433770179748535,350,0.0,0.1087,1.0,0.0222448259592056,GIN,0.0216095739658921,-2.93967846976851,-0.1087,1.0293967846990488,1.0,1.0,False,False
-0.0281410923357359,1.0,2.4383766651153564,351,0.0,0.1118,1.0,0.022107133641839,GIN,0.0215020426735281,-2.81410923357359,-0.1118,1.028141092337048,1.0,1.0,False,False
-0.002286533275386,0.6243756243756243,2.40346360206604,352,0.2,0.1122,0.3096903096903097,0.0216087307780981,GIN,0.0215594344139099,-0.2286533275386,0.08780000000000002,1.0022865332754922,1.0,1.0,False,False
-0.0375333648204402,1.0,2.4528379440307617,353,0.0,0.1095,1.0,0.022555997595191,GIN,0.0217400214392691,-3.7533364820440203,-0.1095,1.0375333648221707,1.0,1.0,False,False
-0.0272485513154476,1.0,2.4293630123138428,354,0.0,0.1184,1.0,0.0220601540058851,GIN,0.0214749915953725,-2.7248551315447602,-0.1184,1.0272485513167182,1.0,1.0,False,False
0.0100908571869276,0.0829170829170829,2.349045515060425,355,0.2,0.1082,0.2957042957042957,0.0213912036269903,GIN,0.0216092595793306,1.00908571869276,0.0918,0.9899091428126084,0.21666775435619653,1.0,False,False
-0.0285709801891449,1.0,2.430060625076294,356,0.0,0.1131,1.0,0.0221641063690185,GIN,0.0215484461411833,-2.85709801891449,-0.1131,1.0285709801904719,1.0,1.0,False,False
-0.0385482350325022,1.0,2.4419758319854736,357,0.0,0.1106,1.0,0.022363793104887,GIN,0.0215337067171931,-3.8548235032502203,-0.1106,1.0385482350342934,1.0,1.0,False,False
0.0378754774559138,0.0009990009990009,2.3038406372070312,358,0.2,0.1151,0.3236763236763236,0.0206669848412275,GIN,0.0214805717524141,3.7875477455913797,0.08490000000000002,0.9621245225423217,0.003373250126496545,1.0,True,False
-0.0316197268702801,1.0,2.437276601791382,359,0.0,0.1084,1.0,0.0222652275115251,GIN,0.0215827857218682,-3.16197268702801,-0.1084,1.0316197268717462,1.0,1.0,False,False
-0.0364191573173875,1.0,2.4301469326019287,360,0.0,0.1126,1.0,0.0221462827175855,GIN,0.0213680754173547,-3.64191573173875,-0.1126,1.036419157319089,1.0,1.0,False,False
0.0496138000460968,0.0009990009990009,2.2911088466644287,361,0.1,0.1096,0.7082917082917083,0.0206690188497304,GIN,0.0217480208054184,4.96138000460968,-0.009599999999999997,0.9503861999516218,0.003373250126496545,1.0,True,False
-0.0314766325177182,1.0,2.4290833473205566,362,0.0,0.1108,1.0,0.0220870655030012,GIN,0.0214130546506494,-3.14766325177182,-0.1108,1.0314766325191889,1.0,1.0,False,False
0.0202111801820701,0.0019980019980019,2.3473329544067383,363,0.0,0.1114,1.0,0.0211979523301124,GIN,0.0216352257765829,2.02111801820701,-0.1114,0.9797888198169955,0.006493506493506175,1.0,True,False
-0.0314821508245548,1.0,2.430891513824463,364,0.0,0.1097,1.0,0.0220379959791898,GIN,0.0213653682339936,-3.14821508245548,-0.1097,1.0314821508260272,1.0,1.0,False,False
-0.0245545086889599,1.0,2.4306282997131348,365,0.0,0.1139,1.0,0.021992152556777,GIN,0.0214650878701359,-2.4554508688959897,-0.1139,1.024554508690104,1.0,1.0,False,False
0.0411585259351798,0.0009990009990009,2.292982339859009,366,0.3,0.1139,0.0899100899100899,0.0206388644874095,GIN,0.0215247932486236,4.11585259351798,0.1861,0.9588414740629042,0.003373250126496545,0.42120042120042117,True,False
0.0118339754753159,0.0449550449550449,2.3456504344940186,367,0.1,0.1098,0.7112887112887113,0.0213440861552953,GIN,0.0215996964331716,1.1833975475315899,-0.00979999999999999,0.988166024524134,0.12303485987696498,1.0,False,False
-0.0231775804822869,1.0,2.4264118671417236,368,0.0,0.1087,1.0,0.0220471490174531,GIN,0.0215477248895913,-2.31775804822869,-0.1087,1.0231775804833598,1.0,1.0,False,False
0.0447991621601919,0.0009990009990009,2.2848877906799316,369,0.2,0.1146,0.3246753246753247,0.0205518007278442,GIN,0.0215156854074448,4.479916216019189,0.08540000000000002,0.9552008378377257,0.003373250126496545,1.0,True,False
0.0199636021678197,0.0039960039960039,2.3424956798553467,370,0.0,0.1096,1.0,0.0212792232632637,GIN,0.021712686702609,1.9963602167819698,-0.1096,0.9800363978312635,0.012442647173185797,1.0,True,False
-0.0056535063926408,0.7932067932067932,2.400190591812134,371,0.2,0.1175,0.3396603396603396,0.021593727171421,GIN,0.0214723331984132,-0.56535063926408,0.08250000000000002,1.0056535063929044,1.0,1.0,False,False
0.0466044999028675,0.0009990009990009,2.29233980178833,372,0.4,0.1088,0.0079920079920079,0.0207026600837707,GIN,0.0217146610002964,4.660449990286749,0.2912,0.9533955000949871,0.003373250126496545,0.1259346713892154,True,False
-0.0277885385125636,1.0,2.4416112899780273,373,0.0,0.1177,1.0,0.0219849441200494,GIN,0.021390532484278,-2.77885385125636,-0.1177,1.0277885385138632,1.0,1.0,False,False
0.0111071078243873,0.0509490509490509,2.37381362915039,374,0.2,0.1099,0.3056943056943056,0.021235391497612,GIN,0.0214739044699817,1.11071078243873,0.09010000000000001,0.9888928921750993,0.13727205437049983,1.0,False,False
-0.0208731184865021,1.0,2.436007499694824,375,0.0,0.1093,1.0,0.0219984948635101,GIN,0.0215487061664462,-2.08731184865021,-0.1093,1.0208731184874695,1.0,1.0,False,False
-0.0126603778809412,0.9630369630369632,2.4073472023010254,376,0.2,0.1113,0.3046953046953047,0.0217810571193695,GIN,0.0215087482389062,-1.26603778809412,0.08870000000000001,1.0126603778815324,1.0,1.0,False,False
0.0001923093886358,0.4925074925074925,2.3872082233428955,377,0.4,0.1089,0.0129870129870129,0.0215459372848272,GIN,0.0215500815678387,0.01923093886358,0.2911,0.999807690611358,1.0,0.13468013468013385,False,False
0.0445569673846189,0.0009990009990009,2.31024432182312,378,0.2,0.1043,0.2657342657342657,0.0207256916910409,GIN,0.021692231753841,4.45569673846189,0.09570000000000001,0.9554430326133245,0.003373250126496545,1.0,True,False
0.0091272362515962,0.0949050949050949,2.3518567085266113,379,0.0,0.1082,1.0,0.0211923848837614,GIN,0.0213875945117324,0.9127236251596201,-0.1082,0.9908727637479794,0.24675324675324675,1.0,False,False
-0.0227943783650793,1.0,2.441075563430786,380,0.0,0.1116,1.0,0.0221200622618198,GIN,0.0216270862743258,-2.27943783650793,-0.1116,1.022794378366134,1.0,1.0,False,False
-0.030956220818867,1.0,2.4175469875335693,381,0.0,0.1109,1.0,0.0221037920564413,GIN,0.0214400879591703,-3.0956220818867,-0.1109,1.0309562208203127,1.0,1.0,False,False
-0.0334517292802312,1.0,2.4464430809020996,382,0.0,0.1135,1.0,0.0223319549113512,GIN,0.021609093369916,-3.34517292802312,-0.1135,1.0334517292817829,1.0,1.0,False,False
-0.0110328172341798,0.9530469530469532,2.40644907951355,383,0.0,0.1051,1.0,0.021746028214693,GIN,0.0215087263677269,-1.10328172341798,-0.1051,1.0110328172346905,1.0,1.0,False,False
0.0372574652748111,0.0009990009990009,2.3133962154388428,384,0.0,0.1095,1.0,0.0207672417163848,GIN,0.0215709195006638,3.72574652748111,-0.1095,0.962742534723461,0.003373250126496545,1.0,True,False
0.0367784032748372,0.0009990009990009,2.309211492538452,385,0.2,0.116,0.3246753246753247,0.0208450034260749,GIN,0.0216409219820052,3.6778403274837204,0.084,0.9632215967234612,0.003373250126496545,1.0,True,False
0.0410538535698307,0.0009990009990009,2.3140769004821777,386,0.1,0.1184,0.7262737262737263,0.0207513887435197,GIN,0.0216397853214293,4.10538535698307,-0.0184,0.9589461464282714,0.003373250126496545,1.0,True,False
-0.0208470801107329,0.998001998001998,2.417837142944336,387,0.0,0.1116,1.0,0.0220712628215551,GIN,0.021620537739247,-2.08470801107329,-0.1116,1.0208470801116993,1.0,1.0,False,False
0.0169860734925686,0.0109890109890109,2.3551952838897705,388,0.5,0.1099,0.0029970029970029,0.0211014430969953,GIN,0.0214660672936588,1.69860734925686,0.3901,0.98301392650664,0.03228410008070999,0.05373936408418993,True,False
-0.0228037846281253,1.0,2.4309275150299072,389,0.0,0.108,1.0,0.0221806671470403,GIN,0.0216861410569399,-2.28037846281253,-0.108,1.0228037846291766,1.0,1.0,False,False
0.0439834344367501,0.0009990009990009,2.300819396972656,390,0.4,0.1112,0.0099900099900099,0.0206085480749607,GIN,0.0215566851217299,4.39834344367501,0.28880000000000006,0.9560165655612123,0.003373250126496545,0.13468013468013385,True,False
-0.0087251928383025,0.8991008991008991,2.4068479537963867,391,0.0,0.1078,1.0,0.0217152386903762,GIN,0.0215274079050868,-0.87251928383025,-0.1078,1.0087251928387075,1.0,1.0,False,False
-0.0247631250583022,1.0,2.435396432876587,392,0.0,0.113,1.0,0.0221349634230136,GIN,0.0216000779904425,-2.47631250583022,-0.113,1.0247631250594453,1.0,1.0,False,False
-0.030300666895841,1.0,2.4150230884552,393,0.0,0.1123,1.0,0.022303020581603,GIN,0.0216470990441739,-3.0300666895840997,-0.1123,1.0303006668972412,1.0,1.0,False,False
-0.0407755121768211,1.0,2.44486927986145,394,0.0,0.1088,1.0,0.0224970560520887,GIN,0.0216156661920249,-4.07755121768211,-0.1088,1.040775512178708,1.0,1.0,False,False
-0.0133884425577197,0.974025974025974,2.4000954627990723,395,0.0,0.1083,1.0,0.0218063220381736,GIN,0.0215182264987379,-1.33884425577197,-0.1083,1.01338844255834,1.0,1.0,False,False
-0.0014906758904594,0.5764235764235764,2.398653984069824,396,0.2,0.1128,0.3236763236763236,0.0215321592986583,GIN,0.0215001096036285,-0.14906758904594,0.08720000000000001,1.0014906758905262,1.0,1.0,False,False
0.0429029442872193,0.0009990009990009,2.2927134037017822,397,0.2,0.1123,0.3116883116883117,0.0205819103866815,GIN,0.0215045175030827,4.29029442872193,0.08770000000000001,0.9570970557107853,0.003373250126496545,1.0,True,False
-0.0396163642255522,1.0,2.4415900707244873,398,0.0,0.1169,1.0,0.0224647969007492,GIN,0.0216087372936308,-3.9616364225552205,-0.1169,1.039616364227387,1.0,1.0,False,False
0.0394839545725569,0.0009990009990009,2.3060433864593506,399,0.5,0.1103,0.0039960039960039,0.0207572411745786,GIN,0.0216105095520615,3.94839545725569,0.3897,0.9605160454256154,0.003373250126496545,0.06702974444909768,True,False
0.0027443557141013,0.3436563436563437,2.3841943740844727,400,0.1,0.1131,0.7022977022977023,0.0214280560612678,GIN,0.0214870240986347,0.27443557141013003,-0.0131,0.9972556442857693,0.8591408591408592,1.0,False,False
-0.0005079734786146,0.5304695304695305,2.3539018630981445,401,0.1,0.1112,0.7162837162837162,0.0215528141707181,GIN,0.0215418714713305,-0.05079734786146,-0.011199999999999988,1.000507973478635,1.0,1.0,False,False
0.0476412097149066,0.0009990009990009,2.283936023712158,402,0.6,0.1103,0.0009990009990009,0.0206159371882677,GIN,0.0216472377832978,4.7641209714906605,0.48969999999999997,0.9523587902828964,0.003373250126496545,0.047225501770954,True,True
-0.0251744040945227,1.0,2.4325454235076904,403,0.0,0.1122,1.0,0.0222172886133193,GIN,0.0216717160753905,-2.51744040945227,-0.1122,1.0251744040956834,1.0,1.0,False,False
-0.0249361642896814,1.0,2.388829231262207,404,0.0,0.1106,1.0,0.022090908139944,GIN,0.0215534478239715,-2.49361642896814,-0.1106,1.0249361642908354,1.0,1.0,False,False
0.0175507529977755,0.0059940059940059,2.349809408187866,405,0.0,0.1114,1.0,0.0212697833776474,GIN,0.0216497528422623,1.75507529977755,-0.1114,0.9824492470014178,0.017913121361396944,1.0,True,False
0.0341152831332676,0.0009990009990009,2.3137152194976807,406,0.4,0.1061,0.0109890109890109,0.0207341127097606,GIN,0.0214664466138929,3.41152831332676,0.29390000000000005,0.9658847168651407,0.003373250126496545,0.13468013468013385,True,False
0.0037152422374627,0.2997002997002997,2.3841969966888428,407,0.4,0.1095,0.0149850149850149,0.0214802958071231,GIN,0.0215603979080915,0.37152422374627,0.29050000000000004,0.9962847577623631,0.7602153943617358,0.13670539986329383,False,False
-0.0312627816806693,1.0,2.4407050609588623,408,0.0,0.1119,1.0,0.0220258347690105,GIN,0.0213581205103546,-3.1262781680669303,-0.1119,1.0312627816821327,1.0,1.0,False,False
-0.038411715515129,1.0,2.443723440170288,409,0.0,0.1169,1.0,0.0223863776773214,GIN,0.0215582868941128,-3.8411715515129,-0.1169,1.0384117155169104,1.0,1.0,False,False
-0.0436309849411058,1.0,2.4523603916168213,410,0.0,0.1136,1.0,0.0223437473177909,GIN,0.0214096243213862,-4.36309849411058,-0.1136,1.0436309849431407,1.0,1.0,False,False
-0.0264666857853276,1.0,2.434389114379883,411,0.0,0.1086,1.0,0.0223124921321868,GIN,0.0217371809929609,-2.64666857853276,-0.1086,1.0264666857865425,1.0,1.0,False,False
0.0124222968175948,0.0359640359640359,2.3511760234832764,412,0.2,0.1144,0.3386613386613387,0.0213284827768802,GIN,0.0215967641919851,1.24222968175948,0.08560000000000001,0.9875777031818284,0.10000694492673085,1.0,False,False
0.0496194650636739,0.0009990009990009,2.280181884765625,413,0.2,0.1089,0.2927072927072927,0.0204443652182817,GIN,0.0215117676202207,4.96194650636739,0.09110000000000001,0.9503805349340211,0.003373250126496545,1.0,True,False
-0.0220186820923195,0.999000999000999,2.4257638454437256,414,0.0,0.1155,1.0,0.0218879096210002,GIN,0.0214163498226553,-2.20186820923195,-0.1155,1.0220186820933443,1.0,1.0,False,False
-0.020049459891984,0.999000999000999,2.4264872074127197,415,0.0,0.1137,1.0,0.0219959281384944,GIN,0.0215635898094624,-2.0049459891984,-0.1137,1.020049459892911,1.0,1.0,False,False
0.0061925251797912,0.1888111888111888,2.36209487915039,416,0.2,0.1114,0.3066933066933067,0.021483426913619,GIN,0.0216172925420105,0.61925251797912,0.08860000000000001,0.9938074748199226,0.483654276757725,1.0,False,False
-0.0288021968723999,1.0,2.4327104091644287,417,0.0,0.1126,1.0,0.0223535578697919,GIN,0.021727750910446,-2.88021968723999,-0.1126,1.028802196873724,1.0,1.0,False,False
-0.0229937715789667,1.0,2.4388577938079834,418,0.0,0.1113,1.0,0.0221763625741004,GIN,0.0216779057607054,-2.29937715789667,-0.1113,1.0229937715800266,1.0,1.0,False,False
-0.0269608669803929,1.0,2.4247984886169434,419,0.0,0.1082,1.0,0.0220667887479066,GIN,0.0214874679818749,-2.6960866980392897,-0.1082,1.0269608669816457,1.0,1.0,False,False
-0.0294976342267863,1.0,2.4333951473236084,420,0.0,0.1129,1.0,0.022195853292942,GIN,0.0215598876141011,-2.94976342267863,-0.1129,1.0294976342281557,1.0,1.0,False,False
0.015053328476826,0.0169830169830169,2.3628005981445312,421,0.2,0.1104,0.3146853146853147,0.0212753154337406,GIN,0.0216004744712263,1.5053328476826,0.08960000000000001,0.9849466715224778,0.04879098801750712,1.0,True,False
-0.0356056310589685,1.0,2.426525592803955,422,0.0,0.1129,1.0,0.0222492199391126,GIN,0.0214842593278735,-3.56056310589685,-0.1129,1.035605631060627,1.0,1.0,False,False
0.0144849735634231,0.0209790209790209,2.3527660369873047,423,0.4,0.1104,0.0139860139860139,0.0212055183947086,GIN,0.0215171943865716,1.44849735634231,0.2896,0.985515026435904,0.05896805896805874,0.13468013468013385,False,False
-0.0405516199365224,1.0,2.4371864795684814,424,0.0,0.1126,1.0,0.0225061737000942,GIN,0.0216290794890373,-4.05516199365224,-0.1126,1.0405516199384008,1.0,1.0,False,False
-0.0281288828010807,1.0,2.4477853775024414,425,0.0,0.1101,1.0,0.022174322977662,GIN,0.0215676491037011,-2.81288828010807,-0.1101,1.0281288828023816,1.0,1.0,False,False
0.0321970750247628,0.0009990009990009,2.334730863571167,426,0.3,0.1092,0.0779220779220779,0.0208429154008626,GIN,0.0215363219752907,3.2197075024762802,0.19079999999999997,0.9678029249737412,0.003373250126496545,0.42120042120042117,True,False
-0.0411637607991818,1.0,2.4473283290863037,427,0.0,0.1106,1.0,0.0224306900054216,GIN,0.0215438635591417,-4.116376079918179,-0.1106,1.0411637608010933,1.0,1.0,False,False
0.0159340670244166,0.0129870129870129,2.3604981899261475,428,0.3,0.1199,0.1028971028971029,0.0211044047027826,GIN,0.0214461287558078,1.59340670244166,0.18009999999999998,0.9840659329748425,0.03751803751803726,0.4777365491651206,True,False
-0.0098413269604034,0.9170829170829172,2.417470932006836,429,0.2,0.1078,0.3026973026973027,0.0218599494546651,GIN,0.0216469150856137,-0.98413269604034,0.0922,1.0098413269608555,1.0,1.0,False,False
-0.0290610961444772,1.0,2.4299468994140625,430,0.0,0.1059,1.0,0.022053312510252,GIN,0.0214305181615054,-2.90610961444772,-0.1059,1.0290610961458364,1.0,1.0,False,False
0.0481556809696487,0.0009990009990009,2.288205862045288,431,0.2,0.1102,0.3156843156843157,0.0205932930111885,GIN,0.0216351483110338,4.81556809696487,0.0898,0.951844319028127,0.003373250126496545,1.0,True,False
0.0265995459037884,0.0009990009990009,2.350848436355591,432,0.1,0.1128,0.7272727272727273,0.0209602881222963,GIN,0.0215330576784908,2.65995459037884,-0.012799999999999992,0.9734004540949781,0.003373250126496545,1.0,True,False
-0.038117653312237,1.0,2.444084644317627,433,0.0,0.1122,1.0,0.0223289839923381,GIN,0.0215091072972863,-3.8117653312237003,-0.1122,1.03811765331401,1.0,1.0,False,False
-0.0281186090247127,1.0,2.4067251682281494,434,0.0,0.107,1.0,0.0220442861318588,GIN,0.0214413842316716,-2.81186090247127,-0.107,1.0281186090260275,1.0,1.0,False,False
-0.0287767382225088,1.0,2.4375898838043213,435,0.0,0.1085999999999999,1.0,0.0220048502087593,GIN,0.0213893349170684,-2.87767382225088,-0.1085999999999999,1.028776738223858,1.0,1.0,False,False
-0.0081613758577971,0.8931068931068931,2.419646739959717,436,0.0,0.1142,1.0,0.0218745805323123,GIN,0.0216974990870803,-0.81613758577971,-0.1142,1.0081613758581718,1.0,1.0,False,False
0.0297903874902356,0.0009990009990009,2.331261157989502,437,0.4,0.1084,0.0169830169830169,0.0209245160222053,GIN,0.0215670054722577,2.97903874902356,0.2916,0.9702096125083822,0.003373250126496545,0.14243820695433532,True,False
-0.0287411012417048,1.0,2.439694404602051,438,0.0,0.1074,1.0,0.0220598094165325,GIN,0.0214434996228665,-2.87411012417048,-0.1074,1.0287411012430447,1.0,1.0,False,False
-0.0117780935400641,0.952047952047952,2.4118807315826416,439,0.2,0.1078,0.2847152847152847,0.0218024514615535,GIN,0.0215486494526267,-1.1778093540064098,0.0922,1.0117780935406075,1.0,1.0,False,False
0.0488194656515701,0.0009990009990009,2.29113245010376,440,0.1,0.1117,0.7362637362637363,0.020455963909626,GIN,0.0215058689396828,4.88194656515701,-0.011699999999999988,0.9511805343461613,0.003373250126496545,1.0,True,False
-0.0181511315948547,0.994005994005994,2.415828227996826,441,0.1,0.1111,0.6953046953046953,0.0221072770655155,GIN,0.0217131586652249,-1.8151131594854701,-0.011099999999999999,1.0181511315956904,1.0,1.0,False,False
-0.0381774613463708,1.0,2.450221538543701,442,0.0,0.1146,1.0,0.0225335732102394,GIN,0.0217049339339137,-3.8177461346370802,-0.1146,1.0381774613481298,1.0,1.0,False,False
0.0327657619434463,0.0009990009990009,2.3203794956207275,443,0.2,0.1104,0.2827172827172827,0.0207724347710609,GIN,0.0214761160779744,3.2765761943446297,0.08960000000000001,0.9672342380550276,0.003373250126496545,1.0,True,False
0.0412221720611804,0.0009990009990009,2.284698486328125,444,0.6,0.1090999999999999,0.0009990009990009,0.0205112881958484,GIN,0.0213931607492268,4.12221720611804,0.49090000000000006,0.9587778279368899,0.003373250126496545,0.047225501770954,True,True
-0.0307147994455128,1.0,2.433791399002075,445,0.0,0.1061,1.0,0.0221367888152599,GIN,0.0214771232809871,-3.07147994455128,-0.1061,1.0307147994469434,1.0,1.0,False,False
0.0003116819340134,0.4915084915084915,2.3875880241394043,446,0.2,0.1100999999999999,0.3006993006993007,0.0215414110571146,GIN,0.0215481272190809,0.03116819340134,0.0899000000000001,0.9996883180659732,1.0,1.0,False,False
-0.030270822680077,1.0,2.434863328933716,447,0.0,0.1144,1.0,0.0222976673394441,GIN,0.0216425301469862,-3.0270822680077,-0.1144,1.0302708226814752,1.0,1.0,False,False
-0.0255797124387685,1.0,2.4332072734832764,448,0.0,0.1120999999999999,1.0,0.0221053306013345,GIN,0.0215539858415722,-2.55797124387685,-0.1120999999999999,1.025579712439956,1.0,1.0,False,False
0.0205924559643565,0.0029970029970029,2.3410797119140625,449,0.2,0.1141,0.3086913086913087,0.0211443491280078,GIN,0.0215889179706573,2.05924559643565,0.08590000000000002,0.9794075440346877,0.009445100354190957,1.0,True,False
-0.0244545289973656,0.999000999000999,2.4353506565093994,450,0.0,0.1109,1.0,0.0222783386707305,GIN,0.0217465373426675,-2.44545289973656,-0.1109,1.0244545289984897,1.0,1.0,False,False
0.0442281676167475,0.0009990009990009,2.293057918548584,451,0.4,0.1115,0.0129870129870129,0.020505191758275,GIN,0.0214540657754987,4.42281676167475,0.28850000000000003,0.9557718323811915,0.003373250126496545,0.13468013468013385,True,False
-0.0411227412513419,1.0,2.44809627532959,452,0.0,0.1099,1.0,0.0224602092057466,GIN,0.0215730656106024,-4.11227412513419,-0.1099,1.0411227412532504,1.0,1.0,False,False
-0.0189366086483612,0.997002997002997,2.4246885776519775,453,0.0,0.1112,1.0,0.0220214147120714,GIN,0.0216121538132429,-1.89366086483612,-0.1112,1.0189366086492373,1.0,1.0,False,False
-0.0067384542500667,0.8291708291708292,2.3827855587005615,454,0.0,0.1105,1.0,0.0215213857591152,GIN,0.0213773355614393,-0.67384542500667,-0.1105,1.0067384542503857,1.0,1.0,False,False
0.0443237127203797,0.0009990009990009,2.306514024734497,455,0.3,0.1071,0.0699300699300699,0.0207003075629472,GIN,0.0216603758390992,4.43237127203797,0.1929,0.9556762872775745,0.003373250126496545,0.42120042120042117,True,False
-0.02577013560584,1.0,2.435029983520508,456,0.0,0.1105999999999999,1.0,0.0221723895519971,GIN,0.0216153588239103,-2.577013560584,-0.1105999999999999,1.025770135607031,1.0,1.0,False,False
0.0404647732176765,0.0009990009990009,2.3071606159210205,457,0.4,0.1057,0.0119880119880119,0.0205963179469108,GIN,0.0214648898467421,4.04647732176765,0.2943,0.9595352267804378,0.003373250126496545,0.13468013468013385,True,False
0.0486203123230943,0.0009990009990009,2.2835116386413574,458,0.0,0.1116,1.0,0.020506165921688,GIN,0.0215541346818208,4.86203123230943,-0.1116,0.9513796876746493,0.003373250126496545,1.0,True,False
-0.0169334162643915,0.989010989010989,2.4197874069213867,459,0.1,0.1081,0.6913086913086913,0.0219885371625423,GIN,0.0216223961282521,-1.69334162643915,-0.008099999999999996,1.016933416265175,1.0,1.0,False,False
0.0162694120343954,0.0099900099900099,2.364474296569824,460,0.5,0.1112,0.0009990009990009,0.021310668438673,GIN,0.0216631145756691,1.62694120343954,0.38880000000000003,0.9837305879648557,0.02951593860684743,0.047225501770954,True,True
-0.0370588950915919,1.0,2.432259321212769,461,0.0,0.1147,1.0,0.0222844425588846,GIN,0.0214881166964769,-3.7058895091591904,-0.1147,1.0370588950933175,1.0,1.0,False,False
0.0160983947608643,0.0059940059940059,2.358220100402832,462,0.1,0.1098,0.7082917082917083,0.0211677849292755,GIN,0.0215141278523951,1.60983947608643,-0.00979999999999999,0.9839016052383902,0.017913121361396944,1.0,True,False
0.0481625280563463,0.0009990009990009,2.291256904602051,463,0.2,0.1105,0.3186813186813186,0.0205888003110885,GIN,0.0216305839158594,4.81625280563463,0.08950000000000001,0.9518374719414268,0.003373250126496545,1.0,True,False
0.0498513888753638,0.0009990009990009,2.2735788822174072,464,0.3,0.108,0.0779220779220779,0.0203838851302862,GIN,0.0214533651806414,4.98513888753638,0.192,0.9501486111223123,0.003373250126496545,0.42120042120042117,True,False
0.0493216021358584,0.0009990009990009,2.2891345024108887,465,0.4,0.1067,0.0089910089910089,0.0205976665019989,GIN,0.0216662822552025,4.93216021358584,0.2933,0.9506783978618666,0.003373250126496545,0.13468013468013385,True,False
-0.025469002454743,1.0,2.4162771701812744,466,0.0,0.1093,1.0,0.0219869650900363,GIN,0.0214408870842307,-2.5469002454743,-0.1093,1.0254690024559303,1.0,1.0,False,False
0.0211232349093263,0.0019980019980019,2.353235244750977,467,0.4,0.1082,0.0159840159840159,0.0211471058428287,GIN,0.0216034403890371,2.11232349093263,0.2918,0.978876765089695,0.006493506493506175,0.14087607307946218,True,False
0.0512856446405766,0.0009990009990009,2.2779030799865723,468,0.3,0.1154,0.0739260739260739,0.020505866035819,GIN,0.0216143730934709,5.12856446405766,0.1846,0.9487143553570495,0.003373250126496545,0.42120042120042117,True,False
-0.0311849966809714,1.0,2.4245188236236572,469,0.0,0.1083,1.0,0.022124158218503,GIN,0.0214550815708935,-3.11849966809714,-0.1083,1.0311849966824262,1.0,1.0,False,False
-0.039131287240469,1.0,2.4374775886535645,470,0.0,0.1049,1.0,0.0225034318864345,GIN,0.0216560045517981,-3.9131287240469,-0.1049,1.0391312872422738,1.0,1.0,False,False
0.0238092371469999,0.0019980019980019,2.337313652038574,471,0.5,0.114,0.0019980019980019,0.0210624262690544,GIN,0.0215761376470327,2.38092371469999,0.386,0.9761907628518977,0.006493506493506175,0.047225501770954,True,True
-0.0321403813084634,1.0,2.441382646560669,472,0.0,0.1098,1.0,0.0222571212798357,GIN,0.0215640446618199,-3.2140381308463404,-0.1098,1.0321403813099554,1.0,1.0,False,False
-0.0169564160157152,0.992007992007992,2.4199349880218506,473,0.0,0.1103,1.0,0.0219231005758047,GIN,0.0215575615931302,-1.6956416015715199,-0.1103,1.0169564160165028,1.0,1.0,False,False
-0.0160205724753683,0.995004995004995,2.416555166244507,474,0.0,0.1104,1.0,0.0219754036515951,GIN,0.021628896350041,-1.60205724753683,-0.1104,1.0160205724761098,1.0,1.0,False,False
-0.0299883974132255,1.0,2.4391047954559326,475,0.0,0.1121,1.0,0.0222751684486866,GIN,0.0216266207508742,-2.99883974132255,-0.1121,1.0299883974146162,1.0,1.0,False,False
-0.0321452512835792,1.0,2.4278194904327393,476,0.0,0.1148,1.0,0.0220976788550615,GIN,0.0214094661846756,-3.21452512835792,-0.1148,1.0321452512850837,1.0,1.0,False,False
-0.0186408572317795,0.998001998001998,2.412458658218384,477,0.1,0.1092,0.7012987012987013,0.0218896642327308,GIN,0.0214890891890972,-1.86408572317795,-0.0092,1.018640857232648,1.0,1.0,False,False
-0.0348294306748251,1.0,2.4198191165924072,478,0.0,0.1063,1.0,0.0223106238991022,GIN,0.0215597114246338,-3.48294306748251,-0.1063,1.0348294306764432,1.0,1.0,False,False
-0.0242782666801742,1.0,2.4399876594543457,479,0.0,0.1132,1.0,0.0222508888691663,GIN,0.0217234804183244,-2.42782666801742,-0.1132,1.024278266681292,1.0,1.0,False,False
-0.03699860105757,1.0,2.4371330738067627,480,0.0,0.1165,1.0,0.0223674606531858,GIN,0.02156942220591,-3.699860105757,-0.1165,1.0369986010592875,1.0,1.0,False,False
0.0232565392729702,0.0009990009990009,2.348845958709717,481,0.1,0.1128,0.7212787212787213,0.0211624093353748,GIN,0.0216662923134863,2.32565392729702,-0.012799999999999992,0.9767434607259566,0.003373250126496545,1.0,True,False
0.0016935577933096,0.4185814185814185,2.3913629055023193,482,0.1,0.1118,0.7082917082917083,0.0214464422315359,GIN,0.0214828246366232,0.16935577933096,-0.011799999999999991,0.998306442206614,1.0,1.0,False,False
0.0232575968508038,0.0009990009990009,2.354668140411377,483,0.4,0.1118,0.0189810189810189,0.02105556987226,GIN,0.0215569323133677,2.32575968508038,0.2882,0.976742403148114,0.003373250126496545,0.14954742227469436,True,False
-0.0304780418426081,1.0,2.4371583461761475,484,0.0,0.1117,1.0,0.0221818499267101,GIN,0.0215257861167192,-3.04780418426081,-0.1117,1.0304780418440251,1.0,1.0,False,False
-0.0047219540247049,0.7452547452547452,2.4002881050109863,485,0.0,0.1072,1.0,0.0216089840978384,GIN,0.0215074270162731,-0.47219540247049,-0.1072,1.0047219540249261,1.0,1.0,False,False
-0.0359046052089457,1.0,2.4429948329925537,486,0.0,0.1129,1.0,0.0224329885095357,GIN,0.0216554578449577,-3.59046052089457,-0.1129,1.0359046052106,1.0,1.0,False,False
0.0468355953436611,0.0009990009990009,2.280567407608032,487,0.3,0.1115,0.0749250749250749,0.0205795653164386,GIN,0.0215907824672758,4.68355953436611,0.1885,0.9531644046541685,0.003373250126496545,0.42120042120042117,True,False
-0.0149377903049625,0.991008991008991,2.416482448577881,488,0.0,0.1037,1.0,0.0219507962465286,GIN,0.0216277258135378,-1.4937790304962502,-0.1037,1.0149377903056538,1.0,1.0,False,False
0.0341048932174481,0.0009990009990009,2.3169491291046143,489,0.3,0.1072,0.0659340659340659,0.0206111464649438,GIN,0.0213389076311141,3.41048932174481,0.19279999999999997,0.9658951067809508,0.003373250126496545,0.42120042120042117,True,False
0.0412957708112359,0.0009990009990009,2.29132342338562,490,0.2,0.1138,0.3176823176823177,0.020713921636343,GIN,0.021606164868921,4.12957708112359,0.08620000000000001,0.9587042291868544,0.003373250126496545,1.0,True,False
-0.0395366618817417,1.0,2.438358783721924,491,0.0,0.1135,1.0,0.0224318243563175,GIN,0.0215786755569279,-3.95366618817417,-0.1135,1.0395366618835737,1.0,1.0,False,False
-0.0261227838207771,1.0,2.4357213973999023,492,0.0,0.1023,1.0,0.0221049878746271,GIN,0.0215422444790601,-2.61227838207771,-0.1023,1.0261227838219926,1.0,1.0,False,False
-0.0225835167093624,0.998001998001998,2.407510280609131,493,0.0,0.1128,1.0,0.0220566149801015,GIN,0.0215694998204708,-2.25835167093624,-0.1128,1.0225835167104058,1.0,1.0,False,False
-0.0317199541636996,1.0,2.4275829792022705,494,0.0,0.1084,1.0,0.0222437474876642,GIN,0.0215598694179207,-3.1719954163699597,-0.1084,1.03171995416517,1.0,1.0,False,False
-0.0257068872479188,0.999000999000999,2.4350786209106445,495,0.0,0.1149,1.0,0.0221756678074598,GIN,0.0216198877897113,-2.57068872479188,-0.1149,1.025706887249109,1.0,1.0,False,False
0.0229615025375337,0.0019980019980019,2.338757038116455,496,0.5,0.1119,0.0029970029970029,0.020998602733016,GIN,0.0214920934922993,2.29615025375337,0.3881,0.9770384974613981,0.006493506493506175,0.05373936408418993,True,False
-0.0294945123518722,1.0,2.4354968070983887,497,0.0,0.1124,1.0,0.0222597531974315,GIN,0.0216220221966505,-2.9494512351872197,-0.1124,1.0294945123532335,1.0,1.0,False,False
0.0426566095136556,0.0009990009990009,2.3088066577911377,498,0.1,0.11,0.7272727272727273,0.0207729022949934,GIN,0.0216984861455857,4.26566095136556,-0.009999999999999995,0.9573433904843819,0.003373250126496545,1.0,True,False
-0.0092007993288034,0.914085914085914,2.4090383052825928,499,0.0,0.1101,1.0,0.0217286329716444,GIN,0.0215305348411202,-0.9200799328803401,-0.1101,1.009200799329233,1.0,1.0,False,False
0.0523712533493601,0.0009990009990009,2.2876739501953125,500,0.5,0.1096,0.0029970029970029,0.020576799288392,GIN,0.021713988058269,5.23712533493601,0.39039999999999997,0.947628746648226,0.003373250126496545,0.05373936408418993,True,False
-0.0163782290436359,0.991008991008991,2.4186840057373047,501,0.2,0.1102,0.3046953046953047,0.021907951682806,GIN,0.0215549202617257,-1.6378229043635901,0.0898,1.016378229044399,1.0,1.0,False,False
0.0306391834951237,0.0009990009990009,2.322129011154175,502,0.3,0.1119,0.0759240759240759,0.0209129080176353,GIN,0.021573915163055,3.06391834951237,0.1881,0.9693608165034567,0.003373250126496545,0.42120042120042117,True,False
0.0344202623414318,0.0009990009990009,2.3208200931549072,503,0.1,0.1153,0.7202797202797203,0.0207780506461858,GIN,0.0215187310129404,3.4420262341431798,-0.015299999999999994,0.9655797376569654,0.003373250126496545,1.0,True,False
-0.0254344717204624,0.999000999000999,2.4399819374084473,504,0.0,0.1106,1.0,0.0221135895699262,GIN,0.0215650928262621,-2.5434471720462404,-0.1106,1.0254344717216397,1.0,1.0,False,False
-0.0280156720272818,1.0,2.4435791969299316,505,0.0,0.113,1.0,0.0222334582358598,GIN,0.0216275479458272,-2.80156720272818,-0.113,1.028015672028576,1.0,1.0,False,False
-0.0133262719208394,0.97002997002997,2.4098808765411377,506,0.0,0.1112,1.0,0.0219080336391925,GIN,0.0216199206970632,-1.33262719208394,-0.1112,1.0133262719214524,1.0,1.0,False,False
0.0173166870145772,0.0049950049950049,2.3441994190216064,507,0.2,0.111,0.3046953046953047,0.0211928505450487,GIN,0.0215663075428456,1.7316687014577201,0.08900000000000001,0.9826833129846193,0.01527883880825028,1.0,True,False
0.0381045344789609,0.0009990009990009,2.3042104244232178,508,0.4,0.1147,0.0119880119880119,0.0207910388708114,GIN,0.0216146552469581,3.8104534478960903,0.2853,0.961895465519275,0.003373250126496545,0.13468013468013385,True,False
-0.0465220344925448,1.0,2.452967643737793,509,0.0,0.112,1.0,0.0226783193647861,GIN,0.0216701785698533,-4.65220344925448,-0.112,1.0465220344946895,1.0,1.0,False,False
0.0251210858725567,0.0009990009990009,2.339139938354492,510,0.0,0.1116,1.0,0.0208804588764905,GIN,0.0214185152370482,2.51210858725567,-0.1116,0.9748789141262691,0.003373250126496545,1.0,True,False
-0.0400800720116973,1.0,2.4544589519500732,511,0.0,0.108,1.0,0.0223478358238935,GIN,0.0214866493698209,-4.00800720116973,-0.108,1.040080072013563,1.0,1.0,False,False
-0.0168042405998899,0.992007992007992,2.4033660888671875,512,0.0,0.1156,1.0,0.0218711178749799,GIN,0.0215096643008291,-1.68042405998899,-0.1156,1.0168042406006712,1.0,1.0,False,False
-0.0339518349519595,1.0,2.4431345462799072,513,0.0,0.108,1.0,0.0224237721413373,GIN,0.0216874436344951,-3.39518349519595,-0.108,1.0339518349535226,1.0,1.0,False,False
-0.0218284877122791,1.0,2.4141387939453125,514,0.1,0.1116,0.6963036963036963,0.0218816641718149,GIN,0.0214142240453511,-2.18284877122791,-0.0116,1.0218284877133001,1.0,1.0,False,False
0.0025183473290555,0.3526473526473526,2.3752222061157227,515,0.0,0.1152,1.0,0.0214058104902505,GIN,0.021459853855893,0.25183473290555003,-0.1152,0.9974816526708238,0.8774001118498724,1.0,False,False
-0.0160850838369587,0.989010989010989,2.415324449539185,516,0.1,0.1185,0.7272727272727273,0.0218425579369068,GIN,0.0214967804215848,-1.60850838369587,-0.01849999999999999,1.0160850838377085,1.0,1.0,False,False
-0.0452517301245621,1.0,2.447939872741699,517,0.0,0.111,1.0,0.0224238317459821,GIN,0.0214530443716794,-4.52517301245621,-0.111,1.0452517301266695,1.0,1.0,False,False
-0.029677165644733,1.0,2.424724578857422,518,0.0,0.1095,1.0,0.0221063997596502,GIN,0.0214692531768232,-2.9677165644733003,-0.1095,1.0296771656461168,1.0,1.0,False,False
-0.0264001400761339,1.0,2.444725513458252,519,0.0,0.1142,1.0,0.0222171787172555,GIN,0.0216457284539937,-2.6400140076133902,-0.1142,1.026400140077354,1.0,1.0,False,False
0.0306229007542701,0.0009990009990009,2.3140032291412354,0,0.4,0.1121,0.0089910089910089,0.0206996127963066,GAT,0.0213535195048898,3.06229007542701,0.28790000000000004,0.9693770992442973,0.0010327644522474511,0.010097893467223819,True,True
0.0295667129207642,0.0009990009990009,2.3030917644500732,1,0.4,0.1098,0.0099900099900099,0.0206146445125341,GAT,0.0212427219748497,2.95667129207642,0.2902,0.9704332870778419,0.0010327644522474511,0.011100011100011,True,True
0.027607270310347,0.0009990009990009,2.307603359222412,2,0.7,0.1099,0.0009990009990009,0.0206774715334177,GAT,0.0212645270805805,2.7607270310347003,0.5901,0.972392729688359,0.0010327644522474511,0.0015460729746442498,True,True
0.0371614365583621,0.0009990009990009,2.2760860919952393,3,0.6,0.1138,0.0009990009990009,0.020328190177679,GAT,0.0211127710808068,3.71614365583621,0.48619999999999997,0.962838563439877,0.0010327644522474511,0.0015460729746442498,True,True
0.0360150220798587,0.0009990009990009,2.296595811843872,4,0.6,0.1111,0.0009990009990009,0.0204754397273063,GAT,0.0212404136955738,3.60150220798587,0.4889,0.9639849779184428,0.0010327644522474511,0.0015460729746442498,True,True
0.0303352415228502,0.0009990009990009,2.305515766143799,5,0.5,0.1135,0.0009990009990009,0.0204487964510917,GAT,0.0210885218549519,3.03352415228502,0.3865,0.9696647584757117,0.0010327644522474511,0.0015460729746442498,True,True
0.0240670779264098,0.0009990009990009,2.32588529586792,6,0.5,0.1112,0.0019980019980019,0.0208058264106512,GAT,0.0213189102858304,2.40670779264098,0.38880000000000003,0.9759329220724653,0.0010327644522474511,0.0026369569516776345,True,True
0.0385499380345619,0.0009990009990009,2.30035400390625,7,0.6,0.1109,0.0009990009990009,0.0205027032643556,GAT,0.0213247718997299,3.85499380345619,0.4891,0.9614500619636306,0.0010327644522474511,0.0015460729746442498,True,True
0.0264507392945231,0.0009990009990009,2.3270416259765625,8,0.6,0.1071,0.0009990009990009,0.0208664629608392,GAT,0.0214333920255303,2.6450739294523102,0.4929,0.9735492607042411,0.0010327644522474511,0.0015460729746442498,True,True
0.0344182522143251,0.0009990009990009,2.2981669902801514,9,0.6,0.1094,0.0009990009990009,0.0205982849001884,GAT,0.0213325127027928,3.4418252214325102,0.4906,0.9655817477840631,0.0010327644522474511,0.0015460729746442498,True,True
0.0280898326981638,0.0009990009990009,2.3042006492614746,10,0.6,0.1108,0.0009990009990009,0.0206737499684095,GAT,0.0212712559904903,2.80898326981638,0.48919999999999997,0.9719101673005146,0.0010327644522474511,0.0015460729746442498,True,True
0.0233195612348727,0.0009990009990009,2.320392608642578,11,0.5,0.1111,0.0039960039960039,0.0207283794879913,GAT,0.0212232974730432,2.33195612348727,0.3889,0.976680438764027,0.0010327644522474511,0.004566861709718743,True,True
0.0323987244301385,0.0009990009990009,2.293962001800537,12,0.6,0.1075,0.0009990009990009,0.0204086173325777,GAT,0.0210919702649116,3.2398724430138497,0.4925,0.9676012755683274,0.0010327644522474511,0.0015460729746442498,True,True
0.0297082038105936,0.0009990009990009,2.3024134635925293,13,0.6,0.1093,0.0009990009990009,0.0205982755869627,GAT,0.0212289495468139,2.9708203810593603,0.49069999999999997,0.97029179618801,0.0010327644522474511,0.0015460729746442498,True,True
0.0270106080469585,0.0009990009990009,2.31451678276062,14,0.6,0.1124,0.0009990009990009,0.0207972843199968,GAT,0.0213746259640902,2.70106080469585,0.4876,0.9729893919517775,0.0010327644522474511,0.0015460729746442498,True,True
0.0259786469703295,0.0009990009990009,2.317958116531372,15,0.5,0.1131,0.0039960039960039,0.0205579213798046,GAT,0.0211062327492982,2.59786469703295,0.3869,0.97402135302844,0.0010327644522474511,0.004566861709718743,True,True
0.0303065710261903,0.0009990009990009,2.3153109550476074,16,0.5,0.1147,0.0009990009990009,0.0206721685826778,GAT,0.0213182516917586,3.03065710261903,0.3853,0.9696934289723875,0.0010327644522474511,0.0015460729746442498,True,True
0.0320010185883328,0.0009990009990009,2.3007149696350098,17,0.6,0.1128,0.0009990009990009,0.0206552613526582,GAT,0.0213381023630499,3.2001018588332797,0.48719999999999997,0.9679989814101678,0.0010327644522474511,0.0015460729746442498,True,True
0.0356633798878093,0.0009990009990009,2.2902517318725586,18,0.6,0.1138,0.0009990009990009,0.0204204227775335,GAT,0.0211756168454885,3.56633798878093,0.48619999999999997,0.9643366201105071,0.0010327644522474511,0.0015460729746442498,True,True
0.037149784204466,0.0009990009990009,2.2875590324401855,19,0.7,0.1101,0.0009990009990009,0.0204560477286577,GAT,0.0212453062720596,3.7149784204465996,0.5899,0.9628502157937879,0.0010327644522474511,0.0015460729746442498,True,True
0.0353750177872829,0.0009990009990009,2.3026325702667236,20,0.5,0.1109,0.0009990009990009,0.0206267237663269,GAT,0.0213831531908363,3.53750177872829,0.3891,0.964624982211063,0.0010327644522474511,0.0015460729746442498,True,True
0.0373070666733606,0.0009990009990009,2.2898404598236084,21,0.7,0.1094,0.0009990009990009,0.0205375216901302,GAT,0.0213334085866808,3.7307066673360603,0.5906,0.962692933324893,0.0010327644522474511,0.0015460729746442498,True,True
0.0236105271736125,0.0019980019980019,2.3157193660736084,22,0.5,0.1082,0.0009990009990009,0.0206989832222461,GAT,0.0211995149459689,2.36105271736125,0.3918,0.9763894728252744,0.0020095958200405956,0.0015460729746442498,True,True
0.0346435900470114,0.0009990009990009,2.288761615753174,23,0.6,0.108,0.0009990009990009,0.0204987563192844,GAT,0.0212343918867409,3.46435900470114,0.492,0.9653564099513562,0.0010327644522474511,0.0015460729746442498,True,True
0.0362282653162747,0.0009990009990009,2.2941391468048096,24,0.5,0.1129,0.0039960039960039,0.0204429402947425,GAT,0.0212113922405987,3.6228265316274704,0.3871,0.9637717346820178,0.0010327644522474511,0.004566861709718743,True,True
0.0277228060166266,0.0009990009990009,2.3144125938415527,25,0.5,0.1149,0.0029970029970029,0.0206262208521366,GAT,0.0212143419384956,2.77228060166266,0.3851,0.9722771939820678,0.0010327644522474511,0.003541912632821609,True,True
0.0306227575591294,0.0009990009990009,2.304486036300659,26,0.5,0.1143,0.0019980019980019,0.0205476507544517,GAT,0.0211967538073658,3.06227575591294,0.3857,0.9693772424394277,0.0010327644522474511,0.0026369569516776345,True,True
0.0275328176717786,0.0009990009990009,2.3144516944885254,27,0.7,0.1098,0.0009990009990009,0.0205732509493827,GAT,0.0211557277441024,2.7532817671778598,0.5902,0.9724671823269195,0.0010327644522474511,0.0015460729746442498,True,True
0.0343160684174336,0.0009990009990009,2.3037102222442627,28,0.6,0.1088,0.0019980019980019,0.0205547995865345,GAT,0.0212852248176932,3.43160684174336,0.49119999999999997,0.9656839315809557,0.0010327644522474511,0.0026369569516776345,True,True
0.0340273011225517,0.0009990009990009,2.297231912612915,29,0.6,0.1057,0.0009990009990009,0.0205447953194379,GAT,0.0212685051485896,3.40273011225517,0.49429999999999996,0.965972698875845,0.0010327644522474511,0.0015460729746442498,True,True
0.0277484499529117,0.0009990009990009,2.3011486530303955,30,0.6,0.1152,0.0009990009990009,0.0207943655550479,GAT,0.0213878451045602,2.77484499529117,0.4848,0.9722515500457892,0.0010327644522474511,0.0015460729746442498,True,True
0.0261209772569012,0.0009990009990009,2.3133058547973633,31,0.6,0.1088,0.0009990009990009,0.0206259470432996,GAT,0.0211791675984859,2.61209772569012,0.49119999999999997,0.9738790227418641,0.0010327644522474511,0.0015460729746442498,True,True
0.0281515486766085,0.0009990009990009,2.31074595451355,32,0.6,0.1142,0.0009990009990009,0.0206875372678041,GAT,0.0212867934703826,2.81515486766085,0.4858,0.9718484513220709,0.0010327644522474511,0.0015460729746442498,True,True
0.0404265609886295,0.0009990009990009,2.2941935062408447,33,0.5,0.1049,0.0039960039960039,0.0203473046422004,GAT,0.0212045309040695,4.04265609886295,0.3951,0.9595734390094627,0.0010327644522474511,0.004566861709718743,True,True
0.0369943898908354,0.0009990009990009,2.2996644973754883,34,0.7,0.1083,0.0009990009990009,0.0204996038228273,GAT,0.0212871073726564,3.69943898908354,0.5917,0.9630056101074279,0.0010327644522474511,0.0015460729746442498,True,True
0.0260002737467991,0.0009990009990009,2.3081488609313965,35,0.5,0.1126,0.0029970029970029,0.020562520250678,GAT,0.021111423028633,2.60002737467991,0.38739999999999997,0.9739997262519664,0.0010327644522474511,0.003541912632821609,True,True
0.0308038192589465,0.0009990009990009,2.307609796524048,36,0.7,0.1153,0.0009990009990009,0.0207878313958644,GAT,0.0214485279750078,3.08038192589465,0.5847,0.9691961807396174,0.0010327644522474511,0.0015460729746442498,True,True
0.0319757209613836,0.0009990009990009,2.296220302581787,37,0.4,0.1155,0.0139860139860139,0.0204388853162527,GAT,0.02111402137205,3.1975720961383596,0.28450000000000003,0.9680242790371039,0.0010327644522474511,0.014603870025556681,True,True
0.0304527373539557,0.0009990009990009,2.303214311599731,38,0.6,0.1147,0.0009990009990009,0.0207691080868244,GAT,0.0214214498735964,3.0452737353955697,0.48529999999999995,0.9695472626446233,0.0010327644522474511,0.0015460729746442498,True,True
0.0367871922405751,0.0009990009990009,2.2837846279144287,39,0.6,0.116,0.0009990009990009,0.0204569231718778,GAT,0.0212382175642997,3.67871922405751,0.484,0.9632128077576898,0.0010327644522474511,0.0015460729746442498,True,True
0.037080556208673,0.0009990009990009,2.2881011962890625,40,0.5,0.1054,0.0009990009990009,0.0204290989786386,GAT,0.0212157923597842,3.7080556208673,0.3946,0.9629194437895789,0.0010327644522474511,0.0015460729746442498,True,True
0.0324155118131526,0.0009990009990009,2.303090810775757,41,0.8,0.1152,0.0009990009990009,0.0205280240625143,GAT,0.0212157432381063,3.24155118131526,0.6848000000000001,0.9675844881853225,0.0010327644522474511,0.0015460729746442498,True,True
0.0321873045196603,0.0009990009990009,2.306388139724731,42,0.4,0.1043,0.0089910089910089,0.0207076650112867,GAT,0.0213963560387492,3.2187304519660302,0.2957,0.9678126954788345,0.0010327644522474511,0.010097893467223819,True,True
0.0323787336447136,0.0009990009990009,2.3057291507720947,43,0.5,0.1097,0.0019980019980019,0.020523015409708,GAT,0.0212097605988383,3.23787336447136,0.3903,0.96762126635376,0.0010327644522474511,0.0026369569516776345,True,True
0.0322245426022093,0.0009990009990009,2.3041231632232666,44,0.5,0.114,0.0009990009990009,0.0204387474805116,GAT,0.0211193075049668,3.2224542602209296,0.386,0.9677754573962641,0.0010327644522474511,0.0015460729746442498,True,True
0.0303622345195663,0.0009990009990009,2.311840295791626,45,0.7,0.1108,0.0009990009990009,0.0206661410629749,GAT,0.0213132592383772,3.03622345195663,0.5892,0.9696377654790083,0.0010327644522474511,0.0015460729746442498,True,True
0.0254681108872397,0.0009990009990009,2.3091161251068115,46,0.4,0.1118,0.0119880119880119,0.020906476303935,GAT,0.0214528396017849,2.54681108872397,0.2882,0.9745318891115727,0.0010327644522474511,0.012960012960012864,True,True
0.0344855051665856,0.0009990009990009,2.306157350540161,47,0.4,0.1099,0.0169830169830169,0.020647007972002,GAT,0.0213844619449228,3.44855051665856,0.2901,0.9655144948318006,0.0010327644522474511,0.017316017316017233,True,True
0.029817819158768,0.0009990009990009,2.3079915046691895,48,0.6,0.1134,0.0009990009990009,0.0206615608185529,GAT,0.0212965783402323,2.9817819158768,0.4866,0.9701821808398319,0.0010327644522474511,0.0015460729746442498,True,True
0.0405617553127328,0.0009990009990009,2.2891626358032227,49,0.7,0.1046,0.0009990009990009,0.0204718895256519,GAT,0.0213373707365244,4.05617553127328,0.5953999999999999,0.9594382446853678,0.0010327644522474511,0.0015460729746442498,True,True
0.0319030709582121,0.0009990009990009,2.3075578212738037,50,0.7,0.1099,0.0009990009990009,0.0206319596618413,GAT,0.0213118738867342,3.19030709582121,0.5901,0.9680969290402887,0.0010327644522474511,0.0015460729746442498,True,True
0.035631275466208,0.0009990009990009,2.288872003555298,51,0.7,0.1099,0.0009990009990009,0.0205014608800411,GAT,0.0212589441761374,3.5631275466208,0.5901,0.964368724532117,0.0010327644522474511,0.0015460729746442498,True,True
0.0371156558688779,0.0009990009990009,2.2806363105773926,52,0.6,0.1121,0.0009990009990009,0.0203645471483469,GAT,0.0211495256647467,3.7115655868877897,0.4879,0.9628843441293697,0.0010327644522474511,0.0015460729746442498,True,True
0.0279967417764059,0.0009990009990009,2.307546854019165,53,0.6,0.1097,0.0009990009990009,0.0205857753753662,GAT,0.0211787102576345,2.79967417764059,0.49029999999999996,0.9720032582222726,0.0010327644522474511,0.0015460729746442498,True,True
0.0292668382725774,0.0009990009990009,2.320556640625,54,0.5,0.1069,0.0009990009990009,0.0206379517912864,GAT,0.0212601697407662,2.9266838272577402,0.3931,0.9707331617260466,0.0010327644522474511,0.0015460729746442498,True,True
0.0422258823846159,0.0009990009990009,2.288578748703003,55,0.5,0.1087,0.0009990009990009,0.0203202031552791,GAT,0.0212160704508423,4.22258823846159,0.3913,0.9577741176133946,0.0010327644522474511,0.0015460729746442498,True,True
0.0349744747208025,0.0009990009990009,2.2947845458984375,56,0.5,0.1093,0.0019980019980019,0.0204095728695392,GAT,0.0211492570247501,3.4974474720802498,0.3907,0.9650255252775415,0.0010327644522474511,0.0026369569516776345,True,True
0.0376742730656241,0.0009990009990009,2.3007683753967285,57,0.5,0.108,0.0009990009990009,0.0205337442457675,GAT,0.0213376237079501,3.7674273065624098,0.392,0.9623257269326065,0.0010327644522474511,0.0015460729746442498,True,True
0.0366621238202809,0.0009990009990009,2.29834508895874,58,0.4,0.1114,0.0139860139860139,0.020554281771183,GAT,0.0213365240581333,3.66621238202809,0.2886,0.963337876178003,0.0010327644522474511,0.014603870025556681,True,True
0.029008624570135,0.0009990009990009,2.310710906982422,59,0.7,0.1137,0.0009990009990009,0.02069778367877,GAT,0.0213161354493349,2.9008624570135,0.5862999999999999,0.9709913754285047,0.0010327644522474511,0.0015460729746442498,True,True
0.0275332798289595,0.0019980019980019,2.3087711334228516,60,0.6,0.1126,0.0009990009990009,0.0207098256796598,GAT,0.0212961793448776,2.75332798289595,0.48739999999999994,0.9724667201697454,0.0020095958200405956,0.0015460729746442498,True,True
0.0309839242310313,0.0009990009990009,2.301279783248902,61,0.6,0.1139,0.0009990009990009,0.0206318609416484,GAT,0.0212915569283068,3.09839242310313,0.4861,0.9690160757675103,0.0010327644522474511,0.0015460729746442498,True,True
0.0248790048579433,0.0009990009990009,2.309986114501953,62,0.4,0.1108,0.0149850149850149,0.0208533853292465,GAT,0.0213854336366057,2.48790048579433,0.2892,0.975120995140894,0.0010327644522474511,0.015430114440015342,True,True
0.036075631311719,0.0009990009990009,2.301381826400757,63,0.7,0.1067999999999999,0.0009990009990009,0.0204229988157749,GAT,0.0211873456872999,3.6075631311719003,0.5932000000000001,0.9639243686865805,0.0010327644522474511,0.0015460729746442498,True,True
0.0294521739985839,0.0009990009990009,2.2937023639678955,64,0.5,0.1097,0.0009990009990009,0.0204988699406385,GAT,0.0211209271624684,2.94521739985839,0.3903,0.9705478260000211,0.0010327644522474511,0.0015460729746442498,True,True
0.0365258241870529,0.0009990009990009,2.2981860637664795,65,0.5,0.1065,0.0019980019980019,0.020596969872713,GAT,0.0213778120782226,3.6525824187052898,0.3935,0.9634741758112356,0.0010327644522474511,0.0026369569516776345,True,True
0.0364550855454625,0.0009990009990009,2.295485258102417,66,0.6,0.1102,0.0009990009990009,0.0205511283129453,GAT,0.0213286666814237,3.64550855454625,0.48979999999999996,0.963544914452829,0.0010327644522474511,0.0015460729746442498,True,True
0.0348880388319818,0.0009990009990009,2.2978262901306152,67,0.7,0.1123,0.0009990009990009,0.0205519590526819,GAT,0.0212948962189257,3.48880388319818,0.5877,0.9651119611663793,0.0010327644522474511,0.0015460729746442498,True,True
0.0276701812881966,0.0009990009990009,2.304033041000366,68,0.6,0.1095,0.0009990009990009,0.0207063853740692,GAT,0.0212956395819783,2.76701812881966,0.4905,0.9723298187105043,0.0010327644522474511,0.0015460729746442498,True,True
0.040879442604395,0.0009990009990009,2.297832727432251,69,0.5,0.115,0.0019980019980019,0.0202286057174205,GAT,0.0210907852631062,4.0879442604395,0.385,0.9591205573936644,0.0010327644522474511,0.0026369569516776345,True,True
0.0346093282631406,0.0009990009990009,2.2922818660736084,70,0.7,0.1082,0.0009990009990009,0.0205441117286682,GAT,0.0212806196808815,3.46093282631406,0.5918,0.9653906717352324,0.0010327644522474511,0.0015460729746442498,True,True
0.0291987069731775,0.0009990009990009,2.302610397338867,71,0.6,0.1144,0.0009990009990009,0.0206943452358245,GAT,0.021316767277196,2.9198706973177497,0.4856,0.9708012930254512,0.0010327644522474511,0.0015460729746442498,True,True
0.0348649647661639,0.0009990009990009,2.3046185970306396,72,0.7,0.1147,0.0009990009990009,0.0204131659120321,GAT,0.021150580143556,3.48649647661639,0.5852999999999999,0.9651350352321864,0.0010327644522474511,0.0015460729746442498,True,True
0.0326114263171555,0.0009990009990009,2.3103187084198,73,0.6,0.1141,0.0009990009990009,0.0204417500644922,GAT,0.0211308574657887,3.26114263171555,0.4859,0.967388573681301,0.0010327644522474511,0.0015460729746442498,True,True
0.0350670568223235,0.0009990009990009,2.30354380607605,74,0.7,0.1076,0.0009990009990009,0.0205198340117931,GAT,0.0212655544169247,3.50670568223235,0.5923999999999999,0.9649329431760264,0.0010327644522474511,0.0015460729746442498,True,True
0.0296410106429859,0.0009990009990009,2.3116328716278076,75,0.6,0.1119,0.0009990009990009,0.0206204261630773,GAT,0.0212503067310899,2.96410106429859,0.4881,0.9703589893556188,0.0010327644522474511,0.0015460729746442498,True,True
0.0297415143814238,0.0009990009990009,2.2983994483947754,76,0.8,0.1092,0.0009990009990009,0.0207388699054718,GAT,0.0213745823539793,2.9741514381423797,0.6908000000000001,0.9702584856171868,0.0010327644522474511,0.0015460729746442498,True,True
0.0377510408666767,0.0009990009990009,2.2936794757843018,77,0.8,0.113,0.0009990009990009,0.0203727725893259,GAT,0.0211720391027629,3.77510408666767,0.687,0.9622489591315417,0.0010327644522474511,0.0015460729746442498,True,True
0.0383350881813533,0.0009990009990009,2.290735960006714,78,0.7,0.1086,0.0009990009990009,0.0205864030867815,GAT,0.0214070440065115,3.83350881813533,0.5913999999999999,0.9616649118168589,0.0010327644522474511,0.0015460729746442498,True,True
0.0329770266234902,0.0009990009990009,2.295483112335205,79,0.7,0.1101,0.0009990009990009,0.020507238805294,GAT,0.0212065683752298,3.2977026623490198,0.5899,0.9670229733749545,0.0010327644522474511,0.0015460729746442498,True,True
0.0284708139435076,0.0009990009990009,2.304115295410156,80,0.6,0.1064,0.0009990009990009,0.0205308087170124,GAT,0.0211324672605842,2.84708139435076,0.4936,0.9715291860551465,0.0010327644522474511,0.0015460729746442498,True,True
0.0225753960404533,0.0019980019980019,2.313237428665161,81,0.7,0.1104,0.0009990009990009,0.0208707060664892,GAT,0.0213527529202401,2.25753960404533,0.5895999999999999,0.9774246039584914,0.0020095958200405956,0.0015460729746442498,True,True
0.0371294833577721,0.0009990009990009,2.3005595207214355,82,0.5,0.1139,0.0029970029970029,0.0205541215837001,GAT,0.021346714047715,3.71294833577721,0.3861,0.9628705166404877,0.0010327644522474511,0.003541912632821609,True,True
0.0407473364180766,0.0009990009990009,2.30139684677124,83,0.5,0.1054,0.0019980019980019,0.0204200539737939,GAT,0.0212874613218009,4.0747336418076605,0.3946,0.9592526635800075,0.0010327644522474511,0.0026369569516776345,True,True
0.0252192722674374,0.0009990009990009,2.3034589290618896,84,0.5,0.1057,0.0009990009990009,0.0206925477832555,GAT,0.0212278999723494,2.52192722674374,0.3943,0.9747807277313711,0.0010327644522474511,0.0015460729746442498,True,True
0.0254408647939768,0.0009990009990009,2.3223395347595215,85,0.5,0.1134,0.0019980019980019,0.020796013996005,GAT,0.0213388939108699,2.5440864793976803,0.3866,0.9745591352048307,0.0010327644522474511,0.0026369569516776345,True,True
0.0340562790216762,0.0009990009990009,2.298717498779297,86,0.5,0.112,0.0009990009990009,0.02031403593719,GAT,0.0210302479285746,3.4056279021676197,0.388,0.9659437209767053,0.0010327644522474511,0.0015460729746442498,True,True
0.0340742793034562,0.0009990009990009,2.298837661743164,87,0.7,0.1062,0.0009990009990009,0.0206795018166303,GAT,0.0214089979939162,3.40742793034562,0.5938,0.9659257206949527,0.0010327644522474511,0.0015460729746442498,True,True
0.0318929577249451,0.0009990009990009,2.3085246086120605,88,0.4,0.114,0.0129870129870129,0.020548865199089,GAT,0.0212258193586021,3.1892957724945097,0.28600000000000003,0.9681070422735529,0.0010327644522474511,0.013867036454305355,True,True
0.0333007152861652,0.0009990009990009,2.3006322383880615,89,0.6,0.1102,0.0009990009990009,0.0206446163356304,GAT,0.0213557790536433,3.3300715286165197,0.48979999999999996,0.9666992847122767,0.0010327644522474511,0.0015460729746442498,True,True
0.0379844221077545,0.0009990009990009,2.3000335693359375,90,0.7,0.114,0.0009990009990009,0.020396489650011,GAT,0.021201828867197,3.7984422107754496,0.586,0.9620155778904524,0.0010327644522474511,0.0015460729746442498,True,True
0.0399063795050158,0.0009990009990009,2.2959141731262207,91,0.5,0.1151,0.0059940059940059,0.0204855427145957,GAT,0.0213370261788368,3.99063795050158,0.3849,0.9600936204931104,0.0010327644522474511,0.006820313166046101,True,True
0.0291297923210863,0.0009990009990009,2.3049845695495605,92,0.6,0.1098,0.0009990009990009,0.0207473579794168,GAT,0.0213698574900627,2.91297923210863,0.49019999999999997,0.970870207677549,0.0010327644522474511,0.0015460729746442498,True,True
0.038202209117636,0.0009990009990009,2.2960212230682373,93,0.5,0.1072,0.0009990009990009,0.0205112434923648,GAT,0.0213259415719658,3.8202209117635997,0.3928,0.9617977908805693,0.0010327644522474511,0.0015460729746442498,True,True
0.0352418396797585,0.0009990009990009,2.303713083267212,94,0.5,0.1124,0.0029970029970029,0.0205026119947433,GAT,0.0212515559215098,3.5241839679758504,0.3876,0.9647581603185836,0.0010327644522474511,0.003541912632821609,True,True
0.0386241743461962,0.0009990009990009,2.297010660171509,95,0.4,0.1128,0.0149850149850149,0.0204798746854066,GAT,0.0213026728350669,3.86241743461962,0.2872,0.9613758256519873,0.0010327644522474511,0.015430114440015342,True,True
0.032752014821488,0.0009990009990009,2.3028104305267334,96,0.6,0.1106,0.0009990009990009,0.0205827895551919,GAT,0.0212797440476715,3.2752014821488,0.48939999999999995,0.9672479851769711,0.0010327644522474511,0.0015460729746442498,True,True
0.0373335855019853,0.0009990009990009,2.2989697456359863,97,0.6,0.1073,0.0009990009990009,0.0204751882702112,GAT,0.0212692454643547,3.7333585501985302,0.49269999999999997,0.9626664144962609,0.0010327644522474511,0.0015460729746442498,True,True
0.0280755145217532,0.0009990009990009,2.310729742050171,98,0.7,0.11,0.0009990009990009,0.0205863192677497,GAT,0.0211809863578528,2.80755145217532,0.59,0.971924485476918,0.0010327644522474511,0.0015460729746442498,True,True
0.0345559646748607,0.0009990009990009,2.296835660934448,99,0.4,0.1067,0.0109890109890109,0.0204555634409189,GAT,0.0211877257432788,3.4555964674860697,0.2933,0.9654440353235101,0.0010327644522474511,0.01200480192076821,True,True
0.0301027275388268,0.0009990009990009,2.307382345199585,100,0.4,0.1130999999999999,0.0139860139860139,0.0206658355891704,GAT,0.0213072416801005,3.01027275388268,0.28690000000000015,0.9698972724597604,0.0010327644522474511,0.014603870025556681,True,True
0.0325702383950725,0.0009990009990009,2.291246175765991,101,0.5,0.107,0.0019980019980019,0.0206669308245182,GAT,0.0213627196978777,3.2570238395072497,0.393,0.9674297616034057,0.0010327644522474511,0.0026369569516776345,True,True
0.038632134026804,0.0009990009990009,2.295921087265014,102,0.5,0.1120999999999999,0.0039960039960039,0.0204529538750648,GAT,0.0212748466003686,3.8632134026804,0.38790000000000013,0.9613678659713787,0.0010327644522474511,0.004566861709718743,True,True
0.0295961989137571,0.0009990009990009,2.3016653060913086,103,0.5,0.1088,0.0029970029970029,0.0205895155668258,GAT,0.0212174720913171,2.9596198913757097,0.3912,0.9704038010848484,0.0010327644522474511,0.003541912632821609,True,True
0.0290055672468664,0.0009990009990009,2.3097281455993652,104,0.5,0.1176,0.0009990009990009,0.0209417566657066,GAT,0.0215673292856663,2.90055672468664,0.3824,0.9709944327517892,0.0010327644522474511,0.0015460729746442498,True,True
0.0304097133412735,0.0009990009990009,2.317549467086792,105,0.7,0.105,0.0009990009990009,0.0209319163113832,GAT,0.021588413786143,3.04097133412735,0.595,0.9695902866573186,0.0010327644522474511,0.0015460729746442498,True,True
0.0309899435654319,0.0009990009990009,2.3034281730651855,106,0.4,0.1115,0.0129870129870129,0.0208716299384832,GAT,0.0215391262453049,3.0989943565431903,0.28850000000000003,0.9690100564331294,0.0010327644522474511,0.013867036454305355,True,True
0.0264091632450843,0.0009990009990009,2.313237190246582,107,0.5,0.116,0.0009990009990009,0.0211592074483633,GAT,0.0217331620734184,2.6409163245084297,0.384,0.9735908367537047,0.0010327644522474511,0.0015460729746442498,True,True
0.0357482429765931,0.0009990009990009,2.2940664291381836,108,0.5,0.1153,0.0029970029970029,0.0207167509943246,GAT,0.0214847946539521,3.5748242976593096,0.3847,0.9642517570217402,0.0010327644522474511,0.003541912632821609,True,True
0.0349293062803157,0.0009990009990009,2.3038527965545654,109,0.5,0.11,0.0019980019980019,0.0207037981599569,GAT,0.0214531415104866,3.49293062803157,0.39,0.9650706937180548,0.0010327644522474511,0.0026369569516776345,True,True
0.0351837138776458,0.0009990009990009,2.2909908294677734,110,0.7,0.1142,0.0009990009990009,0.0207157023251056,GAT,0.0214711366537958,3.51837138776458,0.5858,0.9648162861207141,0.0010327644522474511,0.0015460729746442498,True,True
0.0316955571219212,0.0009990009990009,2.298518180847168,111,0.6,0.113,0.0009990009990009,0.0210533030331134,GAT,0.0217424418404698,3.1695557121921203,0.487,0.968304442876619,0.0010327644522474511,0.0015460729746442498,True,True
0.0274369336828901,0.0009990009990009,2.315990924835205,112,0.7,0.1130999999999999,0.0009990009990009,0.0210666209459304,GAT,0.0216609304584562,2.74369336828901,0.5869000000000001,0.9725630663158431,0.0010327644522474511,0.0015460729746442498,True,True
0.0331649583281035,0.0009990009990009,2.312117099761963,113,0.5,0.1149,0.0029970029970029,0.0209370143711566,GAT,0.0216552084572613,3.3164958328103498,0.3851,0.9668350416703617,0.0010327644522474511,0.003541912632821609,True,True
0.0431180432193411,0.0009990009990009,2.2952845096588135,114,0.7,0.1135,0.0009990009990009,0.0206908080726861,GAT,0.0216231562588363,4.31180432193411,0.5864999999999999,0.9568819567786643,0.0010327644522474511,0.0015460729746442498,True,True
0.0250952521920953,0.0009990009990009,2.3091118335723877,115,0.5,0.1091,0.0029970029970029,0.021034711971879,GAT,0.0215761714354157,2.50952521920953,0.3909,0.9749047478067431,0.0010327644522474511,0.003541912632821609,True,True
0.0263259612495032,0.0009990009990009,2.322831869125366,116,0.7,0.1065,0.0009990009990009,0.0209503211081028,GAT,0.0215167707819491,2.6325961249503202,0.5934999999999999,0.973674038749276,0.0010327644522474511,0.0015460729746442498,True,True
0.028267577000672,0.0009990009990009,2.3047492504119873,117,0.6,0.112,0.0009990009990009,0.0209255535155534,GAT,0.0215342753008008,2.8267577000672,0.488,0.9717324229980119,0.0010327644522474511,0.0015460729746442498,True,True
0.0297348250457884,0.0009990009990009,2.322584867477417,118,0.4,0.1073,0.0139860139860139,0.0209853835403919,GAT,0.0216285033021122,2.9734825045788402,0.2927,0.9702651749528367,0.0010327644522474511,0.014603870025556681,True,True
0.0292510497869487,0.0009990009990009,2.309852600097656,119,0.5,0.1135,0.0019980019980019,0.0209928359836339,GAT,0.0216254016850143,2.9251049786948697,0.3865,0.9707489502116973,0.0010327644522474511,0.0026369569516776345,True,True
0.0274571181591575,0.0009990009990009,2.3128979206085205,120,0.7,0.1119,0.0009990009990009,0.0209278166294097,GAT,0.0215186569355428,2.74571181591575,0.5881,0.9725428818395633,0.0010327644522474511,0.0015460729746442498,True,True
0.0279868344644122,0.0009990009990009,2.3176021575927734,121,0.6,0.1113,0.0009990009990009,0.0208339877426624,GAT,0.0214338534511625,2.79868344644122,0.48869999999999997,0.972013165534284,0.0010327644522474511,0.0015460729746442498,True,True
0.0363360432093523,0.0009990009990009,2.2961010932922363,122,0.5,0.1051,0.0009990009990009,0.0207200348377227,GAT,0.0215013072676956,3.6336043209352296,0.39490000000000003,0.963663956788957,0.0010327644522474511,0.0015460729746442498,True,True
0.0241751941783071,0.0009990009990009,2.3220794200897217,123,0.6,0.1086,0.0009990009990009,0.0211470052599906,GAT,0.0216709035616368,2.41751941783071,0.49139999999999995,0.9758248058205732,0.0010327644522474511,0.0015460729746442498,True,True
0.0328472877665497,0.0009990009990009,2.311131000518799,124,0.5,0.1067,0.0039960039960039,0.0210514180362224,GAT,0.0217663847394287,3.28472877665497,0.3933,0.9671527122319411,0.0010327644522474511,0.004566861709718743,True,True
0.0421577670771086,0.0009990009990009,2.295819044113159,125,0.5,0.1156,0.0029970029970029,0.0207982137799263,GAT,0.0217136111408472,4.2157767077108605,0.3844,0.95784223292095,0.0010327644522474511,0.003541912632821609,True,True
0.0298818431814637,0.0009990009990009,2.314232349395752,126,0.6,0.1096,0.0009990009990009,0.0210175644606351,GAT,0.0216649531945586,2.98818431814637,0.49039999999999995,0.9701181568171539,0.0010327644522474511,0.0015460729746442498,True,True
0.0382189056628389,0.0009990009990009,2.287168264389038,127,0.6,0.1125,0.0009990009990009,0.0205622725188732,GAT,0.021379368590191,3.82189056628389,0.4875,0.9617810943353731,0.0010327644522474511,0.0015460729746442498,True,True
0.0385381516632538,0.0009990009990009,2.3000221252441406,128,0.6,0.1166,0.0009990009990009,0.0207514204084873,GAT,0.0215831969249993,3.8538151663253797,0.4834,0.9614618483349623,0.0010327644522474511,0.0015460729746442498,True,True
0.0369922292030677,0.0009990009990009,2.2910656929016113,129,0.4,0.1126,0.0129870129870129,0.0207348205149173,GAT,0.0215313117336481,3.69922292030677,0.2874,0.9630077707952144,0.0010327644522474511,0.013867036454305355,True,True
0.0338245868652209,0.0009990009990009,2.3024532794952393,130,0.5,0.1141,0.0019980019980019,0.0208675544708967,GAT,0.0215981013253331,3.38245868652209,0.3859,0.9661754131332129,0.0010327644522474511,0.0026369569516776345,True,True
0.0256283913047736,0.0009990009990009,2.3122053146362305,131,0.6,0.1106,0.0009990009990009,0.0208699703216552,GAT,0.0214189023319631,2.56283913047736,0.48939999999999995,0.9743716086940303,0.0010327644522474511,0.0015460729746442498,True,True
0.0358303406350655,0.0009990009990009,2.3045408725738525,132,0.7,0.1116,0.0009990009990009,0.0207355394959449,GAT,0.0215061107706278,3.5830340635065503,0.5883999999999999,0.9641696593632674,0.0010327644522474511,0.0015460729746442498,True,True
0.0348440818752646,0.0009990009990009,2.3056070804595947,133,0.5,0.105,0.0009990009990009,0.0205744802951812,GAT,0.0213172606714069,3.4844081875264603,0.395,0.9651559181231011,0.0010327644522474511,0.0015460729746442498,True,True
0.0312607441581909,0.0009990009990009,2.3049001693725586,134,0.5,0.1131,0.0009990009990009,0.0209680274128913,GAT,0.0216446554493159,3.12607441581909,0.3869,0.9687392558403611,0.0010327644522474511,0.0015460729746442498,True,True
0.0287677158717638,0.0009990009990009,2.319846868515014,135,0.5,0.1081,0.0019980019980019,0.0210855789482593,GAT,0.0217101297937333,2.87677158717638,0.3919,0.9712322841269113,0.0010327644522474511,0.0026369569516776345,True,True
0.0171714345594957,0.0059940059940059,2.3395040035247803,136,0.5,0.106,0.0019980019980019,0.0212140828371047,GAT,0.0215847235042601,1.71714345594957,0.394,0.982828565439708,0.006005555138503022,0.0026369569516776345,True,True
0.0277117196849702,0.0009990009990009,2.3024394512176514,137,0.4,0.1078,0.0099900099900099,0.020947840064764,GAT,0.0215448859035968,2.77117196849702,0.2922,0.9722882803137458,0.0010327644522474511,0.011100011100011,True,True
0.027228432305777,0.0009990009990009,2.329373836517334,138,0.6,0.11,0.0009990009990009,0.0211142972111701,GAT,0.0217052984610199,2.7228432305777,0.49,0.9727715676929682,0.0010327644522474511,0.0015460729746442498,True,True
0.0314748648422256,0.0009990009990009,2.3014979362487793,139,0.8,0.1095,0.0009990009990009,0.020888302475214,GAT,0.021567124813795,3.14748648422256,0.6905,0.9685251351563189,0.0010327644522474511,0.0015460729746442498,True,True
0.0358263876484288,0.0009990009990009,2.3082497119903564,140,0.7,0.1156,0.0009990009990009,0.0207809694111347,GAT,0.0215531405806541,3.58263876484288,0.5843999999999999,0.96417361234991,0.0010327644522474511,0.0015460729746442498,True,True
0.022634567201424,0.0009990009990009,2.3251264095306396,141,0.6,0.1114,0.0009990009990009,0.0211109723895788,GAT,0.0215998762398958,2.2634567201424,0.4886,0.9773654327975279,0.0010327644522474511,0.0015460729746442498,True,True
0.0279097230670486,0.0009990009990009,2.3231348991394043,142,0.6,0.1088,0.0009990009990009,0.0209039039909839,GAT,0.0215040768198668,2.79097230670486,0.49119999999999997,0.972090276931655,0.0010327644522474511,0.0015460729746442498,True,True
0.0340949597456539,0.0009990009990009,2.300474166870117,143,0.4,0.1098,0.0159840159840159,0.0206871926784515,GAT,0.0214174187071621,3.40949597456539,0.2902,0.9659050402527543,0.0010327644522474511,0.01632944658484925,True,True
0.0291656262499406,0.0009990009990009,2.312788724899292,144,0.7,0.1095,0.0009990009990009,0.0211176108568906,GAT,0.0217520222067832,2.91656262499406,0.5904999999999999,0.9708343737487191,0.0010327644522474511,0.0015460729746442498,True,True
0.0380417960210953,0.0009990009990009,2.304365634918213,145,0.6,0.1085999999999999,0.0009990009990009,0.0205582566559314,GAT,0.0213712576813995,3.80417960210953,0.49140000000000006,0.961958203977125,0.0010327644522474511,0.0015460729746442498,True,True
0.0344926700621629,0.0009990009990009,2.307830572128296,146,0.6,0.1094,0.0019980019980019,0.0208300184458494,GAT,0.0215741691440343,3.4492670062162905,0.4906,0.9655073299362413,0.0010327644522474511,0.0026369569516776345,True,True
0.0322375260941356,0.0009990009990009,2.3098654747009277,147,0.6,0.1104,0.0009990009990009,0.0208103209733963,GAT,0.0215035419687628,3.22375260941356,0.4896,0.9677624739043684,0.0010327644522474511,0.0015460729746442498,True,True
0.0327405020323128,0.0009990009990009,2.3097851276397705,148,0.6,0.1107,0.0009990009990009,0.020939590409398,GAT,0.0216483688745647,3.27405020323128,0.48929999999999996,0.967259497966174,0.0010327644522474511,0.0015460729746442498,True,True
0.0327085227861549,0.0009990009990009,2.3050169944763184,149,0.8,0.1101,0.0009990009990009,0.0209555905312299,GAT,0.0216641943249851,3.2708522786154903,0.6899000000000001,0.967291477212334,0.0010327644522474511,0.0015460729746442498,True,True
0.030993805899828,0.0009990009990009,2.3119168281555176,150,0.5,0.1127,0.0009990009990009,0.0209291353821754,GAT,0.0215985568612813,3.0993805899828,0.3873,0.969006194098739,0.0010327644522474511,0.0015460729746442498,True,True
0.0277816882554838,0.0009990009990009,2.314913272857666,151,0.5,0.1074,0.0019980019980019,0.0209464561194181,GAT,0.0215450129527598,2.77816882554838,0.3926,0.9722183117432274,0.0010327644522474511,0.0026369569516776345,True,True
0.0347961612216761,0.0009990009990009,2.3062143325805664,152,0.6,0.1076,0.0009990009990009,0.0207620915025472,GAT,0.0215105770081281,3.47961612216761,0.49239999999999995,0.9652038387767065,0.0010327644522474511,0.0015460729746442498,True,True
0.0331223187641367,0.0009990009990009,2.3143503665924072,153,0.6,0.1105,0.0009990009990009,0.0208674557507038,GAT,0.0215823119673877,3.3122318764136702,0.4895,0.9668776812343323,0.0010327644522474511,0.0015460729746442498,True,True
0.023741414482186,0.0009990009990009,2.316314935684204,154,0.7,0.1128,0.0009990009990009,0.0211258195340633,GAT,0.0216395736206322,2.3741414482186,0.5871999999999999,0.9762585855167192,0.0010327644522474511,0.0015460729746442498,True,True
0.0294322195529914,0.0009990009990009,2.300227403640747,155,0.6,0.1128,0.0019980019980019,0.020972229540348,GAT,0.0216082070339471,2.94322195529914,0.48719999999999997,0.9705677804456445,0.0010327644522474511,0.0026369569516776345,True,True
0.0359493408872327,0.0009990009990009,2.284085512161255,156,0.6,0.1094,0.0009990009990009,0.0206449348479509,GAT,0.0214147821515798,3.59493408872327,0.4906,0.9640506591110894,0.0010327644522474511,0.0015460729746442498,True,True
0.0409362875821999,0.0009990009990009,2.304363250732422,157,0.6,0.1137,0.0009990009990009,0.0205821674317121,GAT,0.0214606883414089,4.09362875821999,0.48629999999999995,0.9590637124158933,0.0010327644522474511,0.0015460729746442498,True,True
0.0233331613501738,0.0019980019980019,2.3327298164367676,158,0.6,0.1133,0.0009990009990009,0.0212001763284206,GAT,0.0217066613603383,2.3333161350173803,0.48669999999999997,0.9766668386487508,0.0020095958200405956,0.0015460729746442498,True,True
0.0337336996627984,0.0009990009990009,2.296499252319336,159,0.5,0.1146,0.0009990009990009,0.0208880510181188,GAT,0.0216172819137573,3.37336996627984,0.3854,0.9662663003356394,0.0010327644522474511,0.0015460729746442498,True,True
0.0305130743891933,0.0009990009990009,2.310021162033081,160,0.6,0.111,0.0009990009990009,0.0209194179624319,GAT,0.0215778237022459,3.05130743891933,0.489,0.9694869256093945,0.0010327644522474511,0.0015460729746442498,True,True
0.0313891794741541,0.0009990009990009,2.3071541786193848,161,0.6,0.1097,0.0009990009990009,0.0208524595946073,GAT,0.0215282125212252,3.1389179474154103,0.49029999999999996,0.968610820524386,0.0010327644522474511,0.0015460729746442498,True,True
0.0272903267081786,0.0019980019980019,2.3271923065185547,162,0.6,0.1166,0.0009990009990009,0.0209938753396272,GAT,0.0215828791633248,2.72903267081786,0.4834,0.9727096732905552,0.0020095958200405956,0.0015460729746442498,True,True
0.0362225881010378,0.0009990009990009,2.2993741035461426,163,0.5,0.1109,0.0029970029970029,0.0208002049475908,GAT,0.0215819593723863,3.6222588101037805,0.3891,0.963777411897284,0.0010327644522474511,0.003541912632821609,True,True
0.0344774053974521,0.0009990009990009,2.2940807342529297,164,0.4,0.1143,0.0159840159840159,0.0207502543926239,GAT,0.021491215750575,3.4477405397452103,0.2857,0.9655225946009465,0.0010327644522474511,0.01632944658484925,True,True
0.0315045398837252,0.0009990009990009,2.307542085647583,165,0.6,0.115,0.0009990009990009,0.0208455249667167,GAT,0.0215236166045069,3.1504539883725204,0.485,0.9684954601148112,0.0010327644522474511,0.0015460729746442498,True,True
0.0354662351191189,0.0009990009990009,2.299692153930664,166,0.6,0.1064,0.0009990009990009,0.0208126585930585,GAT,0.0215779471397399,3.54662351191189,0.4936,0.9645337648792375,0.0010327644522474511,0.0015460729746442498,True,True
0.0278138917029509,0.0009990009990009,2.30287504196167,167,0.7,0.1095,0.0009990009990009,0.0210092198103666,GAT,0.0216102859638631,2.78138917029509,0.5904999999999999,0.9721861082957621,0.0010327644522474511,0.0015460729746442498,True,True
0.0314430267423891,0.0009990009990009,2.314060688018799,168,0.6,0.1114,0.0009990009990009,0.0209027342498302,GAT,0.0215813161507248,3.14430267423891,0.4886,0.9685569732561556,0.0010327644522474511,0.0015460729746442498,True,True
0.0274963363909438,0.0009990009990009,2.3069851398468018,169,0.4,0.1108,0.0109890109890109,0.0209570918232202,GAT,0.0215496276337653,2.7496336390943803,0.2892,0.9725036636077796,0.0010327644522474511,0.01200480192076821,True,True
0.0335042333142638,0.0009990009990009,2.3017094135284424,170,0.5,0.1105,0.0019980019980019,0.020791782066226,GAT,0.0215125433374196,3.35042333142638,0.3895,0.9664957666841797,0.0010327644522474511,0.0026369569516776345,True,True
0.032323811093154,0.0009990009990009,2.3104772567749023,171,0.7,0.1078,0.0009990009990009,0.0207909289747476,GAT,0.0214854196198284,3.2323811093154,0.5922,0.9676761889053416,0.0010327644522474511,0.0015460729746442498,True,True
0.0318094479926686,0.0009990009990009,2.3124492168426514,172,0.5,0.114,0.0029970029970029,0.0206691659986972,GAT,0.0213482417855411,3.1809447992668596,0.386,0.968190552005841,0.0010327644522474511,0.003541912632821609,True,True
0.0245164153838671,0.0009990009990009,2.3135194778442383,173,0.4,0.1061,0.0109890109890109,0.0210170727223157,GAT,0.0215452859010547,2.4516415383867103,0.29390000000000005,0.9754835846149926,0.0010327644522474511,0.01200480192076821,True,True
0.0352201699449368,0.0009990009990009,2.307753324508667,174,0.7,0.107,0.0009990009990009,0.0207852777093648,GAT,0.0215440632794052,3.5220169944936797,0.593,0.9647798300534258,0.0010327644522474511,0.0015460729746442498,True,True
0.0353850720237201,0.0009990009990009,2.3042285442352295,175,0.4,0.1117,0.0119880119880119,0.0207794215530157,GAT,0.0215416752845048,3.53850720237201,0.2883,0.9646149279746408,0.0010327644522474511,0.012960012960012864,True,True
0.0293174844339395,0.0009990009990009,2.3060615062713623,176,0.6,0.1056,0.0009990009990009,0.0207553207874298,GAT,0.0213821928948164,2.93174844339395,0.49439999999999995,0.9706825155646889,0.0010327644522474511,0.0015460729746442498,True,True
0.032712317362726,0.0009990009990009,2.306669235229492,177,0.6,0.106,0.0009990009990009,0.0210889633744955,GAT,0.021802162637934,3.2712317362726,0.494,0.967287682635777,0.0010327644522474511,0.0015460729746442498,True,True
0.0284789621809597,0.0009990009990009,2.3128623962402344,178,0.5,0.1128,0.0019980019980019,0.020839836448431,GAT,0.0214507310055196,2.8478962180959697,0.3872,0.9715210378177133,0.0010327644522474511,0.0026369569516776345,True,True
0.0354181313071673,0.0009990009990009,2.3146352767944336,179,0.5,0.1096,0.0009990009990009,0.0209183283150196,GAT,0.0216864208150655,3.5418131307167298,0.39039999999999997,0.9645818686911993,0.0010327644522474511,0.0015460729746442498,True,True
0.0366391780027735,0.0009990009990009,2.3078882694244385,180,0.6,0.11,0.0009990009990009,0.0209346991032362,GAT,0.0217309014704078,3.66391780027735,0.49,0.9633608219955424,0.0010327644522474511,0.0015460729746442498,True,True
0.0259874696914786,0.0009990009990009,2.308340549468994,181,0.5,0.1116,0.0019980019980019,0.0210667736828327,GAT,0.0216288528405129,2.59874696914786,0.38839999999999997,0.974012530307323,0.0010327644522474511,0.0026369569516776345,True,True
0.0240175562071473,0.0009990009990009,2.3272221088409424,182,0.7,0.1080999999999999,0.0009990009990009,0.0209495481103658,GAT,0.0214650870449841,2.4017556207147304,0.5919000000000001,0.9759824437917307,0.0010327644522474511,0.0015460729746442498,True,True
0.0350190698725148,0.0009990009990009,2.2964346408843994,183,0.5,0.1099,0.0009990009990009,0.0207225084304809,GAT,0.0214745263699442,3.5019069872514805,0.3901,0.9649809301258525,0.0010327644522474511,0.0015460729746442498,True,True
0.027363031262606,0.0009990009990009,2.3042924404144287,184,0.6,0.1158,0.0009990009990009,0.0207749251276254,GAT,0.0213593825809657,2.7363031262605997,0.48419999999999996,0.9726369687361125,0.0010327644522474511,0.0015460729746442498,True,True
0.0327202342694551,0.0009990009990009,2.3118362426757812,185,0.5,0.1102,0.0009990009990009,0.0209935847669839,GAT,0.0217037360966205,3.27202342694551,0.3898,0.967279765729036,0.0010327644522474511,0.0015460729746442498,True,True
0.0335293796678052,0.0009990009990009,2.3008599281311035,186,0.6,0.1112,0.0009990009990009,0.0208300556987524,GAT,0.0215527045112103,3.35293796678052,0.4888,0.96647062033064,0.0010327644522474511,0.0015460729746442498,True,True
0.0256175331324577,0.0009990009990009,2.3208279609680176,187,0.4,0.1155,0.0119880119880119,0.0210529156029224,GAT,0.0216064187511801,2.5617533132457697,0.28450000000000003,0.9743824668663581,0.0010327644522474511,0.012960012960012864,True,True
0.032190549487451,0.0009990009990009,2.3110239505767822,188,0.6,0.1144,0.0009990009990009,0.0207186732441186,GAT,0.0214078021589666,3.2190549487451,0.4856,0.9678094505110437,0.0010327644522474511,0.0015460729746442498,True,True
0.0214821551140309,0.0009990009990009,2.3104705810546875,189,0.5,0.1154,0.0009990009990009,0.0210502333939075,GAT,0.0215123653635382,2.14821551140309,0.3846,0.9785178448849711,0.0010327644522474511,0.0015460729746442498,True,True
0.026204481834757,0.0019980019980019,2.324089527130127,190,0.6,0.1086,0.0009990009990009,0.0210908893495798,GAT,0.02165843748115,2.6204481834757,0.49139999999999995,0.973795518164034,0.0020095958200405956,0.0015460729746442498,True,True
0.0337751253662614,0.0009990009990009,2.3018510341644287,191,0.6,0.1169,0.0009990009990009,0.0207574740052223,GAT,0.0214830672964453,3.37751253662614,0.4831,0.9662248746321686,0.0010327644522474511,0.0015460729746442498,True,True
0.031313753077007,0.0009990009990009,2.3065974712371826,192,0.5,0.1108,0.0019980019980019,0.0208615120500326,GAT,0.0215358813200145,3.1313753077007,0.3892,0.9686862469215424,0.0010327644522474511,0.0026369569516776345,True,True
0.0305917844525657,0.0009990009990009,2.3124632835388184,193,0.5,0.1123,0.0029970029970029,0.0208629090338945,GAT,0.0215212834998965,3.05917844525657,0.3877,0.9694082155460121,0.0010327644522474511,0.003541912632821609,True,True
0.0267412573980298,0.0009990009990009,2.3183205127716064,194,0.7,0.1126,0.0009990009990009,0.0209139864891767,GAT,0.0214886191859841,2.6741257398029803,0.5873999999999999,0.9732587426007251,0.0010327644522474511,0.0015460729746442498,True,True
0.0248799325816082,0.0009990009990009,2.3189475536346436,195,0.4,0.105,0.0149850149850149,0.0211284477263689,GAT,0.0216675345245748,2.48799325816082,0.29500000000000004,0.9751200674172468,0.0010327644522474511,0.015430114440015342,True,True
0.0282534230494367,0.0009990009990009,2.3124194145202637,196,0.7,0.1109,0.0009990009990009,0.0208226889371871,GAT,0.0214281062893569,2.82534230494367,0.5891,0.9717465769492425,0.0010327644522474511,0.0015460729746442498,True,True
0.0249720906893936,0.0019980019980019,2.3161509037017822,197,0.6,0.1087,0.0009990009990009,0.0209445040673017,GAT,0.0214809277430176,2.49720906893936,0.49129999999999996,0.9750279093094448,0.0020095958200405956,0.0015460729746442498,True,True
0.0318304974560641,0.0009990009990009,2.3098912239074707,198,0.6,0.1069,0.0009990009990009,0.0208462495356798,GAT,0.0215316114388406,3.1830497456064104,0.4931,0.9681695025424579,0.0010327644522474511,0.0015460729746442498,True,True
0.0320982932140065,0.0009990009990009,2.301260232925415,199,0.6,0.1128,0.0009990009990009,0.0207291953265666,GAT,0.021416632682085,3.20982932140065,0.48719999999999997,0.9679017067844917,0.0010327644522474511,0.0015460729746442498,True,True
0.0262255281437737,0.0009990009990009,2.3104097843170166,200,0.5,0.1113,0.0029970029970029,0.0207764729857444,GAT,0.0213360214158892,2.6225528143773698,0.3887,0.9737744718549964,0.0010327644522474511,0.003541912632821609,True,True
0.0312466272730045,0.0009990009990009,2.3068222999572754,201,0.8,0.1124,0.0009990009990009,0.0207683742046356,GAT,0.0214382471218705,3.12466272730045,0.6876,0.9687533727255377,0.0010327644522474511,0.0015460729746442498,True,True
0.0315648923505304,0.0009990009990009,2.303745985031128,202,0.5,0.1074,0.0019980019980019,0.020875571295619,GAT,0.0215559835974127,3.1564892350530402,0.3926,0.9684351076480051,0.0010327644522474511,0.0026369569516776345,True,True
0.0232281781774407,0.0009990009990009,2.324310064315796,203,0.5,0.1096,0.0029970029970029,0.0211402177810668,GAT,0.021642943939194,2.32281781774407,0.39039999999999997,0.9767718218214854,0.0010327644522474511,0.003541912632821609,True,True
0.0278700146178291,0.0009990009990009,2.32249116897583,204,0.7,0.1059,0.0009990009990009,0.0211125593632459,GAT,0.0217178357634693,2.7870014617829098,0.5941,0.9721299853808864,0.0010327644522474511,0.0015460729746442498,True,True
0.0245314332860013,0.0009990009990009,2.3214070796966553,205,0.4,0.1126,0.0109890109890109,0.0211423188447952,GAT,0.0216740134600549,2.45314332860013,0.2874,0.9754685667128697,0.0010327644522474511,0.01200480192076821,True,True
0.0262218942925465,0.0009990009990009,2.315504789352417,206,0.5,0.1094,0.0029970029970029,0.0209588631987571,GAT,0.0215232434123754,2.62218942925465,0.3906,0.9737781057062341,0.0010327644522474511,0.003541912632821609,True,True
0.0227913176670235,0.0009990009990009,2.3152804374694824,207,0.6,0.1137,0.0009990009990009,0.0210739690810441,GAT,0.0215654746647924,2.27913176670235,0.48629999999999995,0.977208682331916,0.0010327644522474511,0.0015460729746442498,True,True
0.0390963346261265,0.0009990009990009,2.2949531078338623,208,0.6,0.1102,0.0009990009990009,0.0207592360675334,GAT,0.0216038681250065,3.9096334626126503,0.48979999999999996,0.9609036653720618,0.0010327644522474511,0.0015460729746442498,True,True
0.0234852601559365,0.0009990009990009,2.3194339275360107,209,0.7,0.1123,0.0009990009990009,0.0212165005505085,GAT,0.021726759141311,2.34852601559365,0.5877,0.9765147398429846,0.0010327644522474511,0.0015460729746442498,True,True
0.0262092862112995,0.0009990009990009,2.3105247020721436,210,0.4,0.1118,0.0129870129870129,0.0210253316909074,GAT,0.0215912222135812,2.62092862112995,0.2882,0.973790713787483,0.0010327644522474511,0.013867036454305355,True,True
0.0258048836268934,0.0019980019980019,2.313524007797241,211,0.6,0.1126,0.0009990009990009,0.0209065750241279,GAT,0.0214603570401668,2.58048836268934,0.48739999999999994,0.9741951163719038,0.0020095958200405956,0.0015460729746442498,True,True
0.0251712966580077,0.0009990009990009,2.3151063919067383,212,0.4,0.1069,0.0199800199800199,0.0209469329565763,GAT,0.0214878089707344,2.51712966580077,0.2931,0.9748287033408221,0.0010327644522474511,0.020331918570666043,True,True
0.0259822254181279,0.0009990009990009,2.324720621109009,213,0.6,0.1154,0.0009990009990009,0.0209575220942497,GAT,0.0215165704786777,2.59822254181279,0.4846,0.9740177745806656,0.0010327644522474511,0.0015460729746442498,True,True
0.0357970690021536,0.0009990009990009,2.3058581352233887,214,0.5,0.1118,0.0019980019980019,0.0208805724978446,GAT,0.0216557861696928,3.57970690021536,0.3882,0.964202930996192,0.0010327644522474511,0.0026369569516776345,True,True
0.0371380105929202,0.0009990009990009,2.3042962551116943,215,0.5,0.1058,0.0009990009990009,0.0208469089120626,GAT,0.0216509833615273,3.71380105929202,0.3942,0.9628619894053635,0.0010327644522474511,0.0015460729746442498,True,True
0.0344502051929054,0.0009990009990009,2.2999305725097656,216,0.7,0.1108,0.0009990009990009,0.0208169873803854,GAT,0.0215597243066877,3.44502051929054,0.5892,0.9655497948054973,0.0010327644522474511,0.0015460729746442498,True,True
0.0299246611875634,0.0009990009990009,2.306142091751098,217,0.6,0.1111,0.0009990009990009,0.0208770297467708,GAT,0.0215210395641624,2.99246611875634,0.4889,0.9700753388110476,0.0010327644522474511,0.0015460729746442498,True,True
0.0300257010541877,0.0009990009990009,2.3224997520446777,218,0.5,0.1149,0.0029970029970029,0.0208935681730508,GAT,0.0215403317343443,3.00257010541877,0.3851,0.9699742989444174,0.0010327644522474511,0.003541912632821609,True,True
0.0446634141614093,0.0009990009990009,2.2886595726013184,219,0.5,0.1111,0.0019980019980019,0.0205369796603918,GAT,0.0214971141740679,4.4663414161409305,0.3889,0.9553365858365159,0.0010327644522474511,0.0026369569516776345,True,True
0.0241071836630236,0.0009990009990009,2.319303512573242,220,0.7,0.1121,0.0009990009990009,0.0211446918547153,GAT,0.0216670227516442,2.4107183663023597,0.5879,0.975892816335864,0.0010327644522474511,0.0015460729746442498,True,True
0.0342623836247905,0.0009990009990009,2.294074058532715,221,0.5,0.1056,0.0009990009990009,0.0209228508174419,GAT,0.0216651505157351,3.4262383624790496,0.3944,0.9657376163736282,0.0010327644522474511,0.0015460729746442498,True,True
0.0398127378634111,0.0009990009990009,2.301490545272827,222,0.7,0.1148,0.0009990009990009,0.0207394044846296,GAT,0.0215993330702185,3.98127378634111,0.5851999999999999,0.960187262134747,0.0010327644522474511,0.0015460729746442498,True,True
0.0257954052753392,0.0009990009990009,2.321164608001709,223,0.7,0.1084,0.0009990009990009,0.0211629811674356,GAT,0.0217233436200767,2.57954052753392,0.5915999999999999,0.9742045947234746,0.0010327644522474511,0.0015460729746442498,True,True
0.0308929556917566,0.0009990009990009,2.3052961826324463,224,0.5,0.1098,0.0039960039960039,0.0209214109927415,GAT,0.0215883385799825,3.08929556917566,0.3902,0.9691070443068093,0.0010327644522474511,0.004566861709718743,True,True
0.0249831754745166,0.0009990009990009,2.3319668769836426,225,0.7,0.1152,0.0009990009990009,0.0211873613297939,GAT,0.0217302520293742,2.49831754745166,0.5848,0.9750168245243341,0.0010327644522474511,0.0015460729746442498,True,True
0.0329100592765129,0.0009990009990009,2.299060583114624,226,0.7,0.112,0.0009990009990009,0.0208111330866813,GAT,0.021519335700199,3.29100592765129,0.588,0.967089940721955,0.0010327644522474511,0.0015460729746442498,True,True
0.027762751635093,0.0009990009990009,2.3196537494659424,227,0.5,0.1142,0.0049950049950049,0.0208764392882585,GAT,0.0214725771136581,2.7762751635093,0.38580000000000003,0.9722372483636157,0.0010327644522474511,0.005696058327637166,True,True
0.0345411589443944,0.0009990009990009,2.2951126098632812,228,0.6,0.1067,0.0009990009990009,0.0208947397768497,GAT,0.021642289539799,3.4541158944394397,0.49329999999999996,0.9654588410540117,0.0010327644522474511,0.0015460729746442498,True,True
0.0387181528491814,0.0009990009990009,2.300321102142334,229,0.5,0.1088,0.0029970029970029,0.0206640884280204,GAT,0.0214963888991624,3.8718152849181395,0.3912,0.9612818471490144,0.0010327644522474511,0.003541912632821609,True,True
0.0350372858329361,0.0009990009990009,2.3002190589904785,230,0.7,0.1096,0.0009990009990009,0.0207123719155788,GAT,0.0214644271861761,3.5037285832936105,0.5903999999999999,0.9649627141654331,0.0010327644522474511,0.0015460729746442498,True,True
0.0304672596485668,0.0009990009990009,2.316053628921509,231,0.6,0.1131,0.0009990009990009,0.0208684597164392,GAT,0.0215242444612085,3.0467259648566802,0.4869,0.9695327403500191,0.0010327644522474511,0.0015460729746442498,True,True
0.0417981647414573,0.0009990009990009,2.2925469875335693,232,0.3,0.1106,0.0809190809190809,0.0207093767821788,GAT,0.0216127500701695,4.1798164741457295,0.18939999999999999,0.9582018352566081,0.0010327644522474511,0.08123150980293836,True,False
0.0356806593722842,0.0009990009990009,2.2961599826812744,233,0.7,0.1134,0.0009990009990009,0.0208597108721733,GAT,0.0216315384265035,3.56806593722842,0.5866,0.9643193406260675,0.0010327644522474511,0.0015460729746442498,True,True
0.0258217267579251,0.0009990009990009,2.322587728500366,234,0.5,0.1119,0.0019980019980019,0.020999876782298,GAT,0.0215565029103308,2.58217267579251,0.3881,0.9741782732408772,0.0010327644522474511,0.0026369569516776345,True,True
0.0231732476680707,0.0009990009990009,2.322441577911377,235,0.5,0.1124,0.0009990009990009,0.0209340341389179,GAT,0.0214306519441306,2.31732476680707,0.3876,0.9768267523308495,0.0010327644522474511,0.0015460729746442498,True,True
0.0331271229551953,0.0009990009990009,2.3172318935394287,236,0.5,0.1111,0.0009990009990009,0.0209959223866462,GAT,0.0217152873817831,3.31271229551953,0.3889,0.9668728770432772,0.0010327644522474511,0.0015460729746442498,True,True
0.034622863775892,0.0009990009990009,2.2960853576660156,237,0.6,0.1103,0.0009990009990009,0.0206984691321849,GAT,0.0214408114254474,3.4622863775892,0.48969999999999997,0.9653771362224921,0.0010327644522474511,0.0015460729746442498,True,True
0.0263826125744362,0.0009990009990009,2.3036298751831055,238,0.5,0.1121,0.0019980019980019,0.0209297705441713,GAT,0.021496915332973,2.63826125744362,0.3879,0.9736173874243348,0.0010327644522474511,0.0026369569516776345,True,True
0.0296863844806617,0.0009990009990009,2.3112800121307373,239,0.4,0.1147,0.0219780219780219,0.0209613852202892,GAT,0.0216026910115033,2.9686384480661703,0.2853,0.9703136155179645,0.0010327644522474511,0.022277917014759042,True,True
0.0325135699331734,0.0009990009990009,2.3031177520751953,240,0.5,0.1095,0.0039960039960039,0.0208718571811914,GAT,0.0215732815805822,3.25135699331734,0.3905,0.9674864300653201,0.0010327644522474511,0.004566861709718743,True,True
0.0322136173465848,0.0009990009990009,2.287916660308838,241,0.7,0.1126,0.0009990009990009,0.0208223033696413,GAT,0.0215153919737786,3.22136173465848,0.5873999999999999,0.9677863826519179,0.0010327644522474511,0.0015460729746442498,True,True
0.033861615027422,0.0009990009990009,2.3106250762939453,242,0.6,0.1107,0.0009990009990009,0.0208110213279724,GAT,0.0215404145531356,3.3861615027422,0.48929999999999996,0.9661383849710069,0.0010327644522474511,0.0015460729746442498,True,True
0.0393591029758587,0.0009990009990009,2.30029296875,243,0.4,0.1124,0.0139860139860139,0.0208654999732971,GAT,0.0217203952465206,3.93591029758587,0.2876,0.9606408970223299,0.0010327644522474511,0.014603870025556681,True,True
0.0302057371393545,0.0009990009990009,2.3033716678619385,244,0.7,0.1103,0.0009990009990009,0.0208418797701597,GAT,0.0214910322409123,3.02057371393545,0.5897,0.9697942628592398,0.0010327644522474511,0.0015460729746442498,True,True
0.0303090415711882,0.0009990009990009,2.3222923278808594,245,0.4,0.1147,0.0159840159840159,0.020880039781332,GAT,0.0215326745081692,3.0309041571188198,0.2853,0.9696909584274076,0.0010327644522474511,0.01632944658484925,True,True
0.0306739010396284,0.0009990009990009,2.319101572036743,246,0.5,0.1087,0.0019980019980019,0.0208187028765678,GAT,0.021477501636371,3.06739010396284,0.3913,0.9693260989589422,0.0010327644522474511,0.0026369569516776345,True,True
0.0363325518080679,0.0009990009990009,2.310892105102539,247,0.5,0.1062,0.0039960039960039,0.0208285972476005,GAT,0.0216138848382979,3.63325518080679,0.3938,0.9636674481902513,0.0010327644522474511,0.004566861709718743,True,True
0.0335781932605784,0.0009990009990009,2.305915355682373,248,0.6,0.112,0.0009990009990009,0.0207691453397274,GAT,0.0214907664489001,3.35781932605784,0.488,0.9664218067378593,0.0010327644522474511,0.0015460729746442498,True,True
0.0328418851166612,0.0009990009990009,2.2962472438812256,249,0.7,0.1042,0.0009990009990009,0.0209375396370887,GAT,0.0216485177706927,3.2841885116661205,0.5958,0.9671581148818185,0.0010327644522474511,0.0015460729746442498,True,True
0.032452330401064,0.0009990009990009,2.29964017868042,250,0.6,0.1056,0.0009990009990009,0.0209233313798904,GAT,0.0216251168157905,3.2452330401064002,0.49439999999999995,0.9675476695974349,0.0010327644522474511,0.0015460729746442498,True,True
0.0291077940417629,0.0009990009990009,2.288832426071167,251,0.6,0.1093,0.0009990009990009,0.0208297502249479,GAT,0.0214542356990277,2.91077940417629,0.49069999999999997,0.9708922059568825,0.0010327644522474511,0.0015460729746442498,True,True
0.0286747304431456,0.0009990009990009,2.3143696784973145,252,0.5,0.1104,0.0009990009990009,0.0208634994924068,GAT,0.0214794159550219,2.86747304431456,0.3896,0.9713252695555208,0.0010327644522474511,0.0015460729746442498,True,True
0.0286062423782293,0.0009990009990009,2.311142683029175,253,0.5,0.1068,0.0029970029970029,0.0208712257444858,GAT,0.0214858553297817,2.86062423782293,0.3932,0.9713937576204398,0.0010327644522474511,0.003541912632821609,True,True
0.037585115312267,0.0009990009990009,2.298133850097656,254,0.7,0.1127,0.0009990009990009,0.0205653421580791,GAT,0.0213684789016842,3.7585115312267,0.5872999999999999,0.9624148846859755,0.0010327644522474511,0.0015460729746442498,True,True
0.0278859947825949,0.0009990009990009,2.3150746822357178,255,0.7,0.1099,0.0009990009990009,0.020761726424098,GAT,0.021357295865193,2.78859947825949,0.5901,0.9721140052160993,0.0010327644522474511,0.0015460729746442498,True,True
0.0292604176488493,0.0009990009990009,2.308759927749634,256,0.7,0.108,0.0009990009990009,0.0208805035799741,GAT,0.0215098920036107,2.92604176488493,0.592,0.9707395823497882,0.0010327644522474511,0.0015460729746442498,True,True
0.031097866323749,0.0009990009990009,2.315760850906372,257,0.6,0.1104,0.0009990009990009,0.0209539476782083,GAT,0.0216264852248132,3.1097866323749,0.4896,0.9689021336748117,0.0010327644522474511,0.0015460729746442498,True,True
0.0403679959772671,0.0009990009990009,2.281841278076172,258,0.6,0.1135,0.0009990009990009,0.0206939000636339,GAT,0.0215644121672958,4.03679959772671,0.4865,0.9596320040208607,0.0010327644522474511,0.0015460729746442498,True,True
0.0245484761520706,0.0019980019980019,2.3218352794647217,259,0.4,0.1081,0.0149850149850149,0.02096763625741,GAT,0.0214953134469687,2.45484761520706,0.29190000000000005,0.9754515238467893,0.0020095958200405956,0.015430114440015342,True,True
0.0313003101730385,0.0009990009990009,2.3027610778808594,260,0.5,0.1097,0.0019980019980019,0.0208057705312967,GAT,0.0214780398402363,3.1300310173038497,0.3903,0.9686996898255029,0.0010327644522474511,0.0026369569516776345,True,True
0.024649656534465,0.0019980019980019,2.320653200149536,261,0.5,0.11,0.0029970029970029,0.0209894720464944,GAT,0.0215199309531599,2.4649656534465,0.39,0.9753503434643869,0.0020095958200405956,0.003541912632821609,True,True
0.0246900023219625,0.0009990009990009,2.3168368339538574,262,0.5,0.1109,0.0009990009990009,0.0208926405757665,GAT,0.0214215384088456,2.46900023219625,0.3891,0.9753099976768848,0.0010327644522474511,0.0015460729746442498,True,True
0.0267214330488427,0.0009990009990009,2.302788257598877,263,0.6,0.1101,0.0009990009990009,0.0209120996296405,GAT,0.0214862428288906,2.67214330488427,0.4899,0.9732785669499134,0.0010327644522474511,0.0015460729746442498,True,True
0.0412984527728771,0.0009990009990009,2.296217441558838,264,0.6,0.1084,0.0009990009990009,0.0206144712865352,GAT,0.0215024908911436,4.129845277287711,0.4916,0.958701547225203,0.0010327644522474511,0.0015460729746442498,True,True
0.0380190167765735,0.0009990009990009,2.2949893474578857,265,0.3,0.1121,0.0719280719280719,0.020812127739191,GAT,0.021634656092152,3.80190167765735,0.18789999999999998,0.9619809832216666,0.0010327644522474511,0.07262640272349007,True,False
0.0302304581946124,0.0009990009990009,2.30594801902771,266,0.6,0.1117,0.0009990009990009,0.0210282690823078,GAT,0.0216837796773761,3.02304581946124,0.48829999999999996,0.9697695418039951,0.0010327644522474511,0.0015460729746442498,True,True
0.037767880807392,0.0009990009990009,2.2919654846191406,267,0.5,0.1144,0.0009990009990009,0.0207656417042017,GAT,0.0215806989707052,3.7767880807391996,0.3856,0.962232119190861,0.0010327644522474511,0.0015460729746442498,True,True
0.0308015001520219,0.0009990009990009,2.307217836380005,268,0.7,0.1084,0.0009990009990009,0.0207669213414192,GAT,0.0214269020687788,3.08015001520219,0.5915999999999999,0.9691984998465429,0.0010327644522474511,0.0015460729746442498,True,True
0.0278794122314201,0.0009990009990009,2.3073830604553223,269,0.6,0.1127,0.0009990009990009,0.021024378016591,GAT,0.021627335416153,2.78794122314201,0.48729999999999996,0.9721205877672908,0.0010327644522474511,0.0015460729746442498,True,True
0.0313958143821794,0.0009990009990009,2.308241128921509,270,0.7,0.1136,0.0009990009990009,0.0207663867622613,GAT,0.021439497238025,3.13958143821794,0.5863999999999999,0.9686041856163551,0.0010327644522474511,0.0015460729746442498,True,True
0.028004846758847,0.0009990009990009,2.306410312652588,271,0.4,0.1123,0.0159840159840159,0.0209899172186851,GAT,0.0215946727190166,2.8004846758846997,0.2877,0.9719951532398572,0.0010327644522474511,0.01632944658484925,True,True
0.0248804044823789,0.0009990009990009,2.3273162841796875,272,0.6,0.1063,0.0009990009990009,0.0211363304406404,GAT,0.0216756288539618,2.4880404482378897,0.49369999999999997,0.9751195955164721,0.0010327644522474511,0.0015460729746442498,True,True
0.0266703439288544,0.0009990009990009,2.308858633041382,273,0.5,0.1095999999999999,0.0009990009990009,0.0209774021059274,GAT,0.0215522068757563,2.66703439288544,0.3904000000000001,0.9733296560699086,0.0010327644522474511,0.0015460729746442498,True,True
0.0220271614376609,0.0019980019980019,2.3289856910705566,274,0.4,0.1129,0.0099900099900099,0.0209766998887062,GAT,0.0214491640888154,2.2027161437660903,0.2871,0.9779728385613142,0.0020095958200405956,0.011100011100011,True,True
0.029448372539726,0.0009990009990009,2.31412410736084,275,0.5,0.1128,0.0029970029970029,0.0208530612289905,GAT,0.0214857825580984,2.9448372539726,0.3872,0.9705516274589023,0.0010327644522474511,0.003541912632821609,True,True
0.0363335844361592,0.0009990009990009,2.300523042678833,276,0.5,0.1103,0.0039960039960039,0.0207061972469091,GAT,0.0214868930913507,3.6333584436159203,0.3897,0.9636664155621522,0.0010327644522474511,0.004566861709718743,True,True
0.0358806798953781,0.0009990009990009,2.300030469894409,277,0.6,0.1156,0.0009990009990009,0.0207786448299884,GAT,0.0215519432052969,3.5880679895378096,0.4844,0.9641193201029573,0.0010327644522474511,0.0015460729746442498,True,True
0.034741836203167,0.0009990009990009,2.303626775741577,278,0.3,0.1092,0.0739260739260739,0.0207824427634477,GAT,0.0215304501354694,3.4741836203167002,0.19079999999999997,0.9652581637952182,0.0010327644522474511,0.07449914426658612,True,False
0.0321349723166036,0.0009990009990009,2.3053245544433594,279,0.5,0.1139,0.0029970029970029,0.0206720698624849,GAT,0.0213584221675992,3.21349723166036,0.3861,0.9678650276818903,0.0010327644522474511,0.003541912632821609,True,True
0.0245044184132978,0.0009990009990009,2.315542221069336,280,0.5,0.1138,0.0029970029970029,0.0209618974477052,GAT,0.0214884596541523,2.4504418413297797,0.3862,0.9754955815855628,0.0010327644522474511,0.003541912632821609,True,True
0.025584983436897,0.0009990009990009,2.306997299194336,281,0.7,0.1099,0.0009990009990009,0.0210814662277698,GAT,0.0216349972747266,2.5584983436897,0.5901,0.9744150165619194,0.0010327644522474511,0.0015460729746442498,True,True
0.029132174003157,0.0009990009990009,2.3073999881744385,282,0.5,0.113,0.0019980019980019,0.0209380555897951,GAT,0.0215663296580314,2.9132174003157,0.387,0.9708678259954944,0.0010327644522474511,0.0026369569516776345,True,True
0.0356077359336176,0.0009990009990009,2.295276641845703,283,0.6,0.1114,0.0009990009990009,0.0208500530570745,GAT,0.021619888331741,3.56077359336176,0.4886,0.9643922640647374,0.0010327644522474511,0.0015460729746442498,True,True
0.0263882853745319,0.0009990009990009,2.300821304321289,284,0.6,0.1121,0.0009990009990009,0.0210239887237548,GAT,0.0215938124079257,2.63882853745319,0.4879,0.9736117146242432,0.0010327644522474511,0.0015460729746442498,True,True
0.0333671156722068,0.0009990009990009,2.3085310459136963,285,0.5,0.1053,0.0009990009990009,0.0210131257772445,GAT,0.0217384760212153,3.33671156722068,0.3947,0.9666328843262559,0.0010327644522474511,0.0015460729746442498,True,True
0.0281941084419089,0.0009990009990009,2.3187880516052246,286,0.4,0.1154,0.0129870129870129,0.0209416728466749,GAT,0.0215492342952638,2.81941084419089,0.2846,0.9718058915567857,0.0010327644522474511,0.013867036454305355,True,True
0.0310501125403084,0.0009990009990009,2.315345764160156,287,0.6,0.109,0.0009990009990009,0.0209345445036888,GAT,0.0216053944323211,3.10501125403084,0.491,0.9689498874582578,0.0010327644522474511,0.0015460729746442498,True,True
0.0285167895735019,0.0009990009990009,2.308993339538574,288,0.5,0.1145,0.0019980019980019,0.0210095793008804,GAT,0.0216262917108833,2.85167895735019,0.3855,0.9714832104251816,0.0010327644522474511,0.0026369569516776345,True,True
0.0336736743740646,0.0009990009990009,2.3042213916778564,289,0.5,0.1113,0.0019980019980019,0.0208892133086919,GAT,0.021617141906172,3.36736743740646,0.3887,0.9663263256243755,0.0010327644522474511,0.0026369569516776345,True,True
0.0293162640521689,0.0009990009990009,2.3122987747192383,290,0.7,0.1066,0.0009990009990009,0.0208449270576238,GAT,0.021474478540942,2.93162640521689,0.5933999999999999,0.9706837359464662,0.0010327644522474511,0.0015460729746442498,True,True
0.0190756623729788,0.0039960039960039,2.34079647064209,291,0.5,0.1103,0.0009990009990009,0.0212702192366123,GAT,0.0216838530972599,1.90756623729788,0.3897,0.980924337626145,0.004011432582861058,0.0015460729746442498,True,True
0.0327355043737359,0.0009990009990009,2.316075563430786,292,0.6,0.1156,0.0009990009990009,0.0208726860582828,GAT,0.0215790884010493,3.27355043737359,0.4844,0.9672644956247479,0.0010327644522474511,0.0015460729746442498,True,True
0.025754858960089,0.0009990009990009,2.3293070793151855,293,0.6,0.1097,0.0009990009990009,0.0210217162966728,GAT,0.0215774402264505,2.5754858960089,0.49029999999999996,0.9742451410387192,0.0010327644522474511,0.0015460729746442498,True,True
0.0398626663627307,0.0009990009990009,2.287379026412964,294,0.7,0.1088,0.0009990009990009,0.0207715854048728,GAT,0.021633973263204,3.98626663627307,0.5912,0.9601373336354266,0.0010327644522474511,0.0015460729746442498,True,True
0.029870937535024,0.0009990009990009,2.3110146522521973,295,0.6,0.1144,0.0009990009990009,0.0208755731582641,GAT,0.0215183463376015,2.9870937535024003,0.4856,0.9701290624635869,0.0010327644522474511,0.0015460729746442498,True,True
0.0379089018935197,0.0009990009990009,2.2931180000305176,296,0.6,0.1202,0.0009990009990009,0.0207642707973718,GAT,0.0215824372954666,3.7908901893519698,0.4798,0.9620910981047235,0.0010327644522474511,0.0015460729746442498,True,True
0.0319631279672672,0.0009990009990009,2.310617446899414,297,0.6,0.1109,0.0009990009990009,0.0208311192691326,GAT,0.0215189316347241,3.19631279672672,0.4891,0.9680368720312486,0.0010327644522474511,0.0015460729746442498,True,True
0.0365690606328539,0.0009990009990009,2.3001270294189453,298,0.4,0.1064,0.0139860139860139,0.0207603983581066,GAT,0.0215484032221138,3.65690606328539,0.2936,0.9634309393654505,0.0010327644522474511,0.014603870025556681,True,True
0.0291545147599597,0.0009990009990009,2.3065590858459473,299,0.4,0.1124,0.0119880119880119,0.0208588615059852,GAT,0.021485253650695,2.9154514759959698,0.2876,0.9708454852386843,0.0010327644522474511,0.012960012960012864,True,True
0.0332538063535587,0.0009990009990009,2.3152260780334473,300,0.5,0.1058,0.0009990009990009,0.0208171978592872,GAT,0.0215332607422024,3.32538063535587,0.3942,0.9667461936448942,0.0010327644522474511,0.0015460729746442498,True,True
0.0296873073442921,0.0009990009990009,2.3200831413269043,301,0.6,0.1144,0.0009990009990009,0.0210113134235143,GAT,0.0216541673447936,2.96873073442921,0.4856,0.9703126926543374,0.0010327644522474511,0.0015460729746442498,True,True
0.0306458031866305,0.0009990009990009,2.2983081340789795,302,0.6,0.1153,0.0009990009990009,0.0207476411014795,GAT,0.0214035707172006,3.06458031866305,0.48469999999999996,0.9693541968119378,0.0010327644522474511,0.0015460729746442498,True,True
0.0270642698986475,0.0009990009990009,2.3290529251098633,303,0.5,0.1124,0.0029970029970029,0.0209958683699369,GAT,0.0215799129586666,2.7064269898647497,0.3876,0.9729357301001001,0.0010327644522474511,0.003541912632821609,True,True
0.0332758942843728,0.0009990009990009,2.3127806186676025,304,0.5,0.112,0.0029970029970029,0.0208246354013681,GAT,0.0215414462909102,3.3275894284372804,0.388,0.9667241057140823,0.0010327644522474511,0.003541912632821609,True,True
0.0274796950695227,0.0019980019980019,2.316193103790283,305,0.7,0.1092,0.0009990009990009,0.0210668928921222,GAT,0.0216621625125408,2.74796950695227,0.5908,0.9725203049292063,0.0020095958200405956,0.0015460729746442498,True,True
0.0330166130954974,0.0009990009990009,2.3015639781951904,306,0.7,0.1111,0.0009990009990009,0.0208824835717678,GAT,0.0215954936295747,3.3016613095497402,0.5889,0.9669833869029766,0.0010327644522474511,0.0015460729746442498,True,True
0.0293449747062724,0.0009990009990009,2.3133578300476074,307,0.5,0.1117,0.0029970029970029,0.0208874475210905,GAT,0.0215189196746796,2.93449747062724,0.3883,0.970655025292365,0.0010327644522474511,0.003541912632821609,True,True
0.0345668672642763,0.0009990009990009,2.3076510429382324,308,0.7,0.1101,0.0009990009990009,0.0207894127815961,GAT,0.0215337676703929,3.4566867264276304,0.5899,0.9654331327341186,0.0010327644522474511,0.0015460729746442498,True,True
0.0370510015536259,0.0009990009990009,2.3019893169403076,309,0.6,0.1131,0.0009990009990009,0.020808907225728,GAT,0.021609563184902,3.70510015536259,0.4869,0.962948998444661,0.0010327644522474511,0.0015460729746442498,True,True
0.0309909528188574,0.0009990009990009,2.2956058979034424,310,0.6,0.1114,0.0009990009990009,0.0208876617252826,GAT,0.0215556931961327,3.0990952818857402,0.4886,0.969009047179705,0.0010327644522474511,0.0015460729746442498,True,True
0.0207682316041976,0.0009990009990009,2.325007438659668,311,0.7,0.1129,0.0009990009990009,0.021017026156187,GAT,0.0214627699330449,2.07682316041976,0.5871,0.9792317683948325,0.0010327644522474511,0.0015460729746442498,True,True
0.0287673841215951,0.0009990009990009,2.3170061111450195,312,0.4,0.1117,0.0129870129870129,0.0210200324654579,GAT,0.0216426344439387,2.8767384121595097,0.2883,0.9712326158770764,0.0010327644522474511,0.013867036454305355,True,True
0.0306000350882604,0.0009990009990009,2.295720338821411,313,0.6,0.1094,0.0009990009990009,0.0209426134824752,GAT,0.0216036870647221,3.06000350882604,0.4906,0.969399964910323,0.0010327644522474511,0.0015460729746442498,True,True
0.029486840106211,0.0009990009990009,2.3187954425811768,314,0.6,0.1131,0.0009990009990009,0.0209062080830335,GAT,0.0215413957759737,2.9486840106210996,0.4869,0.9705131598924216,0.0010327644522474511,0.0015460729746442498,True,True
0.0386862516993682,0.0009990009990009,2.3038222789764404,315,0.5,0.1112,0.0029970029970029,0.0205618366599082,GAT,0.0213893088456243,3.86862516993682,0.38880000000000003,0.96131374829882,0.0010327644522474511,0.003541912632821609,True,True
0.0353397733593378,0.0009990009990009,2.3052303791046143,316,0.4,0.1067,0.0139860139860139,0.0207611825317144,GAT,0.021521756529808,3.53397733593378,0.2933,0.9646602266390204,0.0010327644522474511,0.014603870025556681,True,True
0.0336851387955721,0.0009990009990009,2.311326742172241,317,0.6,0.1112,0.0009990009990009,0.0207988582551479,GAT,0.0215238935984671,3.36851387955721,0.4888,0.9663148612028617,0.0010327644522474511,0.0015460729746442498,True,True
0.0396661932934628,0.0009990009990009,2.296373128890991,318,0.7,0.1144,0.0009990009990009,0.0206005033105611,GAT,0.0214513986352831,3.9666193293462797,0.5855999999999999,0.9603338067046848,0.0010327644522474511,0.0015460729746442498,True,True
0.0409399079252517,0.0009990009990009,2.283522844314575,319,0.6,0.1117,0.0009990009990009,0.0206194706261158,GAT,0.0214996649287641,4.09399079252517,0.48829999999999996,0.9590600920728444,0.0010327644522474511,0.0015460729746442498,True,True
0.0319847662904399,0.0009990009990009,2.3007962703704834,320,0.7,0.1117,0.0009990009990009,0.0210541747510433,GAT,0.0217498382441699,3.19847662904399,0.5882999999999999,0.9680152337080908,0.0010327644522474511,0.0015460729746442498,True,True
0.036384390145006,0.0009990009990009,2.3127641677856445,321,0.4,0.1108,0.0099900099900099,0.0206395033746957,GAT,0.0214188138544559,3.6384390145006003,0.2892,0.9636156098532939,0.0010327644522474511,0.011100011100011,True,True
0.0373392564039348,0.0009990009990009,2.2978765964508057,322,0.6,0.1118,0.0019980019980019,0.0207239687442779,GAT,0.0215278008189052,3.7339256403934797,0.48819999999999997,0.9626607435943296,0.0010327644522474511,0.0026369569516776345,True,True
0.036798546816677,0.0009990009990009,2.296999216079712,323,0.6,0.1102,0.0009990009990009,0.0207153875380754,GAT,0.0215068067740649,3.6798546816677,0.48979999999999996,0.9632014531816098,0.0010327644522474511,0.0015460729746442498,True,True
0.0320601393500116,0.0009990009990009,2.3081839084625244,324,0.5,0.1124,0.0019980019980019,0.0207696612924337,GAT,0.0214575947709381,3.2060139350011596,0.3876,0.967939860648495,0.0010327644522474511,0.0026369569516776345,True,True
0.0259087816433331,0.0009990009990009,2.3253979682922363,325,0.5,0.1123,0.0019980019980019,0.0210038814693689,GAT,0.0215625406261533,2.59087816433331,0.3877,0.974091218355466,0.0010327644522474511,0.0026369569516776345,True,True
0.0299967275185696,0.0009990009990009,2.3088009357452393,326,0.5,0.1066,0.0029970029970029,0.0209350734949111,GAT,0.0215824771821498,2.99967275185696,0.39339999999999997,0.97000327248004,0.0010327644522474511,0.003541912632821609,True,True
0.0390627544564122,0.0009990009990009,2.2859370708465576,327,0.6,0.1112,0.0009990009990009,0.0206506941467523,GAT,0.0214901589490473,3.90627544564122,0.4888,0.9609372455417684,0.0010327644522474511,0.0015460729746442498,True,True
0.0342987153138365,0.0009990009990009,2.292325973510742,328,0.5,0.1157,0.0029970029970029,0.0206248126924037,GAT,0.021357342088595,3.42987153138365,0.3843,0.9657012846845545,0.0010327644522474511,0.003541912632821609,True,True
0.0240474629975649,0.0009990009990009,2.317336320877075,329,0.7,0.1131,0.0009990009990009,0.0211956724524498,GAT,0.0217179336585104,2.40474629975649,0.5869,0.9759525370013299,0.0010327644522474511,0.0015460729746442498,True,True
0.0281801925238905,0.0009990009990009,2.315401077270508,330,0.5,0.106,0.0009990009990009,0.0210357028990983,GAT,0.0216456823963671,2.81801925238905,0.394,0.9718198074748073,0.0010327644522474511,0.0015460729746442498,True,True
0.038646190682396,0.0009990009990009,2.281172752380371,331,0.5,0.1069,0.0019980019980019,0.0206235814839601,GAT,0.0214526444729417,3.8646190682396,0.3931,0.9613538093158025,0.0010327644522474511,0.0026369569516776345,True,True
0.0362422656130086,0.0009990009990009,2.2851085662841797,332,0.8,0.1137,0.0009990009990009,0.0206956882029771,GAT,0.0214739529080688,3.6242265613008597,0.6863,0.9637577343853041,0.0010327644522474511,0.0015460729746442498,True,True
0.0254369458004474,0.0009990009990009,2.3071491718292236,333,0.6,0.11,0.0009990009990009,0.0208526980131864,GAT,0.0213969716206192,2.5436945800447397,0.49,0.9745630541983656,0.0010327644522474511,0.0015460729746442498,True,True
0.0264039636880739,0.0009990009990009,2.3183815479278564,334,0.5,0.11,0.0019980019980019,0.0212147925049066,GAT,0.0217901385314762,2.64039636880739,0.39,0.9735960363107143,0.0010327644522474511,0.0026369569516776345,True,True
0.024585267988462,0.0009990009990009,2.323730230331421,335,0.4,0.113,0.0089910089910089,0.0211695432662963,GAT,0.0217031202949583,2.4585267988462,0.28700000000000003,0.9754147320104035,0.0010327644522474511,0.010097893467223819,True,True
0.0333464727652905,0.0009990009990009,2.306220293045044,336,0.5,0.1125,0.0029970029970029,0.0209301058202981,GAT,0.0216521279141306,3.33464727652905,0.3875,0.9666535272331689,0.0010327644522474511,0.003541912632821609,True,True
0.0362267775556794,0.0009990009990009,2.2905266284942627,337,0.6,0.1116,0.0009990009990009,0.0207094866782426,GAT,0.0214879249557852,3.62267775556794,0.48839999999999995,0.9637732224426342,0.0010327644522474511,0.0015460729746442498,True,True
0.0310664757227342,0.0009990009990009,2.2951695919036865,338,0.5,0.1134,0.0019980019980019,0.0208617281168699,GAT,0.021530608234927,3.10664757227342,0.3866,0.968933524275824,0.0010327644522474511,0.0026369569516776345,True,True
0.0338234899130519,0.0009990009990009,2.312389373779297,339,0.6,0.1139,0.0019980019980019,0.0207959022372961,GAT,0.0215239161998033,3.3823489913051903,0.4861,0.9661765100853789,0.0010327644522474511,0.0026369569516776345,True,True
0.0234884550732301,0.0009990009990009,2.3357677459716797,340,0.6,0.1099,0.0009990009990009,0.0210468955338001,GAT,0.0215531456265598,2.34884550732301,0.4901,0.9765115449256813,0.0010327644522474511,0.0015460729746442498,True,True
0.0281127929245744,0.0009990009990009,2.3048877716064453,341,0.6,0.1173,0.0009990009990009,0.0210255943238735,GAT,0.0216337803099304,2.81127929245744,0.48269999999999996,0.9718872070741271,0.0010327644522474511,0.0015460729746442498,True,True
0.0321244545733117,0.0009990009990009,2.3161911964416504,342,0.6,0.1143,0.0009990009990009,0.0210241097956895,GAT,0.0217219144497066,3.21244545733117,0.48569999999999997,0.9678755454252088,0.0010327644522474511,0.0015460729746442498,True,True
0.0279260013860713,0.0009990009990009,2.314378261566162,343,0.4,0.1138,0.0139860139860139,0.0209936369210481,GAT,0.0215967477280646,2.79260013860713,0.2862,0.9720739986126351,0.0010327644522474511,0.014603870025556681,True,True
0.034900001635669,0.0009990009990009,2.2925174236297607,344,0.6,0.112,0.0009990009990009,0.0207612849771976,GAT,0.0215120557583868,3.4900001635669,0.488,0.9650999983627087,0.0010327644522474511,0.0015460729746442498,True,True
0.0273196697734656,0.0009990009990009,2.3152477741241455,345,0.6,0.1117,0.0009990009990009,0.0207076556980609,GAT,0.0212892715670168,2.73196697734656,0.48829999999999996,0.9726803302252487,0.0010327644522474511,0.0015460729746442498,True,True
0.0338337951570629,0.0009990009990009,2.3102142810821533,346,0.5,0.1097,0.0019980019980019,0.0207886919379234,GAT,0.0215166829824447,3.38337951570629,0.3903,0.966166204841366,0.0010327644522474511,0.0026369569516776345,True,True
0.0296381177359226,0.0009990009990009,2.311126708984375,347,0.6,0.1069,0.0009990009990009,0.0208263080567121,GAT,0.0214624135978519,2.96381177359226,0.4931,0.9703618822626983,0.0010327644522474511,0.0015460729746442498,True,True
0.0346007745573404,0.0009990009990009,2.30468225479126,348,0.6,0.1132,0.0009990009990009,0.0208700727671384,GAT,0.0216180749032646,3.46007745573404,0.4868,0.9653992254410572,0.0010327644522474511,0.0015460729746442498,True,True
0.0305471968497529,0.0009990009990009,2.3019134998321533,349,0.5,0.1123,0.0039960039960039,0.0208533052355051,GAT,0.02151038726978,3.05471968497529,0.3877,0.9694528031488288,0.0010327644522474511,0.004566861709718743,True,True
0.0235319973092401,0.0009990009990009,2.31284236907959,350,0.5,0.1087,0.0009990009990009,0.0211010575294494,GAT,0.0216095739658921,2.3531997309240102,0.3913,0.9764680026896724,0.0010327644522474511,0.0015460729746442498,True,True
0.0307554363487682,0.0009990009990009,2.3226377964019775,351,0.7,0.1118,0.0009990009990009,0.0208407379686832,GAT,0.0215020426735281,3.0755436348768197,0.5882,0.9692445636498036,0.0010327644522474511,0.0015460729746442498,True,True
0.0302321645492882,0.0009990009990009,2.2980427742004395,352,0.7,0.1122,0.0009990009990009,0.0209076460450887,GAT,0.0215594344139099,3.02321645492882,0.5878,0.9697678354493068,0.0010327644522474511,0.0015460729746442498,True,True
0.0369315848636278,0.0009990009990009,2.3061881065368652,353,0.5,0.1095,0.0009990009990009,0.0209371279925107,GAT,0.0217400214392691,3.6931584863627798,0.3905,0.9630684151346728,0.0010327644522474511,0.0015460729746442498,True,True
0.0286262280442712,0.0009990009990009,2.3145053386688232,354,0.6,0.1184,0.0009990009990009,0.0208602435886859,GAT,0.0214749915953725,2.86262280442712,0.4816,0.9713737719543942,0.0010327644522474511,0.0015460729746442498,True,True
0.0320951304906037,0.0009990009990009,2.3095145225524902,355,0.7,0.1082,0.0009990009990009,0.0209157075732946,GAT,0.0216092595793306,3.2095130490603703,0.5918,0.9679048695079129,0.0010327644522474511,0.0015460729746442498,True,True
0.0331137300100387,0.0009990009990009,2.3075764179229736,356,0.6,0.1131,0.0009990009990009,0.0208348967134952,GAT,0.0215484461411833,3.31137300100387,0.4869,0.9668862699884254,0.0010327644522474511,0.0015460729746442498,True,True
0.0356361172265353,0.0009990009990009,2.305251121520996,357,0.4,0.1106,0.0139860139860139,0.0207663290202617,GAT,0.0215337067171931,3.5636117226535298,0.2894,0.9643638827718078,0.0010327644522474511,0.014603870025556681,True,True
0.0367800319323795,0.0009990009990009,2.3023841381073,358,0.6,0.1151,0.0009990009990009,0.0206905156373977,GAT,0.0214805717524141,3.6780031932379496,0.4849,0.9632199680659055,0.0010327644522474511,0.0015460729746442498,True,True
0.0346834351308526,0.0009990009990009,2.295614004135132,359,0.6,0.1084,0.0009990009990009,0.020834220573306,GAT,0.0215827857218682,3.46834351308526,0.4916,0.9653165648675399,0.0010327644522474511,0.0015460729746442498,True,True
0.036789041529148,0.0009990009990009,2.2849442958831787,360,0.5,0.1126,0.0019980019980019,0.0205819644033908,GAT,0.0213680754173547,3.6789041529147997,0.38739999999999997,0.9632109584691265,0.0010327644522474511,0.0026369569516776345,True,True
0.0348512293896631,0.0009990009990009,2.3094890117645264,361,0.7,0.1096,0.0009990009990009,0.0209900755435228,GAT,0.0217480208054184,3.4851229389663096,0.5903999999999999,0.9651487706087369,0.0010327644522474511,0.0015460729746442498,True,True
0.0329674370719401,0.0009990009990009,2.306302070617676,362,0.6,0.1108,0.0009990009990009,0.0207071211189031,GAT,0.0214130546506494,3.29674370719401,0.48919999999999997,0.9670325629265187,0.0010327644522474511,0.0015460729746442498,True,True
0.033347448094487,0.0009990009990009,2.3035969734191895,363,0.5,0.1114,0.0019980019980019,0.0209137462079525,GAT,0.0216352257765829,3.3347448094487,0.3886,0.966652551903974,0.0010327644522474511,0.0026369569516776345,True,True
0.0373895467100443,0.0009990009990009,2.292515754699707,364,0.6,0.1097,0.0009990009990009,0.020566526800394,GAT,0.0213653682339936,3.7389546710044295,0.49029999999999996,0.9626104532882052,0.0010327644522474511,0.0015460729746442498,True,True
0.0291971404843505,0.0009990009990009,2.302778720855713,365,0.7,0.1139,0.0009990009990009,0.0208383686840534,GAT,0.0214650878701359,2.91971404843505,0.5861,0.9708028595142885,0.0010327644522474511,0.0015460729746442498,True,True
0.0338634634670088,0.0009990009990009,2.30763578414917,366,0.6,0.1139,0.0009990009990009,0.02079588919878,GAT,0.0215247932486236,3.38634634670088,0.4861,0.9661365365314155,0.0010327644522474511,0.0015460729746442498,True,True
0.0371820864901637,0.0009990009990009,2.3080849647521973,367,0.5,0.1098,0.0029970029970029,0.0207965746521949,GAT,0.0215996964331716,3.7182086490163697,0.3902,0.9628179135081125,0.0010327644522474511,0.003541912632821609,True,True
0.0329658785687798,0.0009990009990009,2.3056530952453613,368,0.5,0.1087,0.0019980019980019,0.0208373852074146,GAT,0.0215477248895913,3.29658785687798,0.3913,0.9670341214296906,0.0010327644522474511,0.0026369569516776345,True,True
0.0315013469748424,0.0009990009990009,2.3080055713653564,369,0.5,0.1146,0.0009990009990009,0.0208379123359918,GAT,0.0215156854074448,3.15013469748424,0.3854,0.9684986530236923,0.0010327644522474511,0.0015460729746442498,True,True
0.0276621261054101,0.0009990009990009,2.325655698776245,370,0.6,0.1096,0.0009990009990009,0.0211120676249265,GAT,0.021712686702609,2.76621261054101,0.49039999999999995,0.9723378738933156,0.0010327644522474511,0.0015460729746442498,True,True
0.0310535313641696,0.0009990009990009,2.3149940967559814,371,0.4,0.1175,0.0139860139860139,0.0208055414259433,GAT,0.0214723331984132,3.10535313641696,0.28250000000000003,0.9689464686343832,0.0010327644522474511,0.014603870025556681,True,True
0.0283709650220886,0.0009990009990009,2.3184361457824707,372,0.6,0.1088,0.0009990009990009,0.0210985951125621,GAT,0.0217146610002964,2.83709650220886,0.49119999999999997,0.9716290349766044,0.0010327644522474511,0.0015460729746442498,True,True
0.0364866193351219,0.0009990009990009,2.2951817512512207,373,0.6,0.1177,0.0009990009990009,0.0206100642681121,GAT,0.021390532484278,3.64866193351219,0.48229999999999995,0.9635133806631722,0.0010327644522474511,0.0015460729746442498,True,True
0.0343003264510042,0.0009990009990009,2.299830198287964,374,0.4,0.1099,0.0099900099900099,0.0207373425364494,GAT,0.0214739044699817,3.43003264510042,0.2901,0.9656996735474008,0.0010327644522474511,0.011100011100011,True,True
0.0327723810735495,0.0009990009990009,2.30595064163208,375,0.6,0.1093,0.0009990009990009,0.0208425037562847,GAT,0.0215487061664462,3.2772381073549504,0.49069999999999997,0.9672276189249293,0.0010327644522474511,0.0015460729746442498,True,True
0.0238228324961347,0.0009990009990009,2.329674005508423,376,0.6,0.1113,0.0009990009990009,0.0209963489323854,GAT,0.0215087482389062,2.38228324961347,0.48869999999999997,0.9761771675027584,0.0010327644522474511,0.0015460729746442498,True,True
0.0278187329458494,0.0009990009990009,2.31381893157959,377,0.7,0.1089,0.0009990009990009,0.0209505856037139,GAT,0.0215500815678387,2.78187329458494,0.5911,0.9721812670528596,0.0010327644522474511,0.0015460729746442498,True,True
0.033154527218384,0.0009990009990009,2.295753240585327,378,0.7,0.1043,0.0009990009990009,0.0209730360656976,GAT,0.021692231753841,3.3154527218384002,0.5956999999999999,0.9668454727800863,0.0010327644522474511,0.0015460729746442498,True,True
0.0362068200293223,0.0009990009990009,2.298912286758423,379,0.6,0.1082,0.0009990009990009,0.0206132177263498,GAT,0.0213875945117324,3.6206820029322304,0.49179999999999996,0.963793179968986,0.0010327644522474511,0.0015460729746442498,True,True
0.0349645299037984,0.0009990009990009,2.3090035915374756,380,0.7,0.1116,0.0009990009990009,0.0208709053695201,GAT,0.0216270862743258,3.49645299037984,0.5883999999999999,0.965035470094583,0.0010327644522474511,0.0015460729746442498,True,True
0.0288984713374011,0.0009990009990009,2.3090708255767822,381,0.6,0.1109,0.0009990009990009,0.0208205021917819,GAT,0.0214400879591703,2.8898471337401097,0.4891,0.9711015286612483,0.0010327644522474511,0.0015460729746442498,True,True
0.033015685667696,0.0009990009990009,2.3134379386901855,382,0.5,0.1135,0.0019980019980019,0.020895654335618,GAT,0.021609093369916,3.3015685667695998,0.3865,0.9669843143307787,0.0010327644522474511,0.0026369569516776345,True,True
0.0374230722003547,0.0009990009990009,2.3027076721191406,383,0.5,0.1051,0.0019980019980019,0.0207038037478923,GAT,0.0215087263677269,3.74230722003547,0.39490000000000003,0.9625769277979026,0.0010327644522474511,0.0026369569516776345,True,True
0.0252041520896385,0.0009990009990009,2.310133457183838,384,0.5,0.1095,0.0029970029970029,0.0210272427648305,GAT,0.0215709195006638,2.5204152089638496,0.3905,0.9747958479091923,0.0010327644522474511,0.003541912632821609,True,True
0.0286388014013147,0.0009990009990009,2.315455198287964,385,0.6,0.116,0.0009990009990009,0.0210211519151926,GAT,0.0216409219820052,2.86388014013147,0.484,0.9713611985973635,0.0010327644522474511,0.0015460729746442498,True,True
0.0281011971305404,0.0009990009990009,2.321550130844116,386,0.5,0.1184,0.0039960039960039,0.0210316814482212,GAT,0.0216397853214293,2.81011971305404,0.3816,0.9718988028681638,0.0010327644522474511,0.004566861709718743,True,True
0.0272462208329838,0.0009990009990009,2.3074827194213867,387,0.5,0.1116,0.0009990009990009,0.0210314597934484,GAT,0.021620537739247,2.7246220832983803,0.38839999999999997,0.9727537791657574,0.0010327644522474511,0.0015460729746442498,True,True
0.0277415009177762,0.0009990009990009,2.3116273880004883,388,0.6,0.1099,0.0009990009990009,0.020870566368103,GAT,0.0214660672936588,2.7741500917776203,0.4901,0.9722584990809324,0.0010327644522474511,0.0015460729746442498,True,True
0.0353100911694428,0.0009990009990009,2.3146274089813232,389,0.6,0.108,0.0009990009990009,0.0209204014390707,GAT,0.0216861410569399,3.53100911694428,0.492,0.9646899088289316,0.0010327644522474511,0.0015460729746442498,True,True
0.0274742834183376,0.0009990009990009,2.318289041519165,390,0.6,0.1112,0.0009990009990009,0.0209644306451082,GAT,0.0215566851217299,2.7474283418337597,0.4888,0.9725257165803899,0.0010327644522474511,0.0015460729746442498,True,True
0.0352505525598933,0.0009990009990009,2.3126113414764404,391,0.6,0.1078,0.0009990009990009,0.020768554881215,GAT,0.0215274079050868,3.5250552559893302,0.49219999999999997,0.964749447438468,0.0010327644522474511,0.0015460729746442498,True,True
0.036286315246336,0.0009990009990009,2.297041654586792,392,0.5,0.113,0.0029970029970029,0.0208162907510995,GAT,0.0216000779904425,3.6286315246336,0.387,0.9637136847519806,0.0010327644522474511,0.003541912632821609,True,True
0.0272997810889166,0.0009990009990009,2.3075315952301025,393,0.7,0.1123,0.0009990009990009,0.0210561379790306,GAT,0.0216470990441739,2.7299781088916597,0.5877,0.9727002189098242,0.0010327644522474511,0.0015460729746442498,True,True
0.0252458341310796,0.0009990009990009,2.317432165145874,394,0.3,0.1088,0.0699300699300699,0.021069960668683,GAT,0.0216156661920249,2.52458341310796,0.19119999999999998,0.974754165867752,0.0010327644522474511,0.07074637424831974,True,False
0.0289662496129038,0.0009990009990009,2.3188862800598145,395,0.5,0.1083,0.0009990009990009,0.0208949241787195,GAT,0.0215182264987379,2.89662496129038,0.3917,0.9710337503857505,0.0010327644522474511,0.0015460729746442498,True,True
0.0271888883922719,0.0009990009990009,2.317126512527466,396,0.6,0.1128,0.0009990009990009,0.0209155455231666,GAT,0.0215001096036285,2.71888883922719,0.48719999999999997,0.9728111116064615,0.0010327644522474511,0.0015460729746442498,True,True
0.031156193410319,0.0009990009990009,2.308659315109253,397,0.5,0.1123,0.0019980019980019,0.0208345185965299,GAT,0.0215045175030827,3.1156193410319,0.3877,0.9688438065882318,0.0010327644522474511,0.0026369569516776345,True,True
0.0302382896836091,0.0009990009990009,2.3110768795013428,398,0.5,0.1169,0.0019980019980019,0.0209553260356187,GAT,0.0216087372936308,3.02382896836091,0.3831,0.9697617103149894,0.0010327644522474511,0.0026369569516776345,True,True
0.0292580066256815,0.0009990009990009,2.31601619720459,399,0.5,0.1103,0.0039960039960039,0.0209782291203737,GAT,0.0216105095520615,2.92580066256815,0.3897,0.9707419933729659,0.0010327644522474511,0.004566861709718743,True,True
0.0296136775191224,0.0009990009990009,2.3189616203308105,400,0.7,0.1131,0.0009990009990009,0.0208507142961025,GAT,0.0214870240986347,2.96136775191224,0.5869,0.970386322479499,0.0010327644522474511,0.0015460729746442498,True,True
0.0339662989745733,0.0009990009990009,2.3065803050994873,401,0.6,0.1112,0.0009990009990009,0.0208101738244295,GAT,0.0215418714713305,3.39662989745733,0.4888,0.9660337010238504,0.0010327644522474511,0.0015460729746442498,True,True
0.0268661511486824,0.0009990009990009,2.3133230209350586,402,0.6,0.1103,0.0009990009990009,0.0210656598210334,GAT,0.0216472377832978,2.68661511486824,0.48969999999999997,0.9731338488500771,0.0010327644522474511,0.0015460729746442498,True,True
0.0267501740606885,0.0009990009990009,2.320481061935425,403,0.7,0.1122,0.0009990009990009,0.0210919938981533,GAT,0.0216717160753905,2.67501740606885,0.5878,0.9732498259380803,0.0010327644522474511,0.0015460729746442498,True,True
0.0300424852194703,0.0009990009990009,2.3000264167785645,404,0.5,0.1106,0.0009990009990009,0.0209059286862611,GAT,0.0215534478239715,3.00424852194703,0.38939999999999997,0.9699575147791327,0.0010327644522474511,0.0015460729746442498,True,True
0.0323865253305319,0.0009990009990009,2.3122873306274414,405,0.4,0.1114,0.0079920079920079,0.0209485925734043,GAT,0.0216497528422623,3.23865253305319,0.2886,0.9676134746679755,0.0010327644522474511,0.009073895536777529,True,True
0.0346077033000293,0.0009990009990009,2.2911458015441895,406,0.7,0.1061,0.0009990009990009,0.0207235421985387,GAT,0.0214664466138929,3.4607703300029296,0.5939,0.9653922966983555,0.0010327644522474511,0.0015460729746442498,True,True
0.0292593593781267,0.0009990009990009,2.301301956176758,407,0.6,0.1095,0.0009990009990009,0.020929554477334,GAT,0.0215603979080915,2.9259359378126697,0.4905,0.9707406406205172,0.0010327644522474511,0.0015460729746442498,True,True
0.0306389912876619,0.0009990009990009,2.310749053955078,408,0.5,0.1119,0.0019980019980019,0.0207037292420864,GAT,0.0213581205103546,3.06389912876619,0.3881,0.9693610087109048,0.0010327644522474511,0.0026369569516776345,True,True
0.0275614025762393,0.0009990009990009,2.3119657039642334,409,0.5,0.1169,0.0029970029970029,0.0209641102701425,GAT,0.0215582868941128,2.75614025762393,0.3831,0.9724385974224807,0.0010327644522474511,0.003541912632821609,True,True
0.0156009521533735,0.0149850149850149,2.3224501609802246,410,0.5,0.1136,0.0009990009990009,0.0210756137967109,GAT,0.0214096243213862,1.56009521533735,0.38639999999999997,0.9843990478458953,0.0149850149850149,0.0015460729746442498,True,True
0.0287525667129467,0.0009990009990009,2.315938711166382,411,0.7,0.1086,0.0009990009990009,0.0211121812462806,GAT,0.0217371809929609,2.87525667129467,0.5913999999999999,0.9712474332857287,0.0010327644522474511,0.0015460729746442498,True,True
0.0287103780558143,0.0009990009990009,2.3151233196258545,412,0.5,0.1144,0.0029970029970029,0.0209767129272222,GAT,0.0215967641919851,2.87103780558143,0.3856,0.9712896219428552,0.0010327644522474511,0.003541912632821609,True,True
0.0337600548010908,0.0009990009990009,2.3100361824035645,413,0.6,0.1089,0.0009990009990009,0.02078552916646,GAT,0.0215117676202207,3.37600548010908,0.4911,0.9662399451973418,0.0010327644522474511,0.0015460729746442498,True,True
0.0352970761634722,0.0009990009990009,2.300994396209717,414,0.6,0.1155,0.0009990009990009,0.0206604152917861,GAT,0.0214163498226553,3.5297076163472196,0.4845,0.9647029238348762,0.0010327644522474511,0.0015460729746442498,True,True
0.0331263391169811,0.0009990009990009,2.2983715534210205,415,0.5,0.1137,0.0009990009990009,0.0208492670208215,GAT,0.0215635898094624,3.3126339116981103,0.3863,0.9668736608814805,0.0010327644522474511,0.0015460729746442498,True,True
0.0310482521326137,0.0009990009990009,2.3098812103271484,416,0.5,0.1114,0.0009990009990009,0.0209461133927106,GAT,0.0216172925420105,3.10482521326137,0.3886,0.9689517478659482,0.0010327644522474511,0.0015460729746442498,True,True
0.0266283339020866,0.0009990009990009,2.3149502277374268,417,0.6,0.1126,0.0009990009990009,0.0211491771042346,GAT,0.021727750910446,2.66283339020866,0.48739999999999994,0.9733716660966855,0.0010327644522474511,0.0015460729746442498,True,True
0.0325039810421807,0.0009990009990009,2.3073296546936035,418,0.6,0.1113,0.0009990009990009,0.0209732875227928,GAT,0.0216779057607054,3.25039810421807,0.48869999999999997,0.9674960189563223,0.0010327644522474511,0.0015460729746442498,True,True
0.0349436245809404,0.0009990009990009,2.297172784805298,419,0.5,0.1082,0.0009990009990009,0.0207366179674863,GAT,0.0214874679818749,3.49436245809404,0.3918,0.9650563754174314,0.0010327644522474511,0.0015460729746442498,True,True
0.0383000652303838,0.0009990009990009,2.3088135719299316,420,0.4,0.1129,0.0149850149850149,0.020734142512083,GAT,0.0215598876141011,3.8300065230383797,0.2871,0.9616999347678405,0.0010327644522474511,0.015430114440015342,True,True
0.0275085457478955,0.0009990009990009,2.314035177230835,421,0.5,0.1104,0.0039960039960039,0.0210062768310308,GAT,0.0216004744712263,2.75085457478955,0.3896,0.9724914542508304,0.0010327644522474511,0.004566861709718743,True,True
0.0410782597263469,0.0009990009990009,2.2861204147338867,422,0.7,0.1129,0.0009990009990009,0.0206017233431339,GAT,0.0214842593278735,4.10782597263469,0.5871,0.9589217402717436,0.0010327644522474511,0.0015460729746442498,True,True
0.0313147644485769,0.0009990009990009,2.308543920516968,423,0.6,0.1104,0.0009990009990009,0.0208433885127306,GAT,0.0215171943865716,3.13147644485769,0.4896,0.9686852355499698,0.0010327644522474511,0.0015460729746442498,True,True
0.0249082881828167,0.0009990009990009,2.3108131885528564,424,0.4,0.1126,0.0109890109890109,0.0210903361439704,GAT,0.0216290794890373,2.49082881828167,0.2874,0.9750917118160316,0.0010327644522474511,0.01200480192076821,True,True
0.023411644087742,0.0009990009990009,2.331254720687866,425,0.5,0.1101,0.0009990009990009,0.0210627149790525,GAT,0.0215676491037011,2.3411644087742,0.3899,0.976588355911171,0.0010327644522474511,0.0015460729746442498,True,True
0.0356648332306734,0.0009990009990009,2.304478883743286,426,0.4,0.1092,0.0089910089910089,0.0207682326436042,GAT,0.0215363219752907,3.56648332306734,0.2908,0.9643351667676703,0.0010327644522474511,0.010097893467223819,True,True
0.0305686763824953,0.0009990009990009,2.3068184852600098,427,0.4,0.1106,0.0139860139860139,0.0208852961659431,GAT,0.0215438635591417,3.0568676382495297,0.2894,0.969431323616086,0.0010327644522474511,0.014603870025556681,True,True
0.0360570451529809,0.0009990009990009,2.29882287979126,428,0.6,0.1199,0.0009990009990009,0.020672844722867,GAT,0.0214461287558078,3.60570451529809,0.48009999999999997,0.9639429548453408,0.0010327644522474511,0.0015460729746442498,True,True
0.0335797201834673,0.0009990009990009,2.3054401874542236,429,0.6,0.1078,0.0009990009990009,0.0209200177341699,GAT,0.0216469150856137,3.3579720183467296,0.49219999999999997,0.9664202798149799,0.0010327644522474511,0.0015460729746442498,True,True
0.0302291245921029,0.0009990009990009,2.308830738067627,430,0.5,0.1059,0.0029970029970029,0.0207826923578977,GAT,0.0214305181615054,3.02291245921029,0.3941,0.9697708754064865,0.0010327644522474511,0.003541912632821609,True,True
0.0331472633592469,0.0009990009990009,2.3033018112182617,431,0.7,0.1102,0.0009990009990009,0.0209180023521184,GAT,0.0216351483110338,3.31472633592469,0.5898,0.9668527366392187,0.0010327644522474511,0.0015460729746442498,True,True
0.0274300483035846,0.0009990009990009,2.320408582687378,432,0.5,0.1128,0.0029970029970029,0.0209424048662185,GAT,0.0215330576784908,2.74300483035846,0.3872,0.9725699516951419,0.0010327644522474511,0.003541912632821609,True,True
0.0267274304131184,0.0009990009990009,2.3150076866149902,433,0.6,0.1122,0.0009990009990009,0.0209342241287231,GAT,0.0215091072972863,2.6727430413118403,0.4878,0.973272569585641,0.0010327644522474511,0.0015460729746442498,True,True
0.0326936976382455,0.0009990009990009,2.300483465194702,434,0.5,0.107,0.0029970029970029,0.0207403860986232,GAT,0.0214413842316716,3.26936976382455,0.393,0.9673063023602302,0.0010327644522474511,0.003541912632821609,True,True
0.0276264157115587,0.0009990009990009,2.3123390674591064,435,0.6,0.1085999999999999,0.0009990009990009,0.0207984242588281,GAT,0.0213893349170684,2.76264157115587,0.49140000000000006,0.9723735842871505,0.0010327644522474511,0.0015460729746442498,True,True
0.0300633062694482,0.0009990009990009,2.3253791332244873,436,0.5,0.1142,0.0029970029970029,0.0210452005267143,GAT,0.0216974990870803,3.0063306269448202,0.38580000000000003,0.9699366937291677,0.0010327644522474511,0.003541912632821609,True,True
0.0290872859781276,0.0009990009990009,2.309253215789795,437,0.5,0.1084,0.0029970029970029,0.0209396798163652,GAT,0.0215670054722577,2.90872859781276,0.3916,0.9709127140205234,0.0010327644522474511,0.003541912632821609,True,True
0.0358998571049796,0.0009990009990009,2.3120381832122803,438,0.6,0.1074,0.0009990009990009,0.020673681050539,GAT,0.0214434996228665,3.58998571049796,0.4926,0.9641001428933458,0.0010327644522474511,0.0015460729746442498,True,True
0.0392787835982816,0.0009990009990009,2.2913856506347656,439,0.5,0.1078,0.0029970029970029,0.0207022447139024,GAT,0.0215486494526267,3.9278783598281604,0.3922,0.9607212163998925,0.0010327644522474511,0.003541912632821609,True,True
0.0290089280648908,0.0009990009990009,2.31478500366211,440,0.5,0.1117,0.0009990009990009,0.0208820067346096,GAT,0.0215058689396828,2.90089280648908,0.3883,0.970991071933762,0.0010327644522474511,0.0015460729746442498,True,True
0.0358083938962935,0.0009990009990009,2.308134078979492,441,0.5,0.1111,0.0009990009990009,0.020935645326972,GAT,0.0217131586652249,3.58083938962935,0.3889,0.9641916061020575,0.0010327644522474511,0.0015460729746442498,True,True
0.0333173502745391,0.0009990009990009,2.3046109676361084,442,0.6,0.1146,0.0009990009990009,0.0209817830473184,GAT,0.0217049339339137,3.3317350274539104,0.4854,0.9666826497239236,0.0010327644522474511,0.0015460729746442498,True,True
0.0283903561604426,0.0009990009990009,2.30496597290039,443,0.7,0.1104,0.0009990009990009,0.0208664014935493,GAT,0.0214761160779744,2.83903561604426,0.5895999999999999,0.9716096438382349,0.0010327644522474511,0.0015460729746442498,True,True
0.0255911504344397,0.0009990009990009,2.306848526000977,444,0.2,0.1090999999999999,0.2987012987012987,0.0208456851541996,GAT,0.0213931607492268,2.55911504344397,0.0909000000000001,0.9744088495643644,0.0010327644522474511,0.2987012987012987,True,False
0.0284828405756085,0.0009990009990009,2.3141584396362305,445,0.5,0.1061,0.0019980019980019,0.0208653938025236,GAT,0.0214771232809871,2.84828405756085,0.39390000000000003,0.9715171594230666,0.0010327644522474511,0.0026369569516776345,True,True
0.0282336466608801,0.0009990009990009,2.3043313026428223,446,0.6,0.1100999999999999,0.0009990009990009,0.0209397450089454,GAT,0.0215481272190809,2.82336466608801,0.48990000000000006,0.9717663533378076,0.0010327644522474511,0.0015460729746442498,True,True
0.0359990603221274,0.0009990009990009,2.292741060256958,447,0.5,0.1144,0.0039960039960039,0.0208634193986654,GAT,0.0216425301469862,3.59990603221274,0.3856,0.9640009396762099,0.0010327644522474511,0.004566861709718743,True,True
0.0260109428141154,0.0009990009990009,2.3215973377227783,448,0.7,0.1120999999999999,0.0009990009990009,0.0209933463484048,GAT,0.0215539858415722,2.60109428141154,0.5879000000000001,0.9739890571846779,0.0010327644522474511,0.0015460729746442498,True,True
0.0275954554510034,0.0009990009990009,2.3080825805664062,449,0.7,0.1141,0.0009990009990009,0.0209931619465351,GAT,0.0215889179706573,2.75954554510034,0.5859,0.9724045445477201,0.0010327644522474511,0.0015460729746442498,True,True
0.0296812730163165,0.0009990009990009,2.3212015628814697,450,0.7,0.1109,0.0009990009990009,0.0211010724306106,GAT,0.0217465373426675,2.9681273016316503,0.5891,0.9703187269823196,0.0010327644522474511,0.0015460729746442498,True,True
0.0278139505829134,0.0009990009990009,2.314832925796509,451,0.5,0.1115,0.0009990009990009,0.0208573434501886,GAT,0.0214540657754987,2.78139505829134,0.3885,0.9721860494157905,0.0010327644522474511,0.0015460729746442498,True,True
0.0279584499666752,0.0009990009990009,2.3203587532043457,452,0.4,0.1099,0.0109890109890109,0.0209699161350727,GAT,0.0215730656106024,2.7958449966675203,0.2901,0.9720415500320329,0.0010327644522474511,0.01200480192076821,True,True
0.0365458967777609,0.0009990009990009,2.3009703159332275,453,0.6,0.1112,0.0009990009990009,0.0208223182708024,GAT,0.0216121538132429,3.65458967777609,0.4888,0.9634541032205441,0.0010327644522474511,0.0015460729746442498,True,True
0.0277701715720508,0.0009990009990009,2.301096200942993,454,0.6,0.1105,0.0009990009990009,0.0207836832851171,GAT,0.0213773355614393,2.77701715720508,0.4895,0.9722298284266523,0.0010327644522474511,0.0015460729746442498,True,True
0.0406992710980673,0.0009990009990009,2.3013532161712646,455,0.6,0.1071,0.0009990009990009,0.020778814330697,GAT,0.0216603758390992,4.06992710980673,0.4929,0.9593007289000549,0.0010327644522474511,0.0015460729746442498,True,True
0.0392872782941847,0.0009990009990009,2.2970077991485596,456,0.6,0.1105999999999999,0.0009990009990009,0.0207661502063274,GAT,0.0216153588239103,3.9287278294184698,0.48940000000000006,0.9607127217039984,0.0010327644522474511,0.0015460729746442498,True,True
0.0279694103173296,0.0009990009990009,2.304375648498535,457,0.5,0.1057,0.0029970029970029,0.0208645295351743,GAT,0.0214648898467421,2.79694103173296,0.3943,0.9720305896813665,0.0010327644522474511,0.003541912632821609,True,True
0.0338257100697039,0.0009990009990009,2.3071765899658203,458,0.6,0.1116,0.0019980019980019,0.0208250507712364,GAT,0.0215541346818208,3.3825710069703896,0.48839999999999995,0.9661742899287288,0.0010327644522474511,0.0026369569516776345,True,True
0.0289302144242857,0.0009990009990009,2.3175487518310547,459,0.5,0.1081,0.0019980019980019,0.020996855571866,GAT,0.0216223961282521,2.89302144242857,0.3919,0.9710697855743768,0.0010327644522474511,0.0026369569516776345,True,True
0.0293453474155741,0.0009990009990009,2.3031630516052246,460,0.5,0.1112,0.0009990009990009,0.0210274029523134,GAT,0.0216631145756691,2.93453474155741,0.38880000000000003,0.9706546525830732,0.0010327644522474511,0.0015460729746442498,True,True
0.0349323650331417,0.0009990009990009,2.295398473739624,461,0.5,0.1147,0.0009990009990009,0.0207374859601259,GAT,0.0214881166964769,3.49323650331417,0.3853,0.9650676349652332,0.0010327644522474511,0.0015460729746442498,True,True
0.0326847902137042,0.0009990009990009,2.3096983432769775,462,0.7,0.1098,0.0009990009990009,0.0208109430968761,GAT,0.0215141278523951,3.26847902137042,0.5902,0.9673152097847779,0.0010327644522474511,0.0015460729746442498,True,True
0.0373113414174551,0.0009990009990009,2.304088592529297,463,0.7,0.1105,0.0009990009990009,0.0208235178142786,GAT,0.0216305839158594,3.7311341417455104,0.5894999999999999,0.9626886585808224,0.0010327644522474511,0.0015460729746442498,True,True
0.0275328466458795,0.0009990009990009,2.3079466819763184,464,0.7,0.108,0.0009990009990009,0.0208626929670572,GAT,0.0214533651806414,2.75328466458795,0.592,0.9724671533528364,0.0010327644522474511,0.0015460729746442498,True,True
0.0245993633786366,0.0009990009990009,2.324951171875,465,0.4,0.1067,0.0089910089910089,0.0211333055049181,GAT,0.0216662822552025,2.45993633786366,0.2933,0.9754006366202295,0.0010327644522474511,0.010097893467223819,True,True
0.0343708621932294,0.0009990009990009,2.2943568229675293,466,0.5,0.1093,0.0019980019980019,0.0207039453089237,GAT,0.0214408870842307,3.43708621932294,0.3907,0.9656291378051701,0.0010327644522474511,0.0026369569516776345,True,True
0.0307520940734318,0.0009990009990009,2.323235511779785,467,0.7,0.1082,0.0009990009990009,0.0209390893578529,GAT,0.0216034403890371,3.07520940734318,0.5918,0.9692479059251446,0.0010327644522474511,0.0015460729746442498,True,True
0.0310909349604361,0.0009990009990009,2.2942123413085938,468,0.7,0.1154,0.0009990009990009,0.0209423620253801,GAT,0.0216143730934709,3.10909349604361,0.5846,0.9689090650381252,0.0010327644522474511,0.0015460729746442498,True,True
0.0264306397096538,0.0009990009990009,2.302288293838501,469,0.3,0.1083,0.0749250749250749,0.0208880100399255,GAT,0.0214550815708935,2.64306397096538,0.19169999999999998,0.9735693602891119,0.0010327644522474511,0.075359843251526,True,False
0.0377661987973846,0.0009990009990009,2.2982254028320312,470,0.7,0.1049,0.0009990009990009,0.0208381395787,GAT,0.0216560045517981,3.7766198797384596,0.5951,0.9622338012008687,0.0010327644522474511,0.0015460729746442498,True,True
0.0289326009053642,0.0009990009990009,2.3112869262695312,471,0.5,0.114,0.0019980019980019,0.020951883867383,GAT,0.0215761376470327,2.89326009053642,0.386,0.9710673990932964,0.0010327644522474511,0.0026369569516776345,True,True
0.0337113822432521,0.0009990009990009,2.3122730255126953,472,0.6,0.1098,0.0009990009990009,0.020837090909481,GAT,0.0215640446618199,3.3711382243252097,0.49019999999999997,0.9662886177551838,0.0010327644522474511,0.0015460729746442498,True,True
0.0218202760947469,0.0009990009990009,2.325062990188598,473,0.6,0.1103,0.0009990009990009,0.0210871696472167,GAT,0.0215575615931302,2.18202760947469,0.48969999999999997,0.9781797239042378,0.0010327644522474511,0.0015460729746442498,True,True
0.0277104184209426,0.0009990009990009,2.307305335998535,474,0.6,0.1104,0.0009990009990009,0.0210295505821704,GAT,0.021628896350041,2.77104184209426,0.4896,0.9722895815777736,0.0010327644522474511,0.0015460729746442498,True,True
0.0292083595871889,0.0009990009990009,2.307427883148194,475,0.8,0.1121,0.0009990009990009,0.0209949426352977,GAT,0.0216266207508742,2.9208359587188903,0.6879000000000001,0.9707916404114607,0.0010327644522474511,0.0015460729746442498,True,True
0.0322723834212468,0.0009990009990009,2.3112781047821045,476,0.5,0.1148,0.0009990009990009,0.0207185316830873,GAT,0.0214094661846756,3.2272383421246804,0.3852,0.9677276165772478,0.0010327644522474511,0.0015460729746442498,True,True
0.025205795752849,0.0009990009990009,2.3256468772888184,477,0.6,0.1092,0.0009990009990009,0.0209474395960569,GAT,0.0214890891890972,2.5205795752849003,0.49079999999999996,0.9747942042459802,0.0010327644522474511,0.0015460729746442498,True,True
0.0325256179422388,0.0009990009990009,2.3100883960723877,478,0.6,0.1063,0.0009990009990009,0.0208584684878587,GAT,0.0215597114246338,3.25256179422388,0.49369999999999997,0.9674743820562519,0.0010327644522474511,0.0015460729746442498,True,True
0.0355873489976173,0.0009990009990009,2.315270185470581,479,0.5,0.1132,0.0019980019980019,0.020950399339199,GAT,0.0217234804183244,3.55873489976173,0.38680000000000003,0.9644126510007447,0.0010327644522474511,0.0026369569516776345,True,True
0.0273371759524274,0.0009990009990009,2.318398952484131,480,0.4,0.1165,0.0209790209790209,0.0209797751158475,GAT,0.02156942220591,2.73371759524274,0.28350000000000003,0.972662824046305,0.0010327644522474511,0.0213068181818181,True,True
0.0264424052687894,0.0009990009990009,2.328322172164917,481,0.4,0.1128,0.0109890109890109,0.0210933834314346,GAT,0.0216662923134863,2.64424052687894,0.2872,0.9735575947299904,0.0010327644522474511,0.01200480192076821,True,True
0.0280657694892742,0.0009990009990009,2.312995672225952,482,0.5,0.1118,0.0009990009990009,0.0208798926323652,GAT,0.0214828246366232,2.80657694892742,0.3882,0.9719342305094208,0.0010327644522474511,0.0015460729746442498,True,True
0.0262808512812594,0.0009990009990009,2.315716505050659,483,0.5,0.1118,0.0009990009990009,0.0209903977811336,GAT,0.0215569323133677,2.6280851281259396,0.3882,0.9737191487175202,0.0010327644522474511,0.0015460729746442498,True,True
0.0315253118933184,0.0009990009990009,2.3120834827423096,484,0.6,0.1117,0.0009990009990009,0.0208471789956092,GAT,0.0215257861167192,3.1525311893318397,0.48829999999999996,0.9684746881052153,0.0010327644522474511,0.0015460729746442498,True,True
0.0286840927718658,0.0009990009990009,2.32198429107666,485,0.6,0.1072,0.0009990009990009,0.0208905059844255,GAT,0.0215074270162731,2.8684092771865797,0.49279999999999996,0.9713159072268003,0.0010327644522474511,0.0015460729746442498,True,True
0.0327448247027083,0.0009990009990009,2.3034629821777344,486,0.5,0.1129,0.0029970029970029,0.0209463536739349,GAT,0.0216554578449577,3.27448247027083,0.3871,0.9672551752957783,0.0010327644522474511,0.003541912632821609,True,True
0.0305570635667276,0.0009990009990009,2.3084516525268555,487,0.5,0.1115,0.0029970029970029,0.0209310315549373,GAT,0.0215907824672758,3.05570635667276,0.3885,0.9694429364318567,0.0010327644522474511,0.003541912632821609,True,True
0.026489451188057,0.0009990009990009,2.3121578693389893,488,0.5,0.1037,0.0009990009990009,0.0210548192262649,GAT,0.0216277258135378,2.6489451188057003,0.3963,0.9735105488107173,0.0010327644522474511,0.0015460729746442498,True,True
0.0342042277389882,0.0009990009990009,2.2958147525787354,489,0.4,0.1072,0.0119880119880119,0.020609026774764,GAT,0.0213389076311141,3.42042277389882,0.2928,0.9657957722594072,0.0010327644522474511,0.012960012960012864,True,True
0.0248139957088749,0.0009990009990009,2.3175041675567627,490,0.6,0.1138,0.0009990009990009,0.0210700295865535,GAT,0.021606164868921,2.4813995708874903,0.48619999999999997,0.975186004289975,0.0010327644522474511,0.0015460729746442498,True,True
0.0328921394525573,0.0009990009990009,2.30136775970459,491,0.5,0.1135,0.0009990009990009,0.020868906751275,GAT,0.0215786755569279,3.28921394525573,0.3865,0.9671078605459162,0.0010327644522474511,0.0015460729746442498,True,True
0.0287942753504382,0.0009990009990009,2.3154542446136475,492,0.5,0.1023,0.0019980019980019,0.0209219511598348,GAT,0.0215422444790601,2.87942753504382,0.3977,0.9712057246482255,0.0010327644522474511,0.0026369569516776345,True,True
0.025237055717263,0.0009990009990009,2.315324544906616,493,0.5,0.1128,0.0029970029970029,0.0210251491516828,GAT,0.0215694998204708,2.5237055717263,0.3872,0.9747629442815648,0.0010327644522474511,0.003541912632821609,True,True
0.0254401854611639,0.0009990009990009,2.322218656539917,494,0.5,0.1084,0.0009990009990009,0.0210113823413848,GAT,0.0215598694179207,2.54401854611639,0.3916,0.9745598145376524,0.0010327644522474511,0.0015460729746442498,True,True
0.0378731376759331,0.0009990009990009,2.297578811645508,495,0.7,0.1149,0.0009990009990009,0.0208010748028755,GAT,0.0216198877897113,3.7873137675933104,0.5851,0.9621268623223167,0.0010327644522474511,0.0015460729746442498,True,True
0.0348893302907227,0.0009990009990009,2.3079967498779297,496,0.4,0.1119,0.0149850149850149,0.0207422487437725,GAT,0.0214920934922993,3.4889330290722698,0.2881,0.9651106697076545,0.0010327644522474511,0.015430114440015342,True,True
0.0410977022074261,0.0009990009990009,2.303579568862915,497,0.7,0.1124,0.0009990009990009,0.0207334067672491,GAT,0.0216220221966505,4.10977022074261,0.5875999999999999,0.958902297790673,0.0010327644522474511,0.0015460729746442498,True,True
0.0241267185711826,0.0009990009990009,2.3309168815612793,498,0.6,0.11,0.0009990009990009,0.0211749728769063,GAT,0.0216984861455857,2.41267185711826,0.49,0.9758732814277046,0.0010327644522474511,0.0015460729746442498,True,True
0.0369587783914868,0.0009990009990009,2.3028759956359863,499,0.5,0.1101,0.0009990009990009,0.0207347925752401,GAT,0.0215305348411202,3.6958778391486797,0.3899,0.963041221606797,0.0010327644522474511,0.0015460729746442498,True,True
0.0279695934179959,0.0009990009990009,2.324190616607666,500,0.4,0.1096,0.0109890109890109,0.021106656640768,GAT,0.021713988058269,2.7969593417995897,0.2904,0.9720304065807146,0.0010327644522474511,0.01200480192076821,True,True
0.0285074076226947,0.0009990009990009,2.2954390048980713,501,0.5,0.1102,0.0009990009990009,0.0209404453635215,GAT,0.0215549202617257,2.85074076226947,0.3898,0.971492592375983,0.0010327644522474511,0.0015460729746442498,True,True
0.0279495872281689,0.0009990009990009,2.327751398086548,502,0.6,0.1119,0.0009990009990009,0.0209709331393241,GAT,0.021573915163055,2.7949587228168897,0.4881,0.9720504127705344,0.0010327644522474511,0.0015460729746442498,True,True
0.0257727339057136,0.0009990009990009,2.3196468353271484,503,0.6,0.1153,0.0009990009990009,0.0209641344845294,GAT,0.0215187310129404,2.57727339057136,0.48469999999999996,0.9742272660930846,0.0010327644522474511,0.0015460729746442498,True,True
0.0307339059258638,0.0009990009990009,2.309217929840088,504,0.6,0.1106,0.0009990009990009,0.0209023132920265,GAT,0.0215650928262621,3.0733905925863803,0.48939999999999995,0.9692660940727106,0.0010327644522474511,0.0015460729746442498,True,True
0.0373999533204136,0.0009990009990009,2.31571364402771,505,0.3,0.113,0.0949050949050949,0.0208186786621809,GAT,0.0216275479458272,3.7399953320413597,0.187,0.9626000466778591,0.0010327644522474511,0.09508795635963266,True,False
0.0297954999148661,0.0009990009990009,2.3139805793762207,506,0.6,0.1112,0.0009990009990009,0.0209757443517446,GAT,0.0216199206970632,2.9795499914866097,0.4888,0.9702045000837536,0.0010327644522474511,0.0015460729746442498,True,True
0.021482057005452,0.0019980019980019,2.3205814361572266,507,0.5,0.111,0.0019980019980019,0.0211030188947916,GAT,0.0215663075428456,2.1482057005452,0.389,0.9785179429935519,0.0020095958200405956,0.0026369569516776345,True,True
0.0375599940010783,0.0009990009990009,2.2962656021118164,508,0.7,0.1147,0.0009990009990009,0.0208028089255094,GAT,0.0216146552469581,3.7559994001078305,0.5852999999999999,0.9624400059971832,0.0010327644522474511,0.0015460729746442498,True,True
0.0334135786325526,0.0009990009990009,2.292217254638672,509,0.5,0.112,0.0019980019980019,0.0209461003541946,GAT,0.0216701785698533,3.34135786325526,0.388,0.9665864213659037,0.0010327644522474511,0.0026369569516776345,True,True
0.0282130128758868,0.0009990009990009,2.3210952281951904,510,0.5,0.1116,0.0029970029970029,0.0208142343908548,GAT,0.0214185152370482,2.82130128758868,0.38839999999999997,0.9717869871227975,0.0010327644522474511,0.003541912632821609,True,True
0.0456281427081061,0.0009990009990009,2.2868764400482178,511,0.6,0.108,0.0009990009990009,0.02050625346601,GAT,0.0214866493698209,4.56281427081061,0.492,0.9543718572897683,0.0010327644522474511,0.0015460729746442498,True,True
0.033841706889901,0.0009990009990009,2.299988031387329,512,0.6,0.1156,0.0019980019980019,0.0207817405462265,GAT,0.0215096643008291,3.3841706889900998,0.4844,0.966158293108529,0.0010327644522474511,0.0026369569516776345,True,True
0.0361199626323809,0.0009990009990009,2.3013527393341064,513,0.5,0.108,0.0029970029970029,0.0209040939807891,GAT,0.0216874436344951,3.6119962632380904,0.392,0.9638800373659514,0.0010327644522474511,0.003541912632821609,True,True
0.0246847038682266,0.0019980019980019,2.3101799488067627,514,0.6,0.1116,0.0009990009990009,0.0208856202661991,GAT,0.0214142240453511,2.46847038682266,0.48839999999999995,0.9753152961306223,0.0020095958200405956,0.0015460729746442498,True,True
0.0276635337138724,0.0009990009990009,2.314646005630493,515,0.6,0.1152,0.0009990009990009,0.020866198465228,GAT,0.021459853855893,2.76635337138724,0.4848,0.9723364662848355,0.0010327644522474511,0.0015460729746442498,True,True
0.0261491388706447,0.0009990009990009,2.306260585784912,516,0.6,0.1185,0.0009990009990009,0.0209346581250429,GAT,0.0214967804215848,2.61491388706447,0.4815,0.9738508611281402,0.0010327644522474511,0.0015460729746442498,True,True
0.0280334328240365,0.0009990009990009,2.3061139583587646,517,0.4,0.111,0.0149850149850149,0.0208516418933868,GAT,0.0214530443716794,2.8033432824036497,0.28900000000000003,0.9719665671746559,0.0010327644522474511,0.015430114440015342,True,True
0.0349656365435895,0.0009990009990009,2.301792860031128,518,0.5,0.1095,0.0009990009990009,0.0207185670733451,GAT,0.0214692531768232,3.4965636543589502,0.3905,0.9650343634547806,0.0010327644522474511,0.0015460729746442498,True,True
0.0295932450940249,0.0009990009990009,2.3153388500213623,519,0.5,0.1142,0.0009990009990009,0.0210051611065864,GAT,0.0216457284539937,2.95932450940249,0.38580000000000003,0.9704067549046097,0.0010327644522474511,0.0015460729746442498,True,True
