graph_id,model,top_edge_fraction,empirical_edges,candidate_edges,shared_edges,jaccard,precision,recall,f1
0,Raw,0.1,400,400,77,0.10650069156293222,0.1925,0.1925,0.19249999999999998
0,MLP,0.1,400,400,49,0.06524633821571238,0.1225,0.1225,0.1225
0,GIN,0.1,400,400,70,0.0958904109589041,0.175,0.175,0.175
0,GAT,0.1,400,400,60,0.08108108108108109,0.15,0.15,0.15
1,Raw,0.1,400,400,58,0.07816711590296496,0.145,0.145,0.145
1,MLP,0.1,400,400,43,0.05680317040951123,0.1075,0.1075,0.10749999999999998
1,GIN,0.1,400,400,49,0.06524633821571238,0.1225,0.1225,0.1225
1,GAT,0.1,400,400,62,0.08401084010840108,0.155,0.155,0.155
2,Raw,0.1,400,400,67,0.09140518417462483,0.1675,0.1675,0.1675
2,MLP,0.1,400,400,39,0.051248357424441525,0.0975,0.0975,0.0975
2,GIN,0.1,400,400,77,0.10650069156293222,0.1925,0.1925,0.19249999999999998
2,GAT,0.1,400,400,56,0.07526881720430108,0.14,0.14,0.14
3,Raw,0.1,400,400,59,0.0796221322537112,0.1475,0.1475,0.1475
3,MLP,0.1,400,400,38,0.049868766404199474,0.095,0.095,0.095
3,GIN,0.1,400,400,24,0.030927835051546393,0.06,0.06,0.06
3,GAT,0.1,400,400,75,0.10344827586206896,0.1875,0.1875,0.1875
4,Raw,0.1,400,400,63,0.08548168249660787,0.1575,0.1575,0.1575
4,MLP,0.1,400,400,40,0.05263157894736842,0.1,0.1,0.10000000000000002
4,GIN,0.1,400,400,33,0.04302477183833116,0.0825,0.0825,0.0825
4,GAT,0.1,400,400,64,0.08695652173913043,0.16,0.16,0.16
5,Raw,0.1,400,400,70,0.0958904109589041,0.175,0.175,0.175
5,MLP,0.1,400,400,44,0.0582010582010582,0.11,0.11,0.11
5,GIN,0.1,400,400,62,0.08401084010840108,0.155,0.155,0.155
5,GAT,0.1,400,400,65,0.08843537414965986,0.1625,0.1625,0.1625
6,Raw,0.1,400,400,59,0.0796221322537112,0.1475,0.1475,0.1475
6,MLP,0.1,400,400,47,0.06241699867197875,0.1175,0.1175,0.1175
6,GIN,0.1,400,400,73,0.10041265474552957,0.1825,0.1825,0.18249999999999997
6,GAT,0.1,400,400,51,0.06809078771695594,0.1275,0.1275,0.1275
7,Raw,0.1,400,400,58,0.07816711590296496,0.145,0.145,0.145
7,MLP,0.1,400,400,42,0.055408970976253295,0.105,0.105,0.10499999999999998
7,GIN,0.1,400,400,68,0.09289617486338798,0.17,0.17,0.17
7,GAT,0.1,400,400,59,0.0796221322537112,0.1475,0.1475,0.1475
8,Raw,0.1,400,400,71,0.09739368998628258,0.1775,0.1775,0.17750000000000002
8,MLP,0.1,400,400,41,0.05401844532279315,0.1025,0.1025,0.1025
8,GIN,0.1,400,400,36,0.04712041884816754,0.09,0.09,0.09
8,GAT,0.1,400,400,56,0.07526881720430108,0.14,0.14,0.14
9,Raw,0.1,400,400,77,0.10650069156293222,0.1925,0.1925,0.19249999999999998
9,MLP,0.1,400,400,47,0.06241699867197875,0.1175,0.1175,0.1175
9,GIN,0.1,400,400,37,0.04849279161205767,0.0925,0.0925,0.0925
9,GAT,0.1,400,400,54,0.07238605898123325,0.135,0.135,0.135
10,Raw,0.1,400,400,68,0.09289617486338798,0.17,0.17,0.17
10,MLP,0.1,400,400,45,0.059602649006622516,0.1125,0.1125,0.1125
10,GIN,0.1,400,400,20,0.02564102564102564,0.05,0.05,0.05000000000000001
10,GAT,0.1,400,400,56,0.07526881720430108,0.14,0.14,0.14
11,Raw,0.1,400,400,73,0.10041265474552957,0.1825,0.1825,0.18249999999999997
11,MLP,0.1,400,400,39,0.051248357424441525,0.0975,0.0975,0.0975
11,GIN,0.1,400,400,84,0.11731843575418995,0.21,0.21,0.20999999999999996
11,GAT,0.1,400,400,52,0.06951871657754011,0.13,0.13,0.13
12,Raw,0.1,400,400,64,0.08695652173913043,0.16,0.16,0.16
12,MLP,0.1,400,400,50,0.06666666666666667,0.125,0.125,0.125
12,GIN,0.1,400,400,73,0.10041265474552957,0.1825,0.1825,0.18249999999999997
12,GAT,0.1,400,400,54,0.07238605898123325,0.135,0.135,0.135
13,Raw,0.1,400,400,69,0.09439124487004104,0.1725,0.1725,0.1725
13,MLP,0.1,400,400,43,0.05680317040951123,0.1075,0.1075,0.10749999999999998
13,GIN,0.1,400,400,19,0.024327784891165175,0.0475,0.0475,0.0475
13,GAT,0.1,400,400,60,0.08108108108108109,0.15,0.15,0.15
14,Raw,0.1,400,400,66,0.08991825613079019,0.165,0.165,0.165
14,MLP,0.1,400,400,42,0.055408970976253295,0.105,0.105,0.10499999999999998
14,GIN,0.1,400,400,19,0.024327784891165175,0.0475,0.0475,0.0475
14,GAT,0.1,400,400,53,0.07095046854082998,0.1325,0.1325,0.1325
15,Raw,0.1,400,400,66,0.08991825613079019,0.165,0.165,0.165
15,MLP,0.1,400,400,42,0.055408970976253295,0.105,0.105,0.10499999999999998
15,GIN,0.1,400,400,27,0.03492884864165589,0.0675,0.0675,0.0675
15,GAT,0.1,400,400,53,0.07095046854082998,0.1325,0.1325,0.1325
16,Raw,0.1,400,400,79,0.10957004160887657,0.1975,0.1975,0.1975
16,MLP,0.1,400,400,38,0.049868766404199474,0.095,0.095,0.095
16,GIN,0.1,400,400,32,0.041666666666666664,0.08,0.08,0.08
16,GAT,0.1,400,400,55,0.0738255033557047,0.1375,0.1375,0.1375
17,Raw,0.1,400,400,63,0.08548168249660787,0.1575,0.1575,0.1575
17,MLP,0.1,400,400,46,0.0610079575596817,0.115,0.115,0.115
17,GIN,0.1,400,400,25,0.03225806451612903,0.0625,0.0625,0.0625
17,GAT,0.1,400,400,65,0.08843537414965986,0.1625,0.1625,0.1625
18,Raw,0.1,400,400,57,0.07671601615074024,0.1425,0.1425,0.1425
18,MLP,0.1,400,400,40,0.05263157894736842,0.1,0.1,0.10000000000000002
18,GIN,0.1,400,400,17,0.021711366538952746,0.0425,0.0425,0.0425
18,GAT,0.1,400,400,63,0.08548168249660787,0.1575,0.1575,0.1575
19,Raw,0.1,400,400,61,0.08254397834912043,0.1525,0.1525,0.1525
19,MLP,0.1,400,400,41,0.05401844532279315,0.1025,0.1025,0.1025
19,GIN,0.1,400,400,21,0.026957637997432605,0.0525,0.0525,0.05249999999999999
19,GAT,0.1,400,400,60,0.08108108108108109,0.15,0.15,0.15
20,Raw,0.1,400,400,62,0.08401084010840108,0.155,0.155,0.155
20,MLP,0.1,400,400,39,0.051248357424441525,0.0975,0.0975,0.0975
20,GIN,0.1,400,400,63,0.08548168249660787,0.1575,0.1575,0.1575
20,GAT,0.1,400,400,75,0.10344827586206896,0.1875,0.1875,0.1875
21,Raw,0.1,400,400,67,0.09140518417462483,0.1675,0.1675,0.1675
21,MLP,0.1,400,400,47,0.06241699867197875,0.1175,0.1175,0.1175
21,GIN,0.1,400,400,31,0.04031209362808843,0.0775,0.0775,0.0775
21,GAT,0.1,400,400,66,0.08991825613079019,0.165,0.165,0.165
22,Raw,0.1,400,400,67,0.09140518417462483,0.1675,0.1675,0.1675
22,MLP,0.1,400,400,45,0.059602649006622516,0.1125,0.1125,0.1125
22,GIN,0.1,400,400,21,0.026957637997432605,0.0525,0.0525,0.05249999999999999
22,GAT,0.1,400,400,54,0.07238605898123325,0.135,0.135,0.135
23,Raw,0.1,400,400,76,0.10497237569060773,0.19,0.19,0.19
23,MLP,0.1,400,400,44,0.0582010582010582,0.11,0.11,0.11
23,GIN,0.1,400,400,32,0.041666666666666664,0.08,0.08,0.08
23,GAT,0.1,400,400,63,0.08548168249660787,0.1575,0.1575,0.1575
24,Raw,0.1,400,400,64,0.08695652173913043,0.16,0.16,0.16
24,MLP,0.1,400,400,47,0.06241699867197875,0.1175,0.1175,0.1175
24,GIN,0.1,400,400,73,0.10041265474552957,0.1825,0.1825,0.18249999999999997
24,GAT,0.1,400,400,73,0.10041265474552957,0.1825,0.1825,0.18249999999999997
25,Raw,0.1,400,400,71,0.09739368998628258,0.1775,0.1775,0.17750000000000002
25,MLP,0.1,400,400,38,0.049868766404199474,0.095,0.095,0.095
25,GIN,0.1,400,400,32,0.041666666666666664,0.08,0.08,0.08
25,GAT,0.1,400,400,54,0.07238605898123325,0.135,0.135,0.135
26,Raw,0.1,400,400,66,0.08991825613079019,0.165,0.165,0.165
26,MLP,0.1,400,400,29,0.03761348897535668,0.0725,0.0725,0.0725
26,GIN,0.1,400,400,46,0.0610079575596817,0.115,0.115,0.115
26,GAT,0.1,400,400,59,0.0796221322537112,0.1475,0.1475,0.1475
27,Raw,0.1,400,400,63,0.08548168249660787,0.1575,0.1575,0.1575
27,MLP,0.1,400,400,48,0.06382978723404255,0.12,0.12,0.12
27,GIN,0.1,400,400,75,0.10344827586206896,0.1875,0.1875,0.1875
27,GAT,0.1,400,400,55,0.0738255033557047,0.1375,0.1375,0.1375
28,Raw,0.1,400,400,67,0.09140518417462483,0.1675,0.1675,0.1675
28,MLP,0.1,400,400,43,0.05680317040951123,0.1075,0.1075,0.10749999999999998
28,GIN,0.1,400,400,82,0.11420612813370473,0.205,0.205,0.205
28,GAT,0.1,400,400,58,0.07816711590296496,0.145,0.145,0.145
29,Raw,0.1,400,400,59,0.0796221322537112,0.1475,0.1475,0.1475
29,MLP,0.1,400,400,39,0.051248357424441525,0.0975,0.0975,0.0975
29,GIN,0.1,400,400,28,0.03626943005181347,0.07,0.07,0.07
29,GAT,0.1,400,400,62,0.08401084010840108,0.155,0.155,0.155
30,Raw,0.1,400,400,70,0.0958904109589041,0.175,0.175,0.175
30,MLP,0.1,400,400,46,0.0610079575596817,0.115,0.115,0.115
30,GIN,0.1,400,400,49,0.06524633821571238,0.1225,0.1225,0.1225
30,GAT,0.1,400,400,63,0.08548168249660787,0.1575,0.1575,0.1575
31,Raw,0.1,400,400,67,0.09140518417462483,0.1675,0.1675,0.1675
31,MLP,0.1,400,400,45,0.059602649006622516,0.1125,0.1125,0.1125
31,GIN,0.1,400,400,27,0.03492884864165589,0.0675,0.0675,0.0675
31,GAT,0.1,400,400,54,0.07238605898123325,0.135,0.135,0.135
32,Raw,0.1,400,400,69,0.09439124487004104,0.1725,0.1725,0.1725
32,MLP,0.1,400,400,48,0.06382978723404255,0.12,0.12,0.12
32,GIN,0.1,400,400,52,0.06951871657754011,0.13,0.13,0.13
32,GAT,0.1,400,400,57,0.07671601615074024,0.1425,0.1425,0.1425
33,Raw,0.1,400,400,71,0.09739368998628258,0.1775,0.1775,0.17750000000000002
33,MLP,0.1,400,400,31,0.04031209362808843,0.0775,0.0775,0.0775
33,GIN,0.1,400,400,46,0.0610079575596817,0.115,0.115,0.115
33,GAT,0.1,400,400,59,0.0796221322537112,0.1475,0.1475,0.1475
34,Raw,0.1,400,400,59,0.0796221322537112,0.1475,0.1475,0.1475
34,MLP,0.1,400,400,37,0.04849279161205767,0.0925,0.0925,0.0925
34,GIN,0.1,400,400,71,0.09739368998628258,0.1775,0.1775,0.17750000000000002
34,GAT,0.1,400,400,60,0.08108108108108109,0.15,0.15,0.15
35,Raw,0.1,400,400,73,0.10041265474552957,0.1825,0.1825,0.18249999999999997
35,MLP,0.1,400,400,46,0.0610079575596817,0.115,0.115,0.115
35,GIN,0.1,400,400,25,0.03225806451612903,0.0625,0.0625,0.0625
35,GAT,0.1,400,400,51,0.06809078771695594,0.1275,0.1275,0.1275
36,Raw,0.1,400,400,63,0.08548168249660787,0.1575,0.1575,0.1575
36,MLP,0.1,400,400,50,0.06666666666666667,0.125,0.125,0.125
36,GIN,0.1,400,400,37,0.04849279161205767,0.0925,0.0925,0.0925
36,GAT,0.1,400,400,55,0.0738255033557047,0.1375,0.1375,0.1375
37,Raw,0.1,400,400,62,0.08401084010840108,0.155,0.155,0.155
37,MLP,0.1,400,400,37,0.04849279161205767,0.0925,0.0925,0.0925
37,GIN,0.1,400,400,34,0.044386422976501305,0.085,0.085,0.085
37,GAT,0.1,400,400,55,0.0738255033557047,0.1375,0.1375,0.1375
38,Raw,0.1,400,400,69,0.09439124487004104,0.1725,0.1725,0.1725
38,MLP,0.1,400,400,47,0.06241699867197875,0.1175,0.1175,0.1175
38,GIN,0.1,400,400,15,0.01910828025477707,0.0375,0.0375,0.0375
38,GAT,0.1,400,400,63,0.08548168249660787,0.1575,0.1575,0.1575
39,Raw,0.1,400,400,61,0.08254397834912043,0.1525,0.1525,0.1525
39,MLP,0.1,400,400,52,0.06951871657754011,0.13,0.13,0.13
39,GIN,0.1,400,400,29,0.03761348897535668,0.0725,0.0725,0.0725
39,GAT,0.1,400,400,67,0.09140518417462483,0.1675,0.1675,0.1675
40,Raw,0.1,400,400,73,0.10041265474552957,0.1825,0.1825,0.18249999999999997
40,MLP,0.1,400,400,43,0.05680317040951123,0.1075,0.1075,0.10749999999999998
40,GIN,0.1,400,400,15,0.01910828025477707,0.0375,0.0375,0.0375
40,GAT,0.1,400,400,54,0.07238605898123325,0.135,0.135,0.135
41,Raw,0.1,400,400,68,0.09289617486338798,0.17,0.17,0.17
41,MLP,0.1,400,400,52,0.06951871657754011,0.13,0.13,0.13
41,GIN,0.1,400,400,51,0.06809078771695594,0.1275,0.1275,0.1275
41,GAT,0.1,400,400,61,0.08254397834912043,0.1525,0.1525,0.1525
42,Raw,0.1,400,400,64,0.08695652173913043,0.16,0.16,0.16
42,MLP,0.1,400,400,47,0.06241699867197875,0.1175,0.1175,0.1175
42,GIN,0.1,400,400,63,0.08548168249660787,0.1575,0.1575,0.1575
42,GAT,0.1,400,400,45,0.059602649006622516,0.1125,0.1125,0.1125
43,Raw,0.1,400,400,64,0.08695652173913043,0.16,0.16,0.16
43,MLP,0.1,400,400,41,0.05401844532279315,0.1025,0.1025,0.1025
43,GIN,0.1,400,400,16,0.02040816326530612,0.04,0.04,0.04
43,GAT,0.1,400,400,61,0.08254397834912043,0.1525,0.1525,0.1525
44,Raw,0.1,400,400,66,0.08991825613079019,0.165,0.165,0.165
44,MLP,0.1,400,400,47,0.06241699867197875,0.1175,0.1175,0.1175
44,GIN,0.1,400,400,32,0.041666666666666664,0.08,0.08,0.08
44,GAT,0.1,400,400,58,0.07816711590296496,0.145,0.145,0.145
45,Raw,0.1,400,400,66,0.08991825613079019,0.165,0.165,0.165
45,MLP,0.1,400,400,44,0.0582010582010582,0.11,0.11,0.11
45,GIN,0.1,400,400,44,0.0582010582010582,0.11,0.11,0.11
45,GAT,0.1,400,400,63,0.08548168249660787,0.1575,0.1575,0.1575
46,Raw,0.1,400,400,69,0.09439124487004104,0.1725,0.1725,0.1725
46,MLP,0.1,400,400,42,0.055408970976253295,0.105,0.105,0.10499999999999998
46,GIN,0.1,400,400,71,0.09739368998628258,0.1775,0.1775,0.17750000000000002
46,GAT,0.1,400,400,60,0.08108108108108109,0.15,0.15,0.15
47,Raw,0.1,400,400,53,0.07095046854082998,0.1325,0.1325,0.1325
47,MLP,0.1,400,400,43,0.05680317040951123,0.1075,0.1075,0.10749999999999998
47,GIN,0.1,400,400,30,0.03896103896103896,0.075,0.075,0.075
47,GAT,0.1,400,400,57,0.07671601615074024,0.1425,0.1425,0.1425
48,Raw,0.1,400,400,72,0.0989010989010989,0.18,0.18,0.18
48,MLP,0.1,400,400,39,0.051248357424441525,0.0975,0.0975,0.0975
48,GIN,0.1,400,400,31,0.04031209362808843,0.0775,0.0775,0.0775
48,GAT,0.1,400,400,62,0.08401084010840108,0.155,0.155,0.155
49,Raw,0.1,400,400,64,0.08695652173913043,0.16,0.16,0.16
49,MLP,0.1,400,400,45,0.059602649006622516,0.1125,0.1125,0.1125
49,GIN,0.1,400,400,30,0.03896103896103896,0.075,0.075,0.075
49,GAT,0.1,400,400,57,0.07671601615074024,0.1425,0.1425,0.1425
50,Raw,0.1,400,400,65,0.08843537414965986,0.1625,0.1625,0.1625
50,MLP,0.1,400,400,51,0.06809078771695594,0.1275,0.1275,0.1275
50,GIN,0.1,400,400,62,0.08401084010840108,0.155,0.155,0.155
50,GAT,0.1,400,400,57,0.07671601615074024,0.1425,0.1425,0.1425
51,Raw,0.1,400,400,71,0.09739368998628258,0.1775,0.1775,0.17750000000000002
51,MLP,0.1,400,400,42,0.055408970976253295,0.105,0.105,0.10499999999999998
51,GIN,0.1,400,400,38,0.049868766404199474,0.095,0.095,0.095
51,GAT,0.1,400,400,72,0.0989010989010989,0.18,0.18,0.18
52,Raw,0.1,400,400,71,0.09739368998628258,0.1775,0.1775,0.17750000000000002
52,MLP,0.1,400,400,48,0.06382978723404255,0.12,0.12,0.12
52,GIN,0.1,400,400,26,0.03359173126614987,0.065,0.065,0.065
52,GAT,0.1,400,400,56,0.07526881720430108,0.14,0.14,0.14
53,Raw,0.1,400,400,60,0.08108108108108109,0.15,0.15,0.15
53,MLP,0.1,400,400,44,0.0582010582010582,0.11,0.11,0.11
53,GIN,0.1,400,400,61,0.08254397834912043,0.1525,0.1525,0.1525
53,GAT,0.1,400,400,59,0.0796221322537112,0.1475,0.1475,0.1475
54,Raw,0.1,400,400,67,0.09140518417462483,0.1675,0.1675,0.1675
54,MLP,0.1,400,400,39,0.051248357424441525,0.0975,0.0975,0.0975
54,GIN,0.1,400,400,59,0.0796221322537112,0.1475,0.1475,0.1475
54,GAT,0.1,400,400,64,0.08695652173913043,0.16,0.16,0.16
55,Raw,0.1,400,400,58,0.07816711590296496,0.145,0.145,0.145
55,MLP,0.1,400,400,48,0.06382978723404255,0.12,0.12,0.12
55,GIN,0.1,400,400,23,0.029601029601029602,0.0575,0.0575,0.0575
55,GAT,0.1,400,400,66,0.08991825613079019,0.165,0.165,0.165
56,Raw,0.1,400,400,64,0.08695652173913043,0.16,0.16,0.16
56,MLP,0.1,400,400,44,0.0582010582010582,0.11,0.11,0.11
56,GIN,0.1,400,400,48,0.06382978723404255,0.12,0.12,0.12
56,GAT,0.1,400,400,62,0.08401084010840108,0.155,0.155,0.155
57,Raw,0.1,400,400,67,0.09140518417462483,0.1675,0.1675,0.1675
57,MLP,0.1,400,400,42,0.055408970976253295,0.105,0.105,0.10499999999999998
57,GIN,0.1,400,400,68,0.09289617486338798,0.17,0.17,0.17
57,GAT,0.1,400,400,61,0.08254397834912043,0.1525,0.1525,0.1525
58,Raw,0.1,400,400,67,0.09140518417462483,0.1675,0.1675,0.1675
58,MLP,0.1,400,400,46,0.0610079575596817,0.115,0.115,0.115
58,GIN,0.1,400,400,30,0.03896103896103896,0.075,0.075,0.075
58,GAT,0.1,400,400,65,0.08843537414965986,0.1625,0.1625,0.1625
59,Raw,0.1,400,400,65,0.08843537414965986,0.1625,0.1625,0.1625
59,MLP,0.1,400,400,39,0.051248357424441525,0.0975,0.0975,0.0975
59,GIN,0.1,400,400,38,0.049868766404199474,0.095,0.095,0.095
59,GAT,0.1,400,400,52,0.06951871657754011,0.13,0.13,0.13
60,Raw,0.1,400,400,63,0.08548168249660787,0.1575,0.1575,0.1575
60,MLP,0.1,400,400,43,0.05680317040951123,0.1075,0.1075,0.10749999999999998
60,GIN,0.1,400,400,54,0.07238605898123325,0.135,0.135,0.135
60,GAT,0.1,400,400,55,0.0738255033557047,0.1375,0.1375,0.1375
61,Raw,0.1,400,400,68,0.09289617486338798,0.17,0.17,0.17
61,MLP,0.1,400,400,47,0.06241699867197875,0.1175,0.1175,0.1175
61,GIN,0.1,400,400,22,0.028277634961439587,0.055,0.055,0.055
61,GAT,0.1,400,400,66,0.08991825613079019,0.165,0.165,0.165
62,Raw,0.1,400,400,77,0.10650069156293222,0.1925,0.1925,0.19249999999999998
62,MLP,0.1,400,400,35,0.0457516339869281,0.0875,0.0875,0.0875
62,GIN,0.1,400,400,22,0.028277634961439587,0.055,0.055,0.055
62,GAT,0.1,400,400,50,0.06666666666666667,0.125,0.125,0.125
63,Raw,0.1,400,400,76,0.10497237569060773,0.19,0.19,0.19
63,MLP,0.1,400,400,41,0.05401844532279315,0.1025,0.1025,0.1025
63,GIN,0.1,400,400,49,0.06524633821571238,0.1225,0.1225,0.1225
63,GAT,0.1,400,400,66,0.08991825613079019,0.165,0.165,0.165
64,Raw,0.1,400,400,65,0.08843537414965986,0.1625,0.1625,0.1625
64,MLP,0.1,400,400,48,0.06382978723404255,0.12,0.12,0.12
64,GIN,0.1,400,400,49,0.06524633821571238,0.1225,0.1225,0.1225
64,GAT,0.1,400,400,57,0.07671601615074024,0.1425,0.1425,0.1425
65,Raw,0.1,400,400,68,0.09289617486338798,0.17,0.17,0.17
65,MLP,0.1,400,400,47,0.06241699867197875,0.1175,0.1175,0.1175
65,GIN,0.1,400,400,74,0.10192837465564739,0.185,0.185,0.185
65,GAT,0.1,400,400,57,0.07671601615074024,0.1425,0.1425,0.1425
66,Raw,0.1,400,400,70,0.0958904109589041,0.175,0.175,0.175
66,MLP,0.1,400,400,41,0.05401844532279315,0.1025,0.1025,0.1025
66,GIN,0.1,400,400,18,0.023017902813299233,0.045,0.045,0.045
66,GAT,0.1,400,400,64,0.08695652173913043,0.16,0.16,0.16
67,Raw,0.1,400,400,65,0.08843537414965986,0.1625,0.1625,0.1625
67,MLP,0.1,400,400,42,0.055408970976253295,0.105,0.105,0.10499999999999998
67,GIN,0.1,400,400,60,0.08108108108108109,0.15,0.15,0.15
67,GAT,0.1,400,400,63,0.08548168249660787,0.1575,0.1575,0.1575
68,Raw,0.1,400,400,56,0.07526881720430108,0.14,0.14,0.14
68,MLP,0.1,400,400,43,0.05680317040951123,0.1075,0.1075,0.10749999999999998
68,GIN,0.1,400,400,23,0.029601029601029602,0.0575,0.0575,0.0575
68,GAT,0.1,400,400,56,0.07526881720430108,0.14,0.14,0.14
69,Raw,0.1,400,400,61,0.08254397834912043,0.1525,0.1525,0.1525
69,MLP,0.1,400,400,45,0.059602649006622516,0.1125,0.1125,0.1125
69,GIN,0.1,400,400,59,0.0796221322537112,0.1475,0.1475,0.1475
69,GAT,0.1,400,400,58,0.07816711590296496,0.145,0.145,0.145
70,Raw,0.1,400,400,62,0.08401084010840108,0.155,0.155,0.155
70,MLP,0.1,400,400,41,0.05401844532279315,0.1025,0.1025,0.1025
70,GIN,0.1,400,400,61,0.08254397834912043,0.1525,0.1525,0.1525
70,GAT,0.1,400,400,66,0.08991825613079019,0.165,0.165,0.165
71,Raw,0.1,400,400,67,0.09140518417462483,0.1675,0.1675,0.1675
71,MLP,0.1,400,400,37,0.04849279161205767,0.0925,0.0925,0.0925
71,GIN,0.1,400,400,25,0.03225806451612903,0.0625,0.0625,0.0625
71,GAT,0.1,400,400,63,0.08548168249660787,0.1575,0.1575,0.1575
72,Raw,0.1,400,400,65,0.08843537414965986,0.1625,0.1625,0.1625
72,MLP,0.1,400,400,40,0.05263157894736842,0.1,0.1,0.10000000000000002
72,GIN,0.1,400,400,56,0.07526881720430108,0.14,0.14,0.14
72,GAT,0.1,400,400,61,0.08254397834912043,0.1525,0.1525,0.1525
73,Raw,0.1,400,400,77,0.10650069156293222,0.1925,0.1925,0.19249999999999998
73,MLP,0.1,400,400,41,0.05401844532279315,0.1025,0.1025,0.1025
73,GIN,0.1,400,400,39,0.051248357424441525,0.0975,0.0975,0.0975
73,GAT,0.1,400,400,56,0.07526881720430108,0.14,0.14,0.14
74,Raw,0.1,400,400,74,0.10192837465564739,0.185,0.185,0.185
74,MLP,0.1,400,400,44,0.0582010582010582,0.11,0.11,0.11
74,GIN,0.1,400,400,22,0.028277634961439587,0.055,0.055,0.055
74,GAT,0.1,400,400,54,0.07238605898123325,0.135,0.135,0.135
75,Raw,0.1,400,400,69,0.09439124487004104,0.1725,0.1725,0.1725
75,MLP,0.1,400,400,46,0.0610079575596817,0.115,0.115,0.115
75,GIN,0.1,400,400,45,0.059602649006622516,0.1125,0.1125,0.1125
75,GAT,0.1,400,400,58,0.07816711590296496,0.145,0.145,0.145
76,Raw,0.1,400,400,69,0.09439124487004104,0.1725,0.1725,0.1725
76,MLP,0.1,400,400,46,0.0610079575596817,0.115,0.115,0.115
76,GIN,0.1,400,400,51,0.06809078771695594,0.1275,0.1275,0.1275
76,GAT,0.1,400,400,64,0.08695652173913043,0.16,0.16,0.16
77,Raw,0.1,400,400,67,0.09140518417462483,0.1675,0.1675,0.1675
77,MLP,0.1,400,400,34,0.044386422976501305,0.085,0.085,0.085
77,GIN,0.1,400,400,17,0.021711366538952746,0.0425,0.0425,0.0425
77,GAT,0.1,400,400,60,0.08108108108108109,0.15,0.15,0.15
78,Raw,0.1,400,400,52,0.06951871657754011,0.13,0.13,0.13
78,MLP,0.1,400,400,47,0.06241699867197875,0.1175,0.1175,0.1175
78,GIN,0.1,400,400,47,0.06241699867197875,0.1175,0.1175,0.1175
78,GAT,0.1,400,400,67,0.09140518417462483,0.1675,0.1675,0.1675
79,Raw,0.1,400,400,66,0.08991825613079019,0.165,0.165,0.165
79,MLP,0.1,400,400,38,0.049868766404199474,0.095,0.095,0.095
79,GIN,0.1,400,400,21,0.026957637997432605,0.0525,0.0525,0.05249999999999999
79,GAT,0.1,400,400,59,0.0796221322537112,0.1475,0.1475,0.1475
80,Raw,0.1,400,400,58,0.07816711590296496,0.145,0.145,0.145
80,MLP,0.1,400,400,32,0.041666666666666664,0.08,0.08,0.08
80,GIN,0.1,400,400,61,0.08254397834912043,0.1525,0.1525,0.1525
80,GAT,0.1,400,400,61,0.08254397834912043,0.1525,0.1525,0.1525
81,Raw,0.1,400,400,66,0.08991825613079019,0.165,0.165,0.165
81,MLP,0.1,400,400,41,0.05401844532279315,0.1025,0.1025,0.1025
81,GIN,0.1,400,400,23,0.029601029601029602,0.0575,0.0575,0.0575
81,GAT,0.1,400,400,52,0.06951871657754011,0.13,0.13,0.13
82,Raw,0.1,400,400,57,0.07671601615074024,0.1425,0.1425,0.1425
82,MLP,0.1,400,400,41,0.05401844532279315,0.1025,0.1025,0.1025
82,GIN,0.1,400,400,68,0.09289617486338798,0.17,0.17,0.17
82,GAT,0.1,400,400,63,0.08548168249660787,0.1575,0.1575,0.1575
83,Raw,0.1,400,400,69,0.09439124487004104,0.1725,0.1725,0.1725
83,MLP,0.1,400,400,37,0.04849279161205767,0.0925,0.0925,0.0925
83,GIN,0.1,400,400,51,0.06809078771695594,0.1275,0.1275,0.1275
83,GAT,0.1,400,400,56,0.07526881720430108,0.14,0.14,0.14
84,Raw,0.1,400,400,58,0.07816711590296496,0.145,0.145,0.145
84,MLP,0.1,400,400,41,0.05401844532279315,0.1025,0.1025,0.1025
84,GIN,0.1,400,400,26,0.03359173126614987,0.065,0.065,0.065
84,GAT,0.1,400,400,53,0.07095046854082998,0.1325,0.1325,0.1325
85,Raw,0.1,400,400,52,0.06951871657754011,0.13,0.13,0.13
85,MLP,0.1,400,400,38,0.049868766404199474,0.095,0.095,0.095
85,GIN,0.1,400,400,36,0.04712041884816754,0.09,0.09,0.09
85,GAT,0.1,400,400,58,0.07816711590296496,0.145,0.145,0.145
86,Raw,0.1,400,400,77,0.10650069156293222,0.1925,0.1925,0.19249999999999998
86,MLP,0.1,400,400,50,0.06666666666666667,0.125,0.125,0.125
86,GIN,0.1,400,400,67,0.09140518417462483,0.1675,0.1675,0.1675
86,GAT,0.1,400,400,54,0.07238605898123325,0.135,0.135,0.135
87,Raw,0.1,400,400,56,0.07526881720430108,0.14,0.14,0.14
87,MLP,0.1,400,400,53,0.07095046854082998,0.1325,0.1325,0.1325
87,GIN,0.1,400,400,23,0.029601029601029602,0.0575,0.0575,0.0575
87,GAT,0.1,400,400,58,0.07816711590296496,0.145,0.145,0.145
88,Raw,0.1,400,400,63,0.08548168249660787,0.1575,0.1575,0.1575
88,MLP,0.1,400,400,47,0.06241699867197875,0.1175,0.1175,0.1175
88,GIN,0.1,400,400,38,0.049868766404199474,0.095,0.095,0.095
88,GAT,0.1,400,400,65,0.08843537414965986,0.1625,0.1625,0.1625
89,Raw,0.1,400,400,64,0.08695652173913043,0.16,0.16,0.16
89,MLP,0.1,400,400,47,0.06241699867197875,0.1175,0.1175,0.1175
89,GIN,0.1,400,400,39,0.051248357424441525,0.0975,0.0975,0.0975
89,GAT,0.1,400,400,54,0.07238605898123325,0.135,0.135,0.135
90,Raw,0.1,400,400,59,0.0796221322537112,0.1475,0.1475,0.1475
90,MLP,0.1,400,400,35,0.0457516339869281,0.0875,0.0875,0.0875
90,GIN,0.1,400,400,25,0.03225806451612903,0.0625,0.0625,0.0625
90,GAT,0.1,400,400,52,0.06951871657754011,0.13,0.13,0.13
91,Raw,0.1,400,400,63,0.08548168249660787,0.1575,0.1575,0.1575
91,MLP,0.1,400,400,45,0.059602649006622516,0.1125,0.1125,0.1125
91,GIN,0.1,400,400,50,0.06666666666666667,0.125,0.125,0.125
91,GAT,0.1,400,400,65,0.08843537414965986,0.1625,0.1625,0.1625
92,Raw,0.1,400,400,60,0.08108108108108109,0.15,0.15,0.15
92,MLP,0.1,400,400,49,0.06524633821571238,0.1225,0.1225,0.1225
92,GIN,0.1,400,400,34,0.044386422976501305,0.085,0.085,0.085
92,GAT,0.1,400,400,60,0.08108108108108109,0.15,0.15,0.15
93,Raw,0.1,400,400,63,0.08548168249660787,0.1575,0.1575,0.1575
93,MLP,0.1,400,400,42,0.055408970976253295,0.105,0.105,0.10499999999999998
93,GIN,0.1,400,400,71,0.09739368998628258,0.1775,0.1775,0.17750000000000002
93,GAT,0.1,400,400,55,0.0738255033557047,0.1375,0.1375,0.1375
94,Raw,0.1,400,400,74,0.10192837465564739,0.185,0.185,0.185
94,MLP,0.1,400,400,42,0.055408970976253295,0.105,0.105,0.10499999999999998
94,GIN,0.1,400,400,25,0.03225806451612903,0.0625,0.0625,0.0625
94,GAT,0.1,400,400,61,0.08254397834912043,0.1525,0.1525,0.1525
95,Raw,0.1,400,400,61,0.08254397834912043,0.1525,0.1525,0.1525
95,MLP,0.1,400,400,45,0.059602649006622516,0.1125,0.1125,0.1125
95,GIN,0.1,400,400,41,0.05401844532279315,0.1025,0.1025,0.1025
95,GAT,0.1,400,400,56,0.07526881720430108,0.14,0.14,0.14
96,Raw,0.1,400,400,76,0.10497237569060773,0.19,0.19,0.19
96,MLP,0.1,400,400,39,0.051248357424441525,0.0975,0.0975,0.0975
96,GIN,0.1,400,400,21,0.026957637997432605,0.0525,0.0525,0.05249999999999999
96,GAT,0.1,400,400,57,0.07671601615074024,0.1425,0.1425,0.1425
97,Raw,0.1,400,400,61,0.08254397834912043,0.1525,0.1525,0.1525
97,MLP,0.1,400,400,44,0.0582010582010582,0.11,0.11,0.11
97,GIN,0.1,400,400,70,0.0958904109589041,0.175,0.175,0.175
97,GAT,0.1,400,400,56,0.07526881720430108,0.14,0.14,0.14
98,Raw,0.1,400,400,72,0.0989010989010989,0.18,0.18,0.18
98,MLP,0.1,400,400,41,0.05401844532279315,0.1025,0.1025,0.1025
98,GIN,0.1,400,400,50,0.06666666666666667,0.125,0.125,0.125
98,GAT,0.1,400,400,63,0.08548168249660787,0.1575,0.1575,0.1575
99,Raw,0.1,400,400,64,0.08695652173913043,0.16,0.16,0.16
99,MLP,0.1,400,400,48,0.06382978723404255,0.12,0.12,0.12
99,GIN,0.1,400,400,80,0.1111111111111111,0.2,0.2,0.20000000000000004
99,GAT,0.1,400,400,63,0.08548168249660787,0.1575,0.1575,0.1575
100,Raw,0.1,400,400,66,0.08991825613079019,0.165,0.165,0.165
100,MLP,0.1,400,400,37,0.04849279161205767,0.0925,0.0925,0.0925
100,GIN,0.1,400,400,71,0.09739368998628258,0.1775,0.1775,0.17750000000000002
100,GAT,0.1,400,400,59,0.0796221322537112,0.1475,0.1475,0.1475
101,Raw,0.1,400,400,67,0.09140518417462483,0.1675,0.1675,0.1675
101,MLP,0.1,400,400,45,0.059602649006622516,0.1125,0.1125,0.1125
101,GIN,0.1,400,400,68,0.09289617486338798,0.17,0.17,0.17
101,GAT,0.1,400,400,69,0.09439124487004104,0.1725,0.1725,0.1725
102,Raw,0.1,400,400,61,0.08254397834912043,0.1525,0.1525,0.1525
102,MLP,0.1,400,400,49,0.06524633821571238,0.1225,0.1225,0.1225
102,GIN,0.1,400,400,17,0.021711366538952746,0.0425,0.0425,0.0425
102,GAT,0.1,400,400,60,0.08108108108108109,0.15,0.15,0.15
103,Raw,0.1,400,400,65,0.08843537414965986,0.1625,0.1625,0.1625
103,MLP,0.1,400,400,40,0.05263157894736842,0.1,0.1,0.10000000000000002
103,GIN,0.1,400,400,61,0.08254397834912043,0.1525,0.1525,0.1525
103,GAT,0.1,400,400,55,0.0738255033557047,0.1375,0.1375,0.1375
104,Raw,0.1,400,400,53,0.07095046854082998,0.1325,0.1325,0.1325
104,MLP,0.1,400,400,49,0.06524633821571238,0.1225,0.1225,0.1225
104,GIN,0.1,400,400,20,0.02564102564102564,0.05,0.05,0.05000000000000001
104,GAT,0.1,400,400,58,0.07816711590296496,0.145,0.145,0.145
105,Raw,0.1,400,400,72,0.0989010989010989,0.18,0.18,0.18
105,MLP,0.1,400,400,41,0.05401844532279315,0.1025,0.1025,0.1025
105,GIN,0.1,400,400,30,0.03896103896103896,0.075,0.075,0.075
105,GAT,0.1,400,400,47,0.06241699867197875,0.1175,0.1175,0.1175
106,Raw,0.1,400,400,61,0.08254397834912043,0.1525,0.1525,0.1525
106,MLP,0.1,400,400,41,0.05401844532279315,0.1025,0.1025,0.1025
106,GIN,0.1,400,400,35,0.0457516339869281,0.0875,0.0875,0.0875
106,GAT,0.1,400,400,64,0.08695652173913043,0.16,0.16,0.16
107,Raw,0.1,400,400,61,0.08254397834912043,0.1525,0.1525,0.1525
107,MLP,0.1,400,400,34,0.044386422976501305,0.085,0.085,0.085
107,GIN,0.1,400,400,83,0.11576011157601115,0.2075,0.2075,0.2075
107,GAT,0.1,400,400,55,0.0738255033557047,0.1375,0.1375,0.1375
108,Raw,0.1,400,400,64,0.08695652173913043,0.16,0.16,0.16
108,MLP,0.1,400,400,43,0.05680317040951123,0.1075,0.1075,0.10749999999999998
108,GIN,0.1,400,400,54,0.07238605898123325,0.135,0.135,0.135
108,GAT,0.1,400,400,56,0.07526881720430108,0.14,0.14,0.14
109,Raw,0.1,400,400,72,0.0989010989010989,0.18,0.18,0.18
109,MLP,0.1,400,400,43,0.05680317040951123,0.1075,0.1075,0.10749999999999998
109,GIN,0.1,400,400,23,0.029601029601029602,0.0575,0.0575,0.0575
109,GAT,0.1,400,400,56,0.07526881720430108,0.14,0.14,0.14
110,Raw,0.1,400,400,72,0.0989010989010989,0.18,0.18,0.18
110,MLP,0.1,400,400,51,0.06809078771695594,0.1275,0.1275,0.1275
110,GIN,0.1,400,400,20,0.02564102564102564,0.05,0.05,0.05000000000000001
110,GAT,0.1,400,400,67,0.09140518417462483,0.1675,0.1675,0.1675
111,Raw,0.1,400,400,73,0.10041265474552957,0.1825,0.1825,0.18249999999999997
111,MLP,0.1,400,400,46,0.0610079575596817,0.115,0.115,0.115
111,GIN,0.1,400,400,46,0.0610079575596817,0.115,0.115,0.115
111,GAT,0.1,400,400,55,0.0738255033557047,0.1375,0.1375,0.1375
112,Raw,0.1,400,400,64,0.08695652173913043,0.16,0.16,0.16
112,MLP,0.1,400,400,41,0.05401844532279315,0.1025,0.1025,0.1025
112,GIN,0.1,400,400,74,0.10192837465564739,0.185,0.185,0.185
112,GAT,0.1,400,400,46,0.0610079575596817,0.115,0.115,0.115
113,Raw,0.1,400,400,69,0.09439124487004104,0.1725,0.1725,0.1725
113,MLP,0.1,400,400,43,0.05680317040951123,0.1075,0.1075,0.10749999999999998
113,GIN,0.1,400,400,45,0.059602649006622516,0.1125,0.1125,0.1125
113,GAT,0.1,400,400,65,0.08843537414965986,0.1625,0.1625,0.1625
114,Raw,0.1,400,400,64,0.08695652173913043,0.16,0.16,0.16
114,MLP,0.1,400,400,40,0.05263157894736842,0.1,0.1,0.10000000000000002
114,GIN,0.1,400,400,18,0.023017902813299233,0.045,0.045,0.045
114,GAT,0.1,400,400,66,0.08991825613079019,0.165,0.165,0.165
115,Raw,0.1,400,400,59,0.0796221322537112,0.1475,0.1475,0.1475
115,MLP,0.1,400,400,49,0.06524633821571238,0.1225,0.1225,0.1225
115,GIN,0.1,400,400,36,0.04712041884816754,0.09,0.09,0.09
115,GAT,0.1,400,400,59,0.0796221322537112,0.1475,0.1475,0.1475
116,Raw,0.1,400,400,64,0.08695652173913043,0.16,0.16,0.16
116,MLP,0.1,400,400,50,0.06666666666666667,0.125,0.125,0.125
116,GIN,0.1,400,400,21,0.026957637997432605,0.0525,0.0525,0.05249999999999999
116,GAT,0.1,400,400,64,0.08695652173913043,0.16,0.16,0.16
117,Raw,0.1,400,400,71,0.09739368998628258,0.1775,0.1775,0.17750000000000002
117,MLP,0.1,400,400,38,0.049868766404199474,0.095,0.095,0.095
117,GIN,0.1,400,400,24,0.030927835051546393,0.06,0.06,0.06
117,GAT,0.1,400,400,63,0.08548168249660787,0.1575,0.1575,0.1575
118,Raw,0.1,400,400,73,0.10041265474552957,0.1825,0.1825,0.18249999999999997
118,MLP,0.1,400,400,48,0.06382978723404255,0.12,0.12,0.12
118,GIN,0.1,400,400,47,0.06241699867197875,0.1175,0.1175,0.1175
118,GAT,0.1,400,400,56,0.07526881720430108,0.14,0.14,0.14
119,Raw,0.1,400,400,63,0.08548168249660787,0.1575,0.1575,0.1575
119,MLP,0.1,400,400,47,0.06241699867197875,0.1175,0.1175,0.1175
119,GIN,0.1,400,400,26,0.03359173126614987,0.065,0.065,0.065
119,GAT,0.1,400,400,62,0.08401084010840108,0.155,0.155,0.155
120,Raw,0.1,400,400,63,0.08548168249660787,0.1575,0.1575,0.1575
120,MLP,0.1,400,400,40,0.05263157894736842,0.1,0.1,0.10000000000000002
120,GIN,0.1,400,400,46,0.0610079575596817,0.115,0.115,0.115
120,GAT,0.1,400,400,56,0.07526881720430108,0.14,0.14,0.14
121,Raw,0.1,400,400,59,0.0796221322537112,0.1475,0.1475,0.1475
121,MLP,0.1,400,400,32,0.041666666666666664,0.08,0.08,0.08
121,GIN,0.1,400,400,18,0.023017902813299233,0.045,0.045,0.045
121,GAT,0.1,400,400,53,0.07095046854082998,0.1325,0.1325,0.1325
122,Raw,0.1,400,400,71,0.09739368998628258,0.1775,0.1775,0.17750000000000002
122,MLP,0.1,400,400,40,0.05263157894736842,0.1,0.1,0.10000000000000002
122,GIN,0.1,400,400,18,0.023017902813299233,0.045,0.045,0.045
122,GAT,0.1,400,400,65,0.08843537414965986,0.1625,0.1625,0.1625
123,Raw,0.1,400,400,68,0.09289617486338798,0.17,0.17,0.17
123,MLP,0.1,400,400,44,0.0582010582010582,0.11,0.11,0.11
123,GIN,0.1,400,400,75,0.10344827586206896,0.1875,0.1875,0.1875
123,GAT,0.1,400,400,52,0.06951871657754011,0.13,0.13,0.13
124,Raw,0.1,400,400,69,0.09439124487004104,0.1725,0.1725,0.1725
124,MLP,0.1,400,400,45,0.059602649006622516,0.1125,0.1125,0.1125
124,GIN,0.1,400,400,37,0.04849279161205767,0.0925,0.0925,0.0925
124,GAT,0.1,400,400,55,0.0738255033557047,0.1375,0.1375,0.1375
125,Raw,0.1,400,400,67,0.09140518417462483,0.1675,0.1675,0.1675
125,MLP,0.1,400,400,41,0.05401844532279315,0.1025,0.1025,0.1025
125,GIN,0.1,400,400,41,0.05401844532279315,0.1025,0.1025,0.1025
125,GAT,0.1,400,400,68,0.09289617486338798,0.17,0.17,0.17
126,Raw,0.1,400,400,72,0.0989010989010989,0.18,0.18,0.18
126,MLP,0.1,400,400,55,0.0738255033557047,0.1375,0.1375,0.1375
126,GIN,0.1,400,400,75,0.10344827586206896,0.1875,0.1875,0.1875
126,GAT,0.1,400,400,62,0.08401084010840108,0.155,0.155,0.155
127,Raw,0.1,400,400,64,0.08695652173913043,0.16,0.16,0.16
127,MLP,0.1,400,400,41,0.05401844532279315,0.1025,0.1025,0.1025
127,GIN,0.1,400,400,16,0.02040816326530612,0.04,0.04,0.04
127,GAT,0.1,400,400,63,0.08548168249660787,0.1575,0.1575,0.1575
128,Raw,0.1,400,400,66,0.08991825613079019,0.165,0.165,0.165
128,MLP,0.1,400,400,37,0.04849279161205767,0.0925,0.0925,0.0925
128,GIN,0.1,400,400,22,0.028277634961439587,0.055,0.055,0.055
128,GAT,0.1,400,400,59,0.0796221322537112,0.1475,0.1475,0.1475
129,Raw,0.1,400,400,61,0.08254397834912043,0.1525,0.1525,0.1525
129,MLP,0.1,400,400,39,0.051248357424441525,0.0975,0.0975,0.0975
129,GIN,0.1,400,400,56,0.07526881720430108,0.14,0.14,0.14
129,GAT,0.1,400,400,57,0.07671601615074024,0.1425,0.1425,0.1425
130,Raw,0.1,400,400,55,0.0738255033557047,0.1375,0.1375,0.1375
130,MLP,0.1,400,400,40,0.05263157894736842,0.1,0.1,0.10000000000000002
130,GIN,0.1,400,400,29,0.03761348897535668,0.0725,0.0725,0.0725
130,GAT,0.1,400,400,52,0.06951871657754011,0.13,0.13,0.13
131,Raw,0.1,400,400,69,0.09439124487004104,0.1725,0.1725,0.1725
131,MLP,0.1,400,400,40,0.05263157894736842,0.1,0.1,0.10000000000000002
131,GIN,0.1,400,400,62,0.08401084010840108,0.155,0.155,0.155
131,GAT,0.1,400,400,58,0.07816711590296496,0.145,0.145,0.145
132,Raw,0.1,400,400,67,0.09140518417462483,0.1675,0.1675,0.1675
132,MLP,0.1,400,400,43,0.05680317040951123,0.1075,0.1075,0.10749999999999998
132,GIN,0.1,400,400,24,0.030927835051546393,0.06,0.06,0.06
132,GAT,0.1,400,400,61,0.08254397834912043,0.1525,0.1525,0.1525
133,Raw,0.1,400,400,67,0.09140518417462483,0.1675,0.1675,0.1675
133,MLP,0.1,400,400,37,0.04849279161205767,0.0925,0.0925,0.0925
133,GIN,0.1,400,400,15,0.01910828025477707,0.0375,0.0375,0.0375
133,GAT,0.1,400,400,60,0.08108108108108109,0.15,0.15,0.15
134,Raw,0.1,400,400,66,0.08991825613079019,0.165,0.165,0.165
134,MLP,0.1,400,400,49,0.06524633821571238,0.1225,0.1225,0.1225
134,GIN,0.1,400,400,65,0.08843537414965986,0.1625,0.1625,0.1625
134,GAT,0.1,400,400,60,0.08108108108108109,0.15,0.15,0.15
135,Raw,0.1,400,400,67,0.09140518417462483,0.1675,0.1675,0.1675
135,MLP,0.1,400,400,43,0.05680317040951123,0.1075,0.1075,0.10749999999999998
135,GIN,0.1,400,400,33,0.04302477183833116,0.0825,0.0825,0.0825
135,GAT,0.1,400,400,56,0.07526881720430108,0.14,0.14,0.14
136,Raw,0.1,400,400,61,0.08254397834912043,0.1525,0.1525,0.1525
136,MLP,0.1,400,400,47,0.06241699867197875,0.1175,0.1175,0.1175
136,GIN,0.1,400,400,84,0.11731843575418995,0.21,0.21,0.20999999999999996
136,GAT,0.1,400,400,45,0.059602649006622516,0.1125,0.1125,0.1125
137,Raw,0.1,400,400,65,0.08843537414965986,0.1625,0.1625,0.1625
137,MLP,0.1,400,400,39,0.051248357424441525,0.0975,0.0975,0.0975
137,GIN,0.1,400,400,76,0.10497237569060773,0.19,0.19,0.19
137,GAT,0.1,400,400,45,0.059602649006622516,0.1125,0.1125,0.1125
138,Raw,0.1,400,400,73,0.10041265474552957,0.1825,0.1825,0.18249999999999997
138,MLP,0.1,400,400,43,0.05680317040951123,0.1075,0.1075,0.10749999999999998
138,GIN,0.1,400,400,25,0.03225806451612903,0.0625,0.0625,0.0625
138,GAT,0.1,400,400,49,0.06524633821571238,0.1225,0.1225,0.1225
139,Raw,0.1,400,400,67,0.09140518417462483,0.1675,0.1675,0.1675
139,MLP,0.1,400,400,43,0.05680317040951123,0.1075,0.1075,0.10749999999999998
139,GIN,0.1,400,400,61,0.08254397834912043,0.1525,0.1525,0.1525
139,GAT,0.1,400,400,55,0.0738255033557047,0.1375,0.1375,0.1375
140,Raw,0.1,400,400,67,0.09140518417462483,0.1675,0.1675,0.1675
140,MLP,0.1,400,400,37,0.04849279161205767,0.0925,0.0925,0.0925
140,GIN,0.1,400,400,80,0.1111111111111111,0.2,0.2,0.20000000000000004
140,GAT,0.1,400,400,54,0.07238605898123325,0.135,0.135,0.135
141,Raw,0.1,400,400,61,0.08254397834912043,0.1525,0.1525,0.1525
141,MLP,0.1,400,400,43,0.05680317040951123,0.1075,0.1075,0.10749999999999998
141,GIN,0.1,400,400,30,0.03896103896103896,0.075,0.075,0.075
141,GAT,0.1,400,400,59,0.0796221322537112,0.1475,0.1475,0.1475
142,Raw,0.1,400,400,73,0.10041265474552957,0.1825,0.1825,0.18249999999999997
142,MLP,0.1,400,400,45,0.059602649006622516,0.1125,0.1125,0.1125
142,GIN,0.1,400,400,32,0.041666666666666664,0.08,0.08,0.08
142,GAT,0.1,400,400,61,0.08254397834912043,0.1525,0.1525,0.1525
143,Raw,0.1,400,400,58,0.07816711590296496,0.145,0.145,0.145
143,MLP,0.1,400,400,50,0.06666666666666667,0.125,0.125,0.125
143,GIN,0.1,400,400,36,0.04712041884816754,0.09,0.09,0.09
143,GAT,0.1,400,400,71,0.09739368998628258,0.1775,0.1775,0.17750000000000002
144,Raw,0.1,400,400,69,0.09439124487004104,0.1725,0.1725,0.1725
144,MLP,0.1,400,400,39,0.051248357424441525,0.0975,0.0975,0.0975
144,GIN,0.1,400,400,84,0.11731843575418995,0.21,0.21,0.20999999999999996
144,GAT,0.1,400,400,64,0.08695652173913043,0.16,0.16,0.16
145,Raw,0.1,400,400,57,0.07671601615074024,0.1425,0.1425,0.1425
145,MLP,0.1,400,400,49,0.06524633821571238,0.1225,0.1225,0.1225
145,GIN,0.1,400,400,34,0.044386422976501305,0.085,0.085,0.085
145,GAT,0.1,400,400,58,0.07816711590296496,0.145,0.145,0.145
146,Raw,0.1,400,400,65,0.08843537414965986,0.1625,0.1625,0.1625
146,MLP,0.1,400,400,46,0.0610079575596817,0.115,0.115,0.115
146,GIN,0.1,400,400,51,0.06809078771695594,0.1275,0.1275,0.1275
146,GAT,0.1,400,400,63,0.08548168249660787,0.1575,0.1575,0.1575
147,Raw,0.1,400,400,58,0.07816711590296496,0.145,0.145,0.145
147,MLP,0.1,400,400,37,0.04849279161205767,0.0925,0.0925,0.0925
147,GIN,0.1,400,400,22,0.028277634961439587,0.055,0.055,0.055
147,GAT,0.1,400,400,54,0.07238605898123325,0.135,0.135,0.135
148,Raw,0.1,400,400,68,0.09289617486338798,0.17,0.17,0.17
148,MLP,0.1,400,400,40,0.05263157894736842,0.1,0.1,0.10000000000000002
148,GIN,0.1,400,400,39,0.051248357424441525,0.0975,0.0975,0.0975
148,GAT,0.1,400,400,49,0.06524633821571238,0.1225,0.1225,0.1225
149,Raw,0.1,400,400,70,0.0958904109589041,0.175,0.175,0.175
149,MLP,0.1,400,400,41,0.05401844532279315,0.1025,0.1025,0.1025
149,GIN,0.1,400,400,84,0.11731843575418995,0.21,0.21,0.20999999999999996
149,GAT,0.1,400,400,54,0.07238605898123325,0.135,0.135,0.135
150,Raw,0.1,400,400,64,0.08695652173913043,0.16,0.16,0.16
150,MLP,0.1,400,400,43,0.05680317040951123,0.1075,0.1075,0.10749999999999998
150,GIN,0.1,400,400,21,0.026957637997432605,0.0525,0.0525,0.05249999999999999
150,GAT,0.1,400,400,60,0.08108108108108109,0.15,0.15,0.15
151,Raw,0.1,400,400,73,0.10041265474552957,0.1825,0.1825,0.18249999999999997
151,MLP,0.1,400,400,40,0.05263157894736842,0.1,0.1,0.10000000000000002
151,GIN,0.1,400,400,70,0.0958904109589041,0.175,0.175,0.175
151,GAT,0.1,400,400,60,0.08108108108108109,0.15,0.15,0.15
152,Raw,0.1,400,400,68,0.09289617486338798,0.17,0.17,0.17
152,MLP,0.1,400,400,38,0.049868766404199474,0.095,0.095,0.095
152,GIN,0.1,400,400,41,0.05401844532279315,0.1025,0.1025,0.1025
152,GAT,0.1,400,400,61,0.08254397834912043,0.1525,0.1525,0.1525
153,Raw,0.1,400,400,70,0.0958904109589041,0.175,0.175,0.175
153,MLP,0.1,400,400,44,0.0582010582010582,0.11,0.11,0.11
153,GIN,0.1,400,400,26,0.03359173126614987,0.065,0.065,0.065
153,GAT,0.1,400,400,47,0.06241699867197875,0.1175,0.1175,0.1175
154,Raw,0.1,400,400,65,0.08843537414965986,0.1625,0.1625,0.1625
154,MLP,0.1,400,400,43,0.05680317040951123,0.1075,0.1075,0.10749999999999998
154,GIN,0.1,400,400,47,0.06241699867197875,0.1175,0.1175,0.1175
154,GAT,0.1,400,400,59,0.0796221322537112,0.1475,0.1475,0.1475
155,Raw,0.1,400,400,64,0.08695652173913043,0.16,0.16,0.16
155,MLP,0.1,400,400,55,0.0738255033557047,0.1375,0.1375,0.1375
155,GIN,0.1,400,400,53,0.07095046854082998,0.1325,0.1325,0.1325
155,GAT,0.1,400,400,68,0.09289617486338798,0.17,0.17,0.17
156,Raw,0.1,400,400,58,0.07816711590296496,0.145,0.145,0.145
156,MLP,0.1,400,400,38,0.049868766404199474,0.095,0.095,0.095
156,GIN,0.1,400,400,48,0.06382978723404255,0.12,0.12,0.12
156,GAT,0.1,400,400,65,0.08843537414965986,0.1625,0.1625,0.1625
157,Raw,0.1,400,400,57,0.07671601615074024,0.1425,0.1425,0.1425
157,MLP,0.1,400,400,43,0.05680317040951123,0.1075,0.1075,0.10749999999999998
157,GIN,0.1,400,400,17,0.021711366538952746,0.0425,0.0425,0.0425
157,GAT,0.1,400,400,75,0.10344827586206896,0.1875,0.1875,0.1875
158,Raw,0.1,400,400,71,0.09739368998628258,0.1775,0.1775,0.17750000000000002
158,MLP,0.1,400,400,38,0.049868766404199474,0.095,0.095,0.095
158,GIN,0.1,400,400,36,0.04712041884816754,0.09,0.09,0.09
158,GAT,0.1,400,400,53,0.07095046854082998,0.1325,0.1325,0.1325
159,Raw,0.1,400,400,69,0.09439124487004104,0.1725,0.1725,0.1725
159,MLP,0.1,400,400,45,0.059602649006622516,0.1125,0.1125,0.1125
159,GIN,0.1,400,400,30,0.03896103896103896,0.075,0.075,0.075
159,GAT,0.1,400,400,64,0.08695652173913043,0.16,0.16,0.16
160,Raw,0.1,400,400,67,0.09140518417462483,0.1675,0.1675,0.1675
160,MLP,0.1,400,400,39,0.051248357424441525,0.0975,0.0975,0.0975
160,GIN,0.1,400,400,26,0.03359173126614987,0.065,0.065,0.065
160,GAT,0.1,400,400,63,0.08548168249660787,0.1575,0.1575,0.1575
161,Raw,0.1,400,400,66,0.08991825613079019,0.165,0.165,0.165
161,MLP,0.1,400,400,41,0.05401844532279315,0.1025,0.1025,0.1025
161,GIN,0.1,400,400,69,0.09439124487004104,0.1725,0.1725,0.1725
161,GAT,0.1,400,400,63,0.08548168249660787,0.1575,0.1575,0.1575
162,Raw,0.1,400,400,72,0.0989010989010989,0.18,0.18,0.18
162,MLP,0.1,400,400,47,0.06241699867197875,0.1175,0.1175,0.1175
162,GIN,0.1,400,400,32,0.041666666666666664,0.08,0.08,0.08
162,GAT,0.1,400,400,59,0.0796221322537112,0.1475,0.1475,0.1475
163,Raw,0.1,400,400,67,0.09140518417462483,0.1675,0.1675,0.1675
163,MLP,0.1,400,400,43,0.05680317040951123,0.1075,0.1075,0.10749999999999998
163,GIN,0.1,400,400,22,0.028277634961439587,0.055,0.055,0.055
163,GAT,0.1,400,400,66,0.08991825613079019,0.165,0.165,0.165
164,Raw,0.1,400,400,73,0.10041265474552957,0.1825,0.1825,0.18249999999999997
164,MLP,0.1,400,400,38,0.049868766404199474,0.095,0.095,0.095
164,GIN,0.1,400,400,28,0.03626943005181347,0.07,0.07,0.07
164,GAT,0.1,400,400,53,0.07095046854082998,0.1325,0.1325,0.1325
165,Raw,0.1,400,400,78,0.10803324099722991,0.195,0.195,0.195
165,MLP,0.1,400,400,46,0.0610079575596817,0.115,0.115,0.115
165,GIN,0.1,400,400,16,0.02040816326530612,0.04,0.04,0.04
165,GAT,0.1,400,400,62,0.08401084010840108,0.155,0.155,0.155
166,Raw,0.1,400,400,62,0.08401084010840108,0.155,0.155,0.155
166,MLP,0.1,400,400,37,0.04849279161205767,0.0925,0.0925,0.0925
166,GIN,0.1,400,400,62,0.08401084010840108,0.155,0.155,0.155
166,GAT,0.1,400,400,64,0.08695652173913043,0.16,0.16,0.16
167,Raw,0.1,400,400,76,0.10497237569060773,0.19,0.19,0.19
167,MLP,0.1,400,400,49,0.06524633821571238,0.1225,0.1225,0.1225
167,GIN,0.1,400,400,48,0.06382978723404255,0.12,0.12,0.12
167,GAT,0.1,400,400,67,0.09140518417462483,0.1675,0.1675,0.1675
168,Raw,0.1,400,400,61,0.08254397834912043,0.1525,0.1525,0.1525
168,MLP,0.1,400,400,42,0.055408970976253295,0.105,0.105,0.10499999999999998
168,GIN,0.1,400,400,44,0.0582010582010582,0.11,0.11,0.11
168,GAT,0.1,400,400,60,0.08108108108108109,0.15,0.15,0.15
169,Raw,0.1,400,400,77,0.10650069156293222,0.1925,0.1925,0.19249999999999998
169,MLP,0.1,400,400,40,0.05263157894736842,0.1,0.1,0.10000000000000002
169,GIN,0.1,400,400,31,0.04031209362808843,0.0775,0.0775,0.0775
169,GAT,0.1,400,400,56,0.07526881720430108,0.14,0.14,0.14
170,Raw,0.1,400,400,54,0.07238605898123325,0.135,0.135,0.135
170,MLP,0.1,400,400,50,0.06666666666666667,0.125,0.125,0.125
170,GIN,0.1,400,400,22,0.028277634961439587,0.055,0.055,0.055
170,GAT,0.1,400,400,61,0.08254397834912043,0.1525,0.1525,0.1525
171,Raw,0.1,400,400,68,0.09289617486338798,0.17,0.17,0.17
171,MLP,0.1,400,400,43,0.05680317040951123,0.1075,0.1075,0.10749999999999998
171,GIN,0.1,400,400,56,0.07526881720430108,0.14,0.14,0.14
171,GAT,0.1,400,400,51,0.06809078771695594,0.1275,0.1275,0.1275
172,Raw,0.1,400,400,66,0.08991825613079019,0.165,0.165,0.165
172,MLP,0.1,400,400,49,0.06524633821571238,0.1225,0.1225,0.1225
172,GIN,0.1,400,400,27,0.03492884864165589,0.0675,0.0675,0.0675
172,GAT,0.1,400,400,56,0.07526881720430108,0.14,0.14,0.14
173,Raw,0.1,400,400,67,0.09140518417462483,0.1675,0.1675,0.1675
173,MLP,0.1,400,400,47,0.06241699867197875,0.1175,0.1175,0.1175
173,GIN,0.1,400,400,61,0.08254397834912043,0.1525,0.1525,0.1525
173,GAT,0.1,400,400,64,0.08695652173913043,0.16,0.16,0.16
174,Raw,0.1,400,400,63,0.08548168249660787,0.1575,0.1575,0.1575
174,MLP,0.1,400,400,44,0.0582010582010582,0.11,0.11,0.11
174,GIN,0.1,400,400,23,0.029601029601029602,0.0575,0.0575,0.0575
174,GAT,0.1,400,400,64,0.08695652173913043,0.16,0.16,0.16
175,Raw,0.1,400,400,70,0.0958904109589041,0.175,0.175,0.175
175,MLP,0.1,400,400,41,0.05401844532279315,0.1025,0.1025,0.1025
175,GIN,0.1,400,400,75,0.10344827586206896,0.1875,0.1875,0.1875
175,GAT,0.1,400,400,59,0.0796221322537112,0.1475,0.1475,0.1475
176,Raw,0.1,400,400,74,0.10192837465564739,0.185,0.185,0.185
176,MLP,0.1,400,400,41,0.05401844532279315,0.1025,0.1025,0.1025
176,GIN,0.1,400,400,28,0.03626943005181347,0.07,0.07,0.07
176,GAT,0.1,400,400,69,0.09439124487004104,0.1725,0.1725,0.1725
177,Raw,0.1,400,400,67,0.09140518417462483,0.1675,0.1675,0.1675
177,MLP,0.1,400,400,40,0.05263157894736842,0.1,0.1,0.10000000000000002
177,GIN,0.1,400,400,29,0.03761348897535668,0.0725,0.0725,0.0725
177,GAT,0.1,400,400,55,0.0738255033557047,0.1375,0.1375,0.1375
178,Raw,0.1,400,400,68,0.09289617486338798,0.17,0.17,0.17
178,MLP,0.1,400,400,44,0.0582010582010582,0.11,0.11,0.11
178,GIN,0.1,400,400,43,0.05680317040951123,0.1075,0.1075,0.10749999999999998
178,GAT,0.1,400,400,57,0.07671601615074024,0.1425,0.1425,0.1425
179,Raw,0.1,400,400,62,0.08401084010840108,0.155,0.155,0.155
179,MLP,0.1,400,400,45,0.059602649006622516,0.1125,0.1125,0.1125
179,GIN,0.1,400,400,68,0.09289617486338798,0.17,0.17,0.17
179,GAT,0.1,400,400,60,0.08108108108108109,0.15,0.15,0.15
180,Raw,0.1,400,400,66,0.08991825613079019,0.165,0.165,0.165
180,MLP,0.1,400,400,51,0.06809078771695594,0.1275,0.1275,0.1275
180,GIN,0.1,400,400,73,0.10041265474552957,0.1825,0.1825,0.18249999999999997
180,GAT,0.1,400,400,59,0.0796221322537112,0.1475,0.1475,0.1475
181,Raw,0.1,400,400,66,0.08991825613079019,0.165,0.165,0.165
181,MLP,0.1,400,400,42,0.055408970976253295,0.105,0.105,0.10499999999999998
181,GIN,0.1,400,400,71,0.09739368998628258,0.1775,0.1775,0.17750000000000002
181,GAT,0.1,400,400,62,0.08401084010840108,0.155,0.155,0.155
182,Raw,0.1,400,400,69,0.09439124487004104,0.1725,0.1725,0.1725
182,MLP,0.1,400,400,42,0.055408970976253295,0.105,0.105,0.10499999999999998
182,GIN,0.1,400,400,28,0.03626943005181347,0.07,0.07,0.07
182,GAT,0.1,400,400,58,0.07816711590296496,0.145,0.145,0.145
183,Raw,0.1,400,400,71,0.09739368998628258,0.1775,0.1775,0.17750000000000002
183,MLP,0.1,400,400,49,0.06524633821571238,0.1225,0.1225,0.1225
183,GIN,0.1,400,400,78,0.10803324099722991,0.195,0.195,0.195
183,GAT,0.1,400,400,71,0.09739368998628258,0.1775,0.1775,0.17750000000000002
184,Raw,0.1,400,400,58,0.07816711590296496,0.145,0.145,0.145
184,MLP,0.1,400,400,45,0.059602649006622516,0.1125,0.1125,0.1125
184,GIN,0.1,400,400,69,0.09439124487004104,0.1725,0.1725,0.1725
184,GAT,0.1,400,400,53,0.07095046854082998,0.1325,0.1325,0.1325
185,Raw,0.1,400,400,63,0.08548168249660787,0.1575,0.1575,0.1575
185,MLP,0.1,400,400,43,0.05680317040951123,0.1075,0.1075,0.10749999999999998
185,GIN,0.1,400,400,28,0.03626943005181347,0.07,0.07,0.07
185,GAT,0.1,400,400,63,0.08548168249660787,0.1575,0.1575,0.1575
186,Raw,0.1,400,400,63,0.08548168249660787,0.1575,0.1575,0.1575
186,MLP,0.1,400,400,43,0.05680317040951123,0.1075,0.1075,0.10749999999999998
186,GIN,0.1,400,400,21,0.026957637997432605,0.0525,0.0525,0.05249999999999999
186,GAT,0.1,400,400,65,0.08843537414965986,0.1625,0.1625,0.1625
187,Raw,0.1,400,400,64,0.08695652173913043,0.16,0.16,0.16
187,MLP,0.1,400,400,43,0.05680317040951123,0.1075,0.1075,0.10749999999999998
187,GIN,0.1,400,400,32,0.041666666666666664,0.08,0.08,0.08
187,GAT,0.1,400,400,56,0.07526881720430108,0.14,0.14,0.14
188,Raw,0.1,400,400,56,0.07526881720430108,0.14,0.14,0.14
188,MLP,0.1,400,400,46,0.0610079575596817,0.115,0.115,0.115
188,GIN,0.1,400,400,58,0.07816711590296496,0.145,0.145,0.145
188,GAT,0.1,400,400,57,0.07671601615074024,0.1425,0.1425,0.1425
189,Raw,0.1,400,400,68,0.09289617486338798,0.17,0.17,0.17
189,MLP,0.1,400,400,44,0.0582010582010582,0.11,0.11,0.11
189,GIN,0.1,400,400,55,0.0738255033557047,0.1375,0.1375,0.1375
189,GAT,0.1,400,400,52,0.06951871657754011,0.13,0.13,0.13
190,Raw,0.1,400,400,56,0.07526881720430108,0.14,0.14,0.14
190,MLP,0.1,400,400,51,0.06809078771695594,0.1275,0.1275,0.1275
190,GIN,0.1,400,400,36,0.04712041884816754,0.09,0.09,0.09
190,GAT,0.1,400,400,62,0.08401084010840108,0.155,0.155,0.155
191,Raw,0.1,400,400,73,0.10041265474552957,0.1825,0.1825,0.18249999999999997
191,MLP,0.1,400,400,44,0.0582010582010582,0.11,0.11,0.11
191,GIN,0.1,400,400,20,0.02564102564102564,0.05,0.05,0.05000000000000001
191,GAT,0.1,400,400,57,0.07671601615074024,0.1425,0.1425,0.1425
192,Raw,0.1,400,400,73,0.10041265474552957,0.1825,0.1825,0.18249999999999997
192,MLP,0.1,400,400,47,0.06241699867197875,0.1175,0.1175,0.1175
192,GIN,0.1,400,400,34,0.044386422976501305,0.085,0.085,0.085
192,GAT,0.1,400,400,62,0.08401084010840108,0.155,0.155,0.155
193,Raw,0.1,400,400,60,0.08108108108108109,0.15,0.15,0.15
193,MLP,0.1,400,400,40,0.05263157894736842,0.1,0.1,0.10000000000000002
193,GIN,0.1,400,400,26,0.03359173126614987,0.065,0.065,0.065
193,GAT,0.1,400,400,62,0.08401084010840108,0.155,0.155,0.155
194,Raw,0.1,400,400,61,0.08254397834912043,0.1525,0.1525,0.1525
194,MLP,0.1,400,400,48,0.06382978723404255,0.12,0.12,0.12
194,GIN,0.1,400,400,25,0.03225806451612903,0.0625,0.0625,0.0625
194,GAT,0.1,400,400,54,0.07238605898123325,0.135,0.135,0.135
195,Raw,0.1,400,400,70,0.0958904109589041,0.175,0.175,0.175
195,MLP,0.1,400,400,41,0.05401844532279315,0.1025,0.1025,0.1025
195,GIN,0.1,400,400,26,0.03359173126614987,0.065,0.065,0.065
195,GAT,0.1,400,400,62,0.08401084010840108,0.155,0.155,0.155
196,Raw,0.1,400,400,71,0.09739368998628258,0.1775,0.1775,0.17750000000000002
196,MLP,0.1,400,400,34,0.044386422976501305,0.085,0.085,0.085
196,GIN,0.1,400,400,24,0.030927835051546393,0.06,0.06,0.06
196,GAT,0.1,400,400,61,0.08254397834912043,0.1525,0.1525,0.1525
197,Raw,0.1,400,400,63,0.08548168249660787,0.1575,0.1575,0.1575
197,MLP,0.1,400,400,44,0.0582010582010582,0.11,0.11,0.11
197,GIN,0.1,400,400,27,0.03492884864165589,0.0675,0.0675,0.0675
197,GAT,0.1,400,400,58,0.07816711590296496,0.145,0.145,0.145
198,Raw,0.1,400,400,69,0.09439124487004104,0.1725,0.1725,0.1725
198,MLP,0.1,400,400,45,0.059602649006622516,0.1125,0.1125,0.1125
198,GIN,0.1,400,400,36,0.04712041884816754,0.09,0.09,0.09
198,GAT,0.1,400,400,51,0.06809078771695594,0.1275,0.1275,0.1275
199,Raw,0.1,400,400,63,0.08548168249660787,0.1575,0.1575,0.1575
199,MLP,0.1,400,400,49,0.06524633821571238,0.1225,0.1225,0.1225
199,GIN,0.1,400,400,18,0.023017902813299233,0.045,0.045,0.045
199,GAT,0.1,400,400,55,0.0738255033557047,0.1375,0.1375,0.1375
200,Raw,0.1,400,400,71,0.09739368998628258,0.1775,0.1775,0.17750000000000002
200,MLP,0.1,400,400,41,0.05401844532279315,0.1025,0.1025,0.1025
200,GIN,0.1,400,400,32,0.041666666666666664,0.08,0.08,0.08
200,GAT,0.1,400,400,56,0.07526881720430108,0.14,0.14,0.14
201,Raw,0.1,400,400,61,0.08254397834912043,0.1525,0.1525,0.1525
201,MLP,0.1,400,400,44,0.0582010582010582,0.11,0.11,0.11
201,GIN,0.1,400,400,85,0.11888111888111888,0.2125,0.2125,0.2125
201,GAT,0.1,400,400,54,0.07238605898123325,0.135,0.135,0.135
202,Raw,0.1,400,400,61,0.08254397834912043,0.1525,0.1525,0.1525
202,MLP,0.1,400,400,50,0.06666666666666667,0.125,0.125,0.125
202,GIN,0.1,400,400,35,0.0457516339869281,0.0875,0.0875,0.0875
202,GAT,0.1,400,400,54,0.07238605898123325,0.135,0.135,0.135
203,Raw,0.1,400,400,62,0.08401084010840108,0.155,0.155,0.155
203,MLP,0.1,400,400,37,0.04849279161205767,0.0925,0.0925,0.0925
203,GIN,0.1,400,400,32,0.041666666666666664,0.08,0.08,0.08
203,GAT,0.1,400,400,54,0.07238605898123325,0.135,0.135,0.135
204,Raw,0.1,400,400,64,0.08695652173913043,0.16,0.16,0.16
204,MLP,0.1,400,400,40,0.05263157894736842,0.1,0.1,0.10000000000000002
204,GIN,0.1,400,400,34,0.044386422976501305,0.085,0.085,0.085
204,GAT,0.1,400,400,57,0.07671601615074024,0.1425,0.1425,0.1425
205,Raw,0.1,400,400,69,0.09439124487004104,0.1725,0.1725,0.1725
205,MLP,0.1,400,400,41,0.05401844532279315,0.1025,0.1025,0.1025
205,GIN,0.1,400,400,25,0.03225806451612903,0.0625,0.0625,0.0625
205,GAT,0.1,400,400,51,0.06809078771695594,0.1275,0.1275,0.1275
206,Raw,0.1,400,400,66,0.08991825613079019,0.165,0.165,0.165
206,MLP,0.1,400,400,43,0.05680317040951123,0.1075,0.1075,0.10749999999999998
206,GIN,0.1,400,400,78,0.10803324099722991,0.195,0.195,0.195
206,GAT,0.1,400,400,61,0.08254397834912043,0.1525,0.1525,0.1525
207,Raw,0.1,400,400,64,0.08695652173913043,0.16,0.16,0.16
207,MLP,0.1,400,400,44,0.0582010582010582,0.11,0.11,0.11
207,GIN,0.1,400,400,60,0.08108108108108109,0.15,0.15,0.15
207,GAT,0.1,400,400,54,0.07238605898123325,0.135,0.135,0.135
208,Raw,0.1,400,400,69,0.09439124487004104,0.1725,0.1725,0.1725
208,MLP,0.1,400,400,38,0.049868766404199474,0.095,0.095,0.095
208,GIN,0.1,400,400,31,0.04031209362808843,0.0775,0.0775,0.0775
208,GAT,0.1,400,400,68,0.09289617486338798,0.17,0.17,0.17
209,Raw,0.1,400,400,71,0.09739368998628258,0.1775,0.1775,0.17750000000000002
209,MLP,0.1,400,400,40,0.05263157894736842,0.1,0.1,0.10000000000000002
209,GIN,0.1,400,400,33,0.04302477183833116,0.0825,0.0825,0.0825
209,GAT,0.1,400,400,57,0.07671601615074024,0.1425,0.1425,0.1425
210,Raw,0.1,400,400,86,0.12044817927170869,0.215,0.215,0.21499999999999997
210,MLP,0.1,400,400,41,0.05401844532279315,0.1025,0.1025,0.1025
210,GIN,0.1,400,400,30,0.03896103896103896,0.075,0.075,0.075
210,GAT,0.1,400,400,60,0.08108108108108109,0.15,0.15,0.15
211,Raw,0.1,400,400,63,0.08548168249660787,0.1575,0.1575,0.1575
211,MLP,0.1,400,400,35,0.0457516339869281,0.0875,0.0875,0.0875
211,GIN,0.1,400,400,65,0.08843537414965986,0.1625,0.1625,0.1625
211,GAT,0.1,400,400,54,0.07238605898123325,0.135,0.135,0.135
212,Raw,0.1,400,400,66,0.08991825613079019,0.165,0.165,0.165
212,MLP,0.1,400,400,40,0.05263157894736842,0.1,0.1,0.10000000000000002
212,GIN,0.1,400,400,77,0.10650069156293222,0.1925,0.1925,0.19249999999999998
212,GAT,0.1,400,400,50,0.06666666666666667,0.125,0.125,0.125
213,Raw,0.1,400,400,70,0.0958904109589041,0.175,0.175,0.175
213,MLP,0.1,400,400,42,0.055408970976253295,0.105,0.105,0.10499999999999998
213,GIN,0.1,400,400,23,0.029601029601029602,0.0575,0.0575,0.0575
213,GAT,0.1,400,400,52,0.06951871657754011,0.13,0.13,0.13
214,Raw,0.1,400,400,66,0.08991825613079019,0.165,0.165,0.165
214,MLP,0.1,400,400,46,0.0610079575596817,0.115,0.115,0.115
214,GIN,0.1,400,400,63,0.08548168249660787,0.1575,0.1575,0.1575
214,GAT,0.1,400,400,64,0.08695652173913043,0.16,0.16,0.16
215,Raw,0.1,400,400,71,0.09739368998628258,0.1775,0.1775,0.17750000000000002
215,MLP,0.1,400,400,38,0.049868766404199474,0.095,0.095,0.095
215,GIN,0.1,400,400,28,0.03626943005181347,0.07,0.07,0.07
215,GAT,0.1,400,400,67,0.09140518417462483,0.1675,0.1675,0.1675
216,Raw,0.1,400,400,64,0.08695652173913043,0.16,0.16,0.16
216,MLP,0.1,400,400,50,0.06666666666666667,0.125,0.125,0.125
216,GIN,0.1,400,400,25,0.03225806451612903,0.0625,0.0625,0.0625
216,GAT,0.1,400,400,56,0.07526881720430108,0.14,0.14,0.14
217,Raw,0.1,400,400,71,0.09739368998628258,0.1775,0.1775,0.17750000000000002
217,MLP,0.1,400,400,39,0.051248357424441525,0.0975,0.0975,0.0975
217,GIN,0.1,400,400,18,0.023017902813299233,0.045,0.045,0.045
217,GAT,0.1,400,400,55,0.0738255033557047,0.1375,0.1375,0.1375
218,Raw,0.1,400,400,69,0.09439124487004104,0.1725,0.1725,0.1725
218,MLP,0.1,400,400,37,0.04849279161205767,0.0925,0.0925,0.0925
218,GIN,0.1,400,400,77,0.10650069156293222,0.1925,0.1925,0.19249999999999998
218,GAT,0.1,400,400,53,0.07095046854082998,0.1325,0.1325,0.1325
219,Raw,0.1,400,400,70,0.0958904109589041,0.175,0.175,0.175
219,MLP,0.1,400,400,41,0.05401844532279315,0.1025,0.1025,0.1025
219,GIN,0.1,400,400,79,0.10957004160887657,0.1975,0.1975,0.1975
219,GAT,0.1,400,400,62,0.08401084010840108,0.155,0.155,0.155
220,Raw,0.1,400,400,63,0.08548168249660787,0.1575,0.1575,0.1575
220,MLP,0.1,400,400,46,0.0610079575596817,0.115,0.115,0.115
220,GIN,0.1,400,400,15,0.01910828025477707,0.0375,0.0375,0.0375
220,GAT,0.1,400,400,49,0.06524633821571238,0.1225,0.1225,0.1225
221,Raw,0.1,400,400,70,0.0958904109589041,0.175,0.175,0.175
221,MLP,0.1,400,400,42,0.055408970976253295,0.105,0.105,0.10499999999999998
221,GIN,0.1,400,400,33,0.04302477183833116,0.0825,0.0825,0.0825
221,GAT,0.1,400,400,59,0.0796221322537112,0.1475,0.1475,0.1475
222,Raw,0.1,400,400,61,0.08254397834912043,0.1525,0.1525,0.1525
222,MLP,0.1,400,400,38,0.049868766404199474,0.095,0.095,0.095
222,GIN,0.1,400,400,19,0.024327784891165175,0.0475,0.0475,0.0475
222,GAT,0.1,400,400,61,0.08254397834912043,0.1525,0.1525,0.1525
223,Raw,0.1,400,400,59,0.0796221322537112,0.1475,0.1475,0.1475
223,MLP,0.1,400,400,42,0.055408970976253295,0.105,0.105,0.10499999999999998
223,GIN,0.1,400,400,69,0.09439124487004104,0.1725,0.1725,0.1725
223,GAT,0.1,400,400,62,0.08401084010840108,0.155,0.155,0.155
224,Raw,0.1,400,400,60,0.08108108108108109,0.15,0.15,0.15
224,MLP,0.1,400,400,39,0.051248357424441525,0.0975,0.0975,0.0975
224,GIN,0.1,400,400,38,0.049868766404199474,0.095,0.095,0.095
224,GAT,0.1,400,400,60,0.08108108108108109,0.15,0.15,0.15
225,Raw,0.1,400,400,64,0.08695652173913043,0.16,0.16,0.16
225,MLP,0.1,400,400,50,0.06666666666666667,0.125,0.125,0.125
225,GIN,0.1,400,400,39,0.051248357424441525,0.0975,0.0975,0.0975
225,GAT,0.1,400,400,60,0.08108108108108109,0.15,0.15,0.15
226,Raw,0.1,400,400,75,0.10344827586206896,0.1875,0.1875,0.1875
226,MLP,0.1,400,400,54,0.07238605898123325,0.135,0.135,0.135
226,GIN,0.1,400,400,29,0.03761348897535668,0.0725,0.0725,0.0725
226,GAT,0.1,400,400,56,0.07526881720430108,0.14,0.14,0.14
227,Raw,0.1,400,400,67,0.09140518417462483,0.1675,0.1675,0.1675
227,MLP,0.1,400,400,40,0.05263157894736842,0.1,0.1,0.10000000000000002
227,GIN,0.1,400,400,25,0.03225806451612903,0.0625,0.0625,0.0625
227,GAT,0.1,400,400,60,0.08108108108108109,0.15,0.15,0.15
228,Raw,0.1,400,400,74,0.10192837465564739,0.185,0.185,0.185
228,MLP,0.1,400,400,49,0.06524633821571238,0.1225,0.1225,0.1225
228,GIN,0.1,400,400,19,0.024327784891165175,0.0475,0.0475,0.0475
228,GAT,0.1,400,400,65,0.08843537414965986,0.1625,0.1625,0.1625
229,Raw,0.1,400,400,66,0.08991825613079019,0.165,0.165,0.165
229,MLP,0.1,400,400,34,0.044386422976501305,0.085,0.085,0.085
229,GIN,0.1,400,400,25,0.03225806451612903,0.0625,0.0625,0.0625
229,GAT,0.1,400,400,67,0.09140518417462483,0.1675,0.1675,0.1675
230,Raw,0.1,400,400,59,0.0796221322537112,0.1475,0.1475,0.1475
230,MLP,0.1,400,400,37,0.04849279161205767,0.0925,0.0925,0.0925
230,GIN,0.1,400,400,32,0.041666666666666664,0.08,0.08,0.08
230,GAT,0.1,400,400,62,0.08401084010840108,0.155,0.155,0.155
231,Raw,0.1,400,400,65,0.08843537414965986,0.1625,0.1625,0.1625
231,MLP,0.1,400,400,37,0.04849279161205767,0.0925,0.0925,0.0925
231,GIN,0.1,400,400,66,0.08991825613079019,0.165,0.165,0.165
231,GAT,0.1,400,400,61,0.08254397834912043,0.1525,0.1525,0.1525
232,Raw,0.1,400,400,70,0.0958904109589041,0.175,0.175,0.175
232,MLP,0.1,400,400,36,0.04712041884816754,0.09,0.09,0.09
232,GIN,0.1,400,400,79,0.10957004160887657,0.1975,0.1975,0.1975
232,GAT,0.1,400,400,61,0.08254397834912043,0.1525,0.1525,0.1525
233,Raw,0.1,400,400,67,0.09140518417462483,0.1675,0.1675,0.1675
233,MLP,0.1,400,400,41,0.05401844532279315,0.1025,0.1025,0.1025
233,GIN,0.1,400,400,84,0.11731843575418995,0.21,0.21,0.20999999999999996
233,GAT,0.1,400,400,72,0.0989010989010989,0.18,0.18,0.18
234,Raw,0.1,400,400,69,0.09439124487004104,0.1725,0.1725,0.1725
234,MLP,0.1,400,400,39,0.051248357424441525,0.0975,0.0975,0.0975
234,GIN,0.1,400,400,76,0.10497237569060773,0.19,0.19,0.19
234,GAT,0.1,400,400,60,0.08108108108108109,0.15,0.15,0.15
235,Raw,0.1,400,400,56,0.07526881720430108,0.14,0.14,0.14
235,MLP,0.1,400,400,42,0.055408970976253295,0.105,0.105,0.10499999999999998
235,GIN,0.1,400,400,73,0.10041265474552957,0.1825,0.1825,0.18249999999999997
235,GAT,0.1,400,400,57,0.07671601615074024,0.1425,0.1425,0.1425
236,Raw,0.1,400,400,54,0.07238605898123325,0.135,0.135,0.135
236,MLP,0.1,400,400,49,0.06524633821571238,0.1225,0.1225,0.1225
236,GIN,0.1,400,400,34,0.044386422976501305,0.085,0.085,0.085
236,GAT,0.1,400,400,58,0.07816711590296496,0.145,0.145,0.145
237,Raw,0.1,400,400,58,0.07816711590296496,0.145,0.145,0.145
237,MLP,0.1,400,400,30,0.03896103896103896,0.075,0.075,0.075
237,GIN,0.1,400,400,74,0.10192837465564739,0.185,0.185,0.185
237,GAT,0.1,400,400,67,0.09140518417462483,0.1675,0.1675,0.1675
238,Raw,0.1,400,400,71,0.09739368998628258,0.1775,0.1775,0.17750000000000002
238,MLP,0.1,400,400,43,0.05680317040951123,0.1075,0.1075,0.10749999999999998
238,GIN,0.1,400,400,29,0.03761348897535668,0.0725,0.0725,0.0725
238,GAT,0.1,400,400,58,0.07816711590296496,0.145,0.145,0.145
239,Raw,0.1,400,400,72,0.0989010989010989,0.18,0.18,0.18
239,MLP,0.1,400,400,35,0.0457516339869281,0.0875,0.0875,0.0875
239,GIN,0.1,400,400,60,0.08108108108108109,0.15,0.15,0.15
239,GAT,0.1,400,400,69,0.09439124487004104,0.1725,0.1725,0.1725
240,Raw,0.1,400,400,66,0.08991825613079019,0.165,0.165,0.165
240,MLP,0.1,400,400,50,0.06666666666666667,0.125,0.125,0.125
240,GIN,0.1,400,400,70,0.0958904109589041,0.175,0.175,0.175
240,GAT,0.1,400,400,54,0.07238605898123325,0.135,0.135,0.135
241,Raw,0.1,400,400,65,0.08843537414965986,0.1625,0.1625,0.1625
241,MLP,0.1,400,400,39,0.051248357424441525,0.0975,0.0975,0.0975
241,GIN,0.1,400,400,27,0.03492884864165589,0.0675,0.0675,0.0675
241,GAT,0.1,400,400,64,0.08695652173913043,0.16,0.16,0.16
242,Raw,0.1,400,400,63,0.08548168249660787,0.1575,0.1575,0.1575
242,MLP,0.1,400,400,39,0.051248357424441525,0.0975,0.0975,0.0975
242,GIN,0.1,400,400,20,0.02564102564102564,0.05,0.05,0.05000000000000001
242,GAT,0.1,400,400,65,0.08843537414965986,0.1625,0.1625,0.1625
243,Raw,0.1,400,400,75,0.10344827586206896,0.1875,0.1875,0.1875
243,MLP,0.1,400,400,41,0.05401844532279315,0.1025,0.1025,0.1025
243,GIN,0.1,400,400,45,0.059602649006622516,0.1125,0.1125,0.1125
243,GAT,0.1,400,400,55,0.0738255033557047,0.1375,0.1375,0.1375
244,Raw,0.1,400,400,64,0.08695652173913043,0.16,0.16,0.16
244,MLP,0.1,400,400,37,0.04849279161205767,0.0925,0.0925,0.0925
244,GIN,0.1,400,400,34,0.044386422976501305,0.085,0.085,0.085
244,GAT,0.1,400,400,59,0.0796221322537112,0.1475,0.1475,0.1475
245,Raw,0.1,400,400,51,0.06809078771695594,0.1275,0.1275,0.1275
245,MLP,0.1,400,400,42,0.055408970976253295,0.105,0.105,0.10499999999999998
245,GIN,0.1,400,400,71,0.09739368998628258,0.1775,0.1775,0.17750000000000002
245,GAT,0.1,400,400,61,0.08254397834912043,0.1525,0.1525,0.1525
246,Raw,0.1,400,400,62,0.08401084010840108,0.155,0.155,0.155
246,MLP,0.1,400,400,47,0.06241699867197875,0.1175,0.1175,0.1175
246,GIN,0.1,400,400,16,0.02040816326530612,0.04,0.04,0.04
246,GAT,0.1,400,400,54,0.07238605898123325,0.135,0.135,0.135
247,Raw,0.1,400,400,58,0.07816711590296496,0.145,0.145,0.145
247,MLP,0.1,400,400,38,0.049868766404199474,0.095,0.095,0.095
247,GIN,0.1,400,400,69,0.09439124487004104,0.1725,0.1725,0.1725
247,GAT,0.1,400,400,62,0.08401084010840108,0.155,0.155,0.155
248,Raw,0.1,400,400,63,0.08548168249660787,0.1575,0.1575,0.1575
248,MLP,0.1,400,400,46,0.0610079575596817,0.115,0.115,0.115
248,GIN,0.1,400,400,50,0.06666666666666667,0.125,0.125,0.125
248,GAT,0.1,400,400,60,0.08108108108108109,0.15,0.15,0.15
249,Raw,0.1,400,400,58,0.07816711590296496,0.145,0.145,0.145
249,MLP,0.1,400,400,49,0.06524633821571238,0.1225,0.1225,0.1225
249,GIN,0.1,400,400,24,0.030927835051546393,0.06,0.06,0.06
249,GAT,0.1,400,400,62,0.08401084010840108,0.155,0.155,0.155
250,Raw,0.1,400,400,70,0.0958904109589041,0.175,0.175,0.175
250,MLP,0.1,400,400,38,0.049868766404199474,0.095,0.095,0.095
250,GIN,0.1,400,400,28,0.03626943005181347,0.07,0.07,0.07
250,GAT,0.1,400,400,63,0.08548168249660787,0.1575,0.1575,0.1575
251,Raw,0.1,400,400,67,0.09140518417462483,0.1675,0.1675,0.1675
251,MLP,0.1,400,400,32,0.041666666666666664,0.08,0.08,0.08
251,GIN,0.1,400,400,27,0.03492884864165589,0.0675,0.0675,0.0675
251,GAT,0.1,400,400,67,0.09140518417462483,0.1675,0.1675,0.1675
252,Raw,0.1,400,400,66,0.08991825613079019,0.165,0.165,0.165
252,MLP,0.1,400,400,51,0.06809078771695594,0.1275,0.1275,0.1275
252,GIN,0.1,400,400,58,0.07816711590296496,0.145,0.145,0.145
252,GAT,0.1,400,400,55,0.0738255033557047,0.1375,0.1375,0.1375
253,Raw,0.1,400,400,55,0.0738255033557047,0.1375,0.1375,0.1375
253,MLP,0.1,400,400,31,0.04031209362808843,0.0775,0.0775,0.0775
253,GIN,0.1,400,400,40,0.05263157894736842,0.1,0.1,0.10000000000000002
253,GAT,0.1,400,400,64,0.08695652173913043,0.16,0.16,0.16
254,Raw,0.1,400,400,64,0.08695652173913043,0.16,0.16,0.16
254,MLP,0.1,400,400,42,0.055408970976253295,0.105,0.105,0.10499999999999998
254,GIN,0.1,400,400,38,0.049868766404199474,0.095,0.095,0.095
254,GAT,0.1,400,400,59,0.0796221322537112,0.1475,0.1475,0.1475
255,Raw,0.1,400,400,61,0.08254397834912043,0.1525,0.1525,0.1525
255,MLP,0.1,400,400,53,0.07095046854082998,0.1325,0.1325,0.1325
255,GIN,0.1,400,400,45,0.059602649006622516,0.1125,0.1125,0.1125
255,GAT,0.1,400,400,60,0.08108108108108109,0.15,0.15,0.15
256,Raw,0.1,400,400,57,0.07671601615074024,0.1425,0.1425,0.1425
256,MLP,0.1,400,400,47,0.06241699867197875,0.1175,0.1175,0.1175
256,GIN,0.1,400,400,63,0.08548168249660787,0.1575,0.1575,0.1575
256,GAT,0.1,400,400,56,0.07526881720430108,0.14,0.14,0.14
257,Raw,0.1,400,400,60,0.08108108108108109,0.15,0.15,0.15
257,MLP,0.1,400,400,44,0.0582010582010582,0.11,0.11,0.11
257,GIN,0.1,400,400,80,0.1111111111111111,0.2,0.2,0.20000000000000004
257,GAT,0.1,400,400,49,0.06524633821571238,0.1225,0.1225,0.1225
258,Raw,0.1,400,400,72,0.0989010989010989,0.18,0.18,0.18
258,MLP,0.1,400,400,36,0.04712041884816754,0.09,0.09,0.09
258,GIN,0.1,400,400,47,0.06241699867197875,0.1175,0.1175,0.1175
258,GAT,0.1,400,400,62,0.08401084010840108,0.155,0.155,0.155
259,Raw,0.1,400,400,70,0.0958904109589041,0.175,0.175,0.175
259,MLP,0.1,400,400,35,0.0457516339869281,0.0875,0.0875,0.0875
259,GIN,0.1,400,400,20,0.02564102564102564,0.05,0.05,0.05000000000000001
259,GAT,0.1,400,400,59,0.0796221322537112,0.1475,0.1475,0.1475
260,Raw,0.1,400,400,70,0.0958904109589041,0.175,0.175,0.175
260,MLP,0.1,400,400,35,0.0457516339869281,0.0875,0.0875,0.0875
260,GIN,0.1,400,400,24,0.030927835051546393,0.06,0.06,0.06
260,GAT,0.1,400,400,59,0.0796221322537112,0.1475,0.1475,0.1475
261,Raw,0.1,400,400,79,0.10957004160887657,0.1975,0.1975,0.1975
261,MLP,0.1,400,400,49,0.06524633821571238,0.1225,0.1225,0.1225
261,GIN,0.1,400,400,60,0.08108108108108109,0.15,0.15,0.15
261,GAT,0.1,400,400,52,0.06951871657754011,0.13,0.13,0.13
262,Raw,0.1,400,400,65,0.08843537414965986,0.1625,0.1625,0.1625
262,MLP,0.1,400,400,40,0.05263157894736842,0.1,0.1,0.10000000000000002
262,GIN,0.1,400,400,19,0.024327784891165175,0.0475,0.0475,0.0475
262,GAT,0.1,400,400,55,0.0738255033557047,0.1375,0.1375,0.1375
263,Raw,0.1,400,400,74,0.10192837465564739,0.185,0.185,0.185
263,MLP,0.1,400,400,40,0.05263157894736842,0.1,0.1,0.10000000000000002
263,GIN,0.1,400,400,20,0.02564102564102564,0.05,0.05,0.05000000000000001
263,GAT,0.1,400,400,58,0.07816711590296496,0.145,0.145,0.145
264,Raw,0.1,400,400,62,0.08401084010840108,0.155,0.155,0.155
264,MLP,0.1,400,400,41,0.05401844532279315,0.1025,0.1025,0.1025
264,GIN,0.1,400,400,46,0.0610079575596817,0.115,0.115,0.115
264,GAT,0.1,400,400,62,0.08401084010840108,0.155,0.155,0.155
265,Raw,0.1,400,400,72,0.0989010989010989,0.18,0.18,0.18
265,MLP,0.1,400,400,48,0.06382978723404255,0.12,0.12,0.12
265,GIN,0.1,400,400,26,0.03359173126614987,0.065,0.065,0.065
265,GAT,0.1,400,400,63,0.08548168249660787,0.1575,0.1575,0.1575
266,Raw,0.1,400,400,64,0.08695652173913043,0.16,0.16,0.16
266,MLP,0.1,400,400,40,0.05263157894736842,0.1,0.1,0.10000000000000002
266,GIN,0.1,400,400,23,0.029601029601029602,0.0575,0.0575,0.0575
266,GAT,0.1,400,400,55,0.0738255033557047,0.1375,0.1375,0.1375
267,Raw,0.1,400,400,68,0.09289617486338798,0.17,0.17,0.17
267,MLP,0.1,400,400,44,0.0582010582010582,0.11,0.11,0.11
267,GIN,0.1,400,400,28,0.03626943005181347,0.07,0.07,0.07
267,GAT,0.1,400,400,73,0.10041265474552957,0.1825,0.1825,0.18249999999999997
268,Raw,0.1,400,400,65,0.08843537414965986,0.1625,0.1625,0.1625
268,MLP,0.1,400,400,41,0.05401844532279315,0.1025,0.1025,0.1025
268,GIN,0.1,400,400,25,0.03225806451612903,0.0625,0.0625,0.0625
268,GAT,0.1,400,400,58,0.07816711590296496,0.145,0.145,0.145
269,Raw,0.1,400,400,69,0.09439124487004104,0.1725,0.1725,0.1725
269,MLP,0.1,400,400,41,0.05401844532279315,0.1025,0.1025,0.1025
269,GIN,0.1,400,400,28,0.03626943005181347,0.07,0.07,0.07
269,GAT,0.1,400,400,56,0.07526881720430108,0.14,0.14,0.14
270,Raw,0.1,400,400,58,0.07816711590296496,0.145,0.145,0.145
270,MLP,0.1,400,400,43,0.05680317040951123,0.1075,0.1075,0.10749999999999998
270,GIN,0.1,400,400,23,0.029601029601029602,0.0575,0.0575,0.0575
270,GAT,0.1,400,400,62,0.08401084010840108,0.155,0.155,0.155
271,Raw,0.1,400,400,62,0.08401084010840108,0.155,0.155,0.155
271,MLP,0.1,400,400,49,0.06524633821571238,0.1225,0.1225,0.1225
271,GIN,0.1,400,400,31,0.04031209362808843,0.0775,0.0775,0.0775
271,GAT,0.1,400,400,57,0.07671601615074024,0.1425,0.1425,0.1425
272,Raw,0.1,400,400,55,0.0738255033557047,0.1375,0.1375,0.1375
272,MLP,0.1,400,400,44,0.0582010582010582,0.11,0.11,0.11
272,GIN,0.1,400,400,23,0.029601029601029602,0.0575,0.0575,0.0575
272,GAT,0.1,400,400,59,0.0796221322537112,0.1475,0.1475,0.1475
273,Raw,0.1,400,400,69,0.09439124487004104,0.1725,0.1725,0.1725
273,MLP,0.1,400,400,36,0.04712041884816754,0.09,0.09,0.09
273,GIN,0.1,400,400,21,0.026957637997432605,0.0525,0.0525,0.05249999999999999
273,GAT,0.1,400,400,53,0.07095046854082998,0.1325,0.1325,0.1325
274,Raw,0.1,400,400,47,0.06241699867197875,0.1175,0.1175,0.1175
274,MLP,0.1,400,400,42,0.055408970976253295,0.105,0.105,0.10499999999999998
274,GIN,0.1,400,400,22,0.028277634961439587,0.055,0.055,0.055
274,GAT,0.1,400,400,54,0.07238605898123325,0.135,0.135,0.135
275,Raw,0.1,400,400,64,0.08695652173913043,0.16,0.16,0.16
275,MLP,0.1,400,400,49,0.06524633821571238,0.1225,0.1225,0.1225
275,GIN,0.1,400,400,28,0.03626943005181347,0.07,0.07,0.07
275,GAT,0.1,400,400,55,0.0738255033557047,0.1375,0.1375,0.1375
276,Raw,0.1,400,400,66,0.08991825613079019,0.165,0.165,0.165
276,MLP,0.1,400,400,42,0.055408970976253295,0.105,0.105,0.10499999999999998
276,GIN,0.1,400,400,39,0.051248357424441525,0.0975,0.0975,0.0975
276,GAT,0.1,400,400,60,0.08108108108108109,0.15,0.15,0.15
277,Raw,0.1,400,400,72,0.0989010989010989,0.18,0.18,0.18
277,MLP,0.1,400,400,50,0.06666666666666667,0.125,0.125,0.125
277,GIN,0.1,400,400,60,0.08108108108108109,0.15,0.15,0.15
277,GAT,0.1,400,400,53,0.07095046854082998,0.1325,0.1325,0.1325
278,Raw,0.1,400,400,79,0.10957004160887657,0.1975,0.1975,0.1975
278,MLP,0.1,400,400,36,0.04712041884816754,0.09,0.09,0.09
278,GIN,0.1,400,400,66,0.08991825613079019,0.165,0.165,0.165
278,GAT,0.1,400,400,63,0.08548168249660787,0.1575,0.1575,0.1575
279,Raw,0.1,400,400,60,0.08108108108108109,0.15,0.15,0.15
279,MLP,0.1,400,400,43,0.05680317040951123,0.1075,0.1075,0.10749999999999998
279,GIN,0.1,400,400,71,0.09739368998628258,0.1775,0.1775,0.17750000000000002
279,GAT,0.1,400,400,58,0.07816711590296496,0.145,0.145,0.145
280,Raw,0.1,400,400,53,0.07095046854082998,0.1325,0.1325,0.1325
280,MLP,0.1,400,400,45,0.059602649006622516,0.1125,0.1125,0.1125
280,GIN,0.1,400,400,49,0.06524633821571238,0.1225,0.1225,0.1225
280,GAT,0.1,400,400,57,0.07671601615074024,0.1425,0.1425,0.1425
281,Raw,0.1,400,400,67,0.09140518417462483,0.1675,0.1675,0.1675
281,MLP,0.1,400,400,37,0.04849279161205767,0.0925,0.0925,0.0925
281,GIN,0.1,400,400,20,0.02564102564102564,0.05,0.05,0.05000000000000001
281,GAT,0.1,400,400,64,0.08695652173913043,0.16,0.16,0.16
282,Raw,0.1,400,400,65,0.08843537414965986,0.1625,0.1625,0.1625
282,MLP,0.1,400,400,38,0.049868766404199474,0.095,0.095,0.095
282,GIN,0.1,400,400,34,0.044386422976501305,0.085,0.085,0.085
282,GAT,0.1,400,400,58,0.07816711590296496,0.145,0.145,0.145
283,Raw,0.1,400,400,60,0.08108108108108109,0.15,0.15,0.15
283,MLP,0.1,400,400,45,0.059602649006622516,0.1125,0.1125,0.1125
283,GIN,0.1,400,400,27,0.03492884864165589,0.0675,0.0675,0.0675
283,GAT,0.1,400,400,61,0.08254397834912043,0.1525,0.1525,0.1525
284,Raw,0.1,400,400,60,0.08108108108108109,0.15,0.15,0.15
284,MLP,0.1,400,400,40,0.05263157894736842,0.1,0.1,0.10000000000000002
284,GIN,0.1,400,400,22,0.028277634961439587,0.055,0.055,0.055
284,GAT,0.1,400,400,61,0.08254397834912043,0.1525,0.1525,0.1525
285,Raw,0.1,400,400,62,0.08401084010840108,0.155,0.155,0.155
285,MLP,0.1,400,400,46,0.0610079575596817,0.115,0.115,0.115
285,GIN,0.1,400,400,62,0.08401084010840108,0.155,0.155,0.155
285,GAT,0.1,400,400,61,0.08254397834912043,0.1525,0.1525,0.1525
286,Raw,0.1,400,400,64,0.08695652173913043,0.16,0.16,0.16
286,MLP,0.1,400,400,45,0.059602649006622516,0.1125,0.1125,0.1125
286,GIN,0.1,400,400,22,0.028277634961439587,0.055,0.055,0.055
286,GAT,0.1,400,400,56,0.07526881720430108,0.14,0.14,0.14
287,Raw,0.1,400,400,71,0.09739368998628258,0.1775,0.1775,0.17750000000000002
287,MLP,0.1,400,400,35,0.0457516339869281,0.0875,0.0875,0.0875
287,GIN,0.1,400,400,74,0.10192837465564739,0.185,0.185,0.185
287,GAT,0.1,400,400,64,0.08695652173913043,0.16,0.16,0.16
288,Raw,0.1,400,400,67,0.09140518417462483,0.1675,0.1675,0.1675
288,MLP,0.1,400,400,48,0.06382978723404255,0.12,0.12,0.12
288,GIN,0.1,400,400,79,0.10957004160887657,0.1975,0.1975,0.1975
288,GAT,0.1,400,400,65,0.08843537414965986,0.1625,0.1625,0.1625
289,Raw,0.1,400,400,61,0.08254397834912043,0.1525,0.1525,0.1525
289,MLP,0.1,400,400,41,0.05401844532279315,0.1025,0.1025,0.1025
289,GIN,0.1,400,400,38,0.049868766404199474,0.095,0.095,0.095
289,GAT,0.1,400,400,61,0.08254397834912043,0.1525,0.1525,0.1525
290,Raw,0.1,400,400,65,0.08843537414965986,0.1625,0.1625,0.1625
290,MLP,0.1,400,400,47,0.06241699867197875,0.1175,0.1175,0.1175
290,GIN,0.1,400,400,24,0.030927835051546393,0.06,0.06,0.06
290,GAT,0.1,400,400,55,0.0738255033557047,0.1375,0.1375,0.1375
291,Raw,0.1,400,400,66,0.08991825613079019,0.165,0.165,0.165
291,MLP,0.1,400,400,48,0.06382978723404255,0.12,0.12,0.12
291,GIN,0.1,400,400,67,0.09140518417462483,0.1675,0.1675,0.1675
291,GAT,0.1,400,400,51,0.06809078771695594,0.1275,0.1275,0.1275
292,Raw,0.1,400,400,79,0.10957004160887657,0.1975,0.1975,0.1975
292,MLP,0.1,400,400,34,0.044386422976501305,0.085,0.085,0.085
292,GIN,0.1,400,400,52,0.06951871657754011,0.13,0.13,0.13
292,GAT,0.1,400,400,62,0.08401084010840108,0.155,0.155,0.155
293,Raw,0.1,400,400,61,0.08254397834912043,0.1525,0.1525,0.1525
293,MLP,0.1,400,400,43,0.05680317040951123,0.1075,0.1075,0.10749999999999998
293,GIN,0.1,400,400,64,0.08695652173913043,0.16,0.16,0.16
293,GAT,0.1,400,400,52,0.06951871657754011,0.13,0.13,0.13
294,Raw,0.1,400,400,59,0.0796221322537112,0.1475,0.1475,0.1475
294,MLP,0.1,400,400,40,0.05263157894736842,0.1,0.1,0.10000000000000002
294,GIN,0.1,400,400,78,0.10803324099722991,0.195,0.195,0.195
294,GAT,0.1,400,400,60,0.08108108108108109,0.15,0.15,0.15
295,Raw,0.1,400,400,65,0.08843537414965986,0.1625,0.1625,0.1625
295,MLP,0.1,400,400,45,0.059602649006622516,0.1125,0.1125,0.1125
295,GIN,0.1,400,400,74,0.10192837465564739,0.185,0.185,0.185
295,GAT,0.1,400,400,68,0.09289617486338798,0.17,0.17,0.17
296,Raw,0.1,400,400,62,0.08401084010840108,0.155,0.155,0.155
296,MLP,0.1,400,400,43,0.05680317040951123,0.1075,0.1075,0.10749999999999998
296,GIN,0.1,400,400,26,0.03359173126614987,0.065,0.065,0.065
296,GAT,0.1,400,400,75,0.10344827586206896,0.1875,0.1875,0.1875
297,Raw,0.1,400,400,58,0.07816711590296496,0.145,0.145,0.145
297,MLP,0.1,400,400,40,0.05263157894736842,0.1,0.1,0.10000000000000002
297,GIN,0.1,400,400,22,0.028277634961439587,0.055,0.055,0.055
297,GAT,0.1,400,400,63,0.08548168249660787,0.1575,0.1575,0.1575
298,Raw,0.1,400,400,60,0.08108108108108109,0.15,0.15,0.15
298,MLP,0.1,400,400,44,0.0582010582010582,0.11,0.11,0.11
298,GIN,0.1,400,400,28,0.03626943005181347,0.07,0.07,0.07
298,GAT,0.1,400,400,63,0.08548168249660787,0.1575,0.1575,0.1575
299,Raw,0.1,400,400,70,0.0958904109589041,0.175,0.175,0.175
299,MLP,0.1,400,400,42,0.055408970976253295,0.105,0.105,0.10499999999999998
299,GIN,0.1,400,400,47,0.06241699867197875,0.1175,0.1175,0.1175
299,GAT,0.1,400,400,58,0.07816711590296496,0.145,0.145,0.145
300,Raw,0.1,400,400,73,0.10041265474552957,0.1825,0.1825,0.18249999999999997
300,MLP,0.1,400,400,42,0.055408970976253295,0.105,0.105,0.10499999999999998
300,GIN,0.1,400,400,30,0.03896103896103896,0.075,0.075,0.075
300,GAT,0.1,400,400,54,0.07238605898123325,0.135,0.135,0.135
301,Raw,0.1,400,400,70,0.0958904109589041,0.175,0.175,0.175
301,MLP,0.1,400,400,37,0.04849279161205767,0.0925,0.0925,0.0925
301,GIN,0.1,400,400,35,0.0457516339869281,0.0875,0.0875,0.0875
301,GAT,0.1,400,400,48,0.06382978723404255,0.12,0.12,0.12
302,Raw,0.1,400,400,76,0.10497237569060773,0.19,0.19,0.19
302,MLP,0.1,400,400,46,0.0610079575596817,0.115,0.115,0.115
302,GIN,0.1,400,400,21,0.026957637997432605,0.0525,0.0525,0.05249999999999999
302,GAT,0.1,400,400,58,0.07816711590296496,0.145,0.145,0.145
303,Raw,0.1,400,400,63,0.08548168249660787,0.1575,0.1575,0.1575
303,MLP,0.1,400,400,44,0.0582010582010582,0.11,0.11,0.11
303,GIN,0.1,400,400,39,0.051248357424441525,0.0975,0.0975,0.0975
303,GAT,0.1,400,400,61,0.08254397834912043,0.1525,0.1525,0.1525
304,Raw,0.1,400,400,61,0.08254397834912043,0.1525,0.1525,0.1525
304,MLP,0.1,400,400,41,0.05401844532279315,0.1025,0.1025,0.1025
304,GIN,0.1,400,400,85,0.11888111888111888,0.2125,0.2125,0.2125
304,GAT,0.1,400,400,63,0.08548168249660787,0.1575,0.1575,0.1575
305,Raw,0.1,400,400,62,0.08401084010840108,0.155,0.155,0.155
305,MLP,0.1,400,400,33,0.04302477183833116,0.0825,0.0825,0.0825
305,GIN,0.1,400,400,52,0.06951871657754011,0.13,0.13,0.13
305,GAT,0.1,400,400,62,0.08401084010840108,0.155,0.155,0.155
306,Raw,0.1,400,400,68,0.09289617486338798,0.17,0.17,0.17
306,MLP,0.1,400,400,46,0.0610079575596817,0.115,0.115,0.115
306,GIN,0.1,400,400,76,0.10497237569060773,0.19,0.19,0.19
306,GAT,0.1,400,400,67,0.09140518417462483,0.1675,0.1675,0.1675
307,Raw,0.1,400,400,65,0.08843537414965986,0.1625,0.1625,0.1625
307,MLP,0.1,400,400,43,0.05680317040951123,0.1075,0.1075,0.10749999999999998
307,GIN,0.1,400,400,28,0.03626943005181347,0.07,0.07,0.07
307,GAT,0.1,400,400,66,0.08991825613079019,0.165,0.165,0.165
308,Raw,0.1,400,400,64,0.08695652173913043,0.16,0.16,0.16
308,MLP,0.1,400,400,43,0.05680317040951123,0.1075,0.1075,0.10749999999999998
308,GIN,0.1,400,400,64,0.08695652173913043,0.16,0.16,0.16
308,GAT,0.1,400,400,58,0.07816711590296496,0.145,0.145,0.145
309,Raw,0.1,400,400,70,0.0958904109589041,0.175,0.175,0.175
309,MLP,0.1,400,400,41,0.05401844532279315,0.1025,0.1025,0.1025
309,GIN,0.1,400,400,45,0.059602649006622516,0.1125,0.1125,0.1125
309,GAT,0.1,400,400,61,0.08254397834912043,0.1525,0.1525,0.1525
310,Raw,0.1,400,400,63,0.08548168249660787,0.1575,0.1575,0.1575
310,MLP,0.1,400,400,42,0.055408970976253295,0.105,0.105,0.10499999999999998
310,GIN,0.1,400,400,20,0.02564102564102564,0.05,0.05,0.05000000000000001
310,GAT,0.1,400,400,65,0.08843537414965986,0.1625,0.1625,0.1625
311,Raw,0.1,400,400,66,0.08991825613079019,0.165,0.165,0.165
311,MLP,0.1,400,400,42,0.055408970976253295,0.105,0.105,0.10499999999999998
311,GIN,0.1,400,400,62,0.08401084010840108,0.155,0.155,0.155
311,GAT,0.1,400,400,45,0.059602649006622516,0.1125,0.1125,0.1125
312,Raw,0.1,400,400,70,0.0958904109589041,0.175,0.175,0.175
312,MLP,0.1,400,400,39,0.051248357424441525,0.0975,0.0975,0.0975
312,GIN,0.1,400,400,37,0.04849279161205767,0.0925,0.0925,0.0925
312,GAT,0.1,400,400,65,0.08843537414965986,0.1625,0.1625,0.1625
313,Raw,0.1,400,400,63,0.08548168249660787,0.1575,0.1575,0.1575
313,MLP,0.1,400,400,40,0.05263157894736842,0.1,0.1,0.10000000000000002
313,GIN,0.1,400,400,69,0.09439124487004104,0.1725,0.1725,0.1725
313,GAT,0.1,400,400,56,0.07526881720430108,0.14,0.14,0.14
314,Raw,0.1,400,400,60,0.08108108108108109,0.15,0.15,0.15
314,MLP,0.1,400,400,48,0.06382978723404255,0.12,0.12,0.12
314,GIN,0.1,400,400,37,0.04849279161205767,0.0925,0.0925,0.0925
314,GAT,0.1,400,400,59,0.0796221322537112,0.1475,0.1475,0.1475
315,Raw,0.1,400,400,73,0.10041265474552957,0.1825,0.1825,0.18249999999999997
315,MLP,0.1,400,400,47,0.06241699867197875,0.1175,0.1175,0.1175
315,GIN,0.1,400,400,56,0.07526881720430108,0.14,0.14,0.14
315,GAT,0.1,400,400,60,0.08108108108108109,0.15,0.15,0.15
316,Raw,0.1,400,400,68,0.09289617486338798,0.17,0.17,0.17
316,MLP,0.1,400,400,49,0.06524633821571238,0.1225,0.1225,0.1225
316,GIN,0.1,400,400,32,0.041666666666666664,0.08,0.08,0.08
316,GAT,0.1,400,400,58,0.07816711590296496,0.145,0.145,0.145
317,Raw,0.1,400,400,72,0.0989010989010989,0.18,0.18,0.18
317,MLP,0.1,400,400,45,0.059602649006622516,0.1125,0.1125,0.1125
317,GIN,0.1,400,400,65,0.08843537414965986,0.1625,0.1625,0.1625
317,GAT,0.1,400,400,53,0.07095046854082998,0.1325,0.1325,0.1325
318,Raw,0.1,400,400,60,0.08108108108108109,0.15,0.15,0.15
318,MLP,0.1,400,400,47,0.06241699867197875,0.1175,0.1175,0.1175
318,GIN,0.1,400,400,72,0.0989010989010989,0.18,0.18,0.18
318,GAT,0.1,400,400,74,0.10192837465564739,0.185,0.185,0.185
319,Raw,0.1,400,400,66,0.08991825613079019,0.165,0.165,0.165
319,MLP,0.1,400,400,39,0.051248357424441525,0.0975,0.0975,0.0975
319,GIN,0.1,400,400,58,0.07816711590296496,0.145,0.145,0.145
319,GAT,0.1,400,400,74,0.10192837465564739,0.185,0.185,0.185
320,Raw,0.1,400,400,69,0.09439124487004104,0.1725,0.1725,0.1725
320,MLP,0.1,400,400,36,0.04712041884816754,0.09,0.09,0.09
320,GIN,0.1,400,400,89,0.12517580872011252,0.2225,0.2225,0.2225
320,GAT,0.1,400,400,64,0.08695652173913043,0.16,0.16,0.16
321,Raw,0.1,400,400,61,0.08254397834912043,0.1525,0.1525,0.1525
321,MLP,0.1,400,400,46,0.0610079575596817,0.115,0.115,0.115
321,GIN,0.1,400,400,25,0.03225806451612903,0.0625,0.0625,0.0625
321,GAT,0.1,400,400,62,0.08401084010840108,0.155,0.155,0.155
322,Raw,0.1,400,400,68,0.09289617486338798,0.17,0.17,0.17
322,MLP,0.1,400,400,42,0.055408970976253295,0.105,0.105,0.10499999999999998
322,GIN,0.1,400,400,76,0.10497237569060773,0.19,0.19,0.19
322,GAT,0.1,400,400,71,0.09739368998628258,0.1775,0.1775,0.17750000000000002
323,Raw,0.1,400,400,66,0.08991825613079019,0.165,0.165,0.165
323,MLP,0.1,400,400,46,0.0610079575596817,0.115,0.115,0.115
323,GIN,0.1,400,400,21,0.026957637997432605,0.0525,0.0525,0.05249999999999999
323,GAT,0.1,400,400,66,0.08991825613079019,0.165,0.165,0.165
324,Raw,0.1,400,400,67,0.09140518417462483,0.1675,0.1675,0.1675
324,MLP,0.1,400,400,47,0.06241699867197875,0.1175,0.1175,0.1175
324,GIN,0.1,400,400,66,0.08991825613079019,0.165,0.165,0.165
324,GAT,0.1,400,400,56,0.07526881720430108,0.14,0.14,0.14
325,Raw,0.1,400,400,60,0.08108108108108109,0.15,0.15,0.15
325,MLP,0.1,400,400,39,0.051248357424441525,0.0975,0.0975,0.0975
325,GIN,0.1,400,400,24,0.030927835051546393,0.06,0.06,0.06
325,GAT,0.1,400,400,51,0.06809078771695594,0.1275,0.1275,0.1275
326,Raw,0.1,400,400,63,0.08548168249660787,0.1575,0.1575,0.1575
326,MLP,0.1,400,400,41,0.05401844532279315,0.1025,0.1025,0.1025
326,GIN,0.1,400,400,70,0.0958904109589041,0.175,0.175,0.175
326,GAT,0.1,400,400,68,0.09289617486338798,0.17,0.17,0.17
327,Raw,0.1,400,400,68,0.09289617486338798,0.17,0.17,0.17
327,MLP,0.1,400,400,49,0.06524633821571238,0.1225,0.1225,0.1225
327,GIN,0.1,400,400,22,0.028277634961439587,0.055,0.055,0.055
327,GAT,0.1,400,400,68,0.09289617486338798,0.17,0.17,0.17
328,Raw,0.1,400,400,60,0.08108108108108109,0.15,0.15,0.15
328,MLP,0.1,400,400,37,0.04849279161205767,0.0925,0.0925,0.0925
328,GIN,0.1,400,400,19,0.024327784891165175,0.0475,0.0475,0.0475
328,GAT,0.1,400,400,55,0.0738255033557047,0.1375,0.1375,0.1375
329,Raw,0.1,400,400,62,0.08401084010840108,0.155,0.155,0.155
329,MLP,0.1,400,400,50,0.06666666666666667,0.125,0.125,0.125
329,GIN,0.1,400,400,30,0.03896103896103896,0.075,0.075,0.075
329,GAT,0.1,400,400,50,0.06666666666666667,0.125,0.125,0.125
330,Raw,0.1,400,400,57,0.07671601615074024,0.1425,0.1425,0.1425
330,MLP,0.1,400,400,48,0.06382978723404255,0.12,0.12,0.12
330,GIN,0.1,400,400,33,0.04302477183833116,0.0825,0.0825,0.0825
330,GAT,0.1,400,400,59,0.0796221322537112,0.1475,0.1475,0.1475
331,Raw,0.1,400,400,66,0.08991825613079019,0.165,0.165,0.165
331,MLP,0.1,400,400,44,0.0582010582010582,0.11,0.11,0.11
331,GIN,0.1,400,400,20,0.02564102564102564,0.05,0.05,0.05000000000000001
331,GAT,0.1,400,400,67,0.09140518417462483,0.1675,0.1675,0.1675
332,Raw,0.1,400,400,68,0.09289617486338798,0.17,0.17,0.17
332,MLP,0.1,400,400,42,0.055408970976253295,0.105,0.105,0.10499999999999998
332,GIN,0.1,400,400,51,0.06809078771695594,0.1275,0.1275,0.1275
332,GAT,0.1,400,400,62,0.08401084010840108,0.155,0.155,0.155
333,Raw,0.1,400,400,70,0.0958904109589041,0.175,0.175,0.175
333,MLP,0.1,400,400,45,0.059602649006622516,0.1125,0.1125,0.1125
333,GIN,0.1,400,400,28,0.03626943005181347,0.07,0.07,0.07
333,GAT,0.1,400,400,55,0.0738255033557047,0.1375,0.1375,0.1375
334,Raw,0.1,400,400,70,0.0958904109589041,0.175,0.175,0.175
334,MLP,0.1,400,400,38,0.049868766404199474,0.095,0.095,0.095
334,GIN,0.1,400,400,37,0.04849279161205767,0.0925,0.0925,0.0925
334,GAT,0.1,400,400,52,0.06951871657754011,0.13,0.13,0.13
335,Raw,0.1,400,400,69,0.09439124487004104,0.1725,0.1725,0.1725
335,MLP,0.1,400,400,51,0.06809078771695594,0.1275,0.1275,0.1275
335,GIN,0.1,400,400,21,0.026957637997432605,0.0525,0.0525,0.05249999999999999
335,GAT,0.1,400,400,58,0.07816711590296496,0.145,0.145,0.145
336,Raw,0.1,400,400,64,0.08695652173913043,0.16,0.16,0.16
336,MLP,0.1,400,400,38,0.049868766404199474,0.095,0.095,0.095
336,GIN,0.1,400,400,33,0.04302477183833116,0.0825,0.0825,0.0825
336,GAT,0.1,400,400,71,0.09739368998628258,0.1775,0.1775,0.17750000000000002
337,Raw,0.1,400,400,62,0.08401084010840108,0.155,0.155,0.155
337,MLP,0.1,400,400,44,0.0582010582010582,0.11,0.11,0.11
337,GIN,0.1,400,400,50,0.06666666666666667,0.125,0.125,0.125
337,GAT,0.1,400,400,62,0.08401084010840108,0.155,0.155,0.155
338,Raw,0.1,400,400,70,0.0958904109589041,0.175,0.175,0.175
338,MLP,0.1,400,400,39,0.051248357424441525,0.0975,0.0975,0.0975
338,GIN,0.1,400,400,70,0.0958904109589041,0.175,0.175,0.175
338,GAT,0.1,400,400,52,0.06951871657754011,0.13,0.13,0.13
339,Raw,0.1,400,400,66,0.08991825613079019,0.165,0.165,0.165
339,MLP,0.1,400,400,40,0.05263157894736842,0.1,0.1,0.10000000000000002
339,GIN,0.1,400,400,42,0.055408970976253295,0.105,0.105,0.10499999999999998
339,GAT,0.1,400,400,67,0.09140518417462483,0.1675,0.1675,0.1675
340,Raw,0.1,400,400,56,0.07526881720430108,0.14,0.14,0.14
340,MLP,0.1,400,400,45,0.059602649006622516,0.1125,0.1125,0.1125
340,GIN,0.1,400,400,33,0.04302477183833116,0.0825,0.0825,0.0825
340,GAT,0.1,400,400,58,0.07816711590296496,0.145,0.145,0.145
341,Raw,0.1,400,400,74,0.10192837465564739,0.185,0.185,0.185
341,MLP,0.1,400,400,42,0.055408970976253295,0.105,0.105,0.10499999999999998
341,GIN,0.1,400,400,52,0.06951871657754011,0.13,0.13,0.13
341,GAT,0.1,400,400,62,0.08401084010840108,0.155,0.155,0.155
342,Raw,0.1,400,400,74,0.10192837465564739,0.185,0.185,0.185
342,MLP,0.1,400,400,41,0.05401844532279315,0.1025,0.1025,0.1025
342,GIN,0.1,400,400,63,0.08548168249660787,0.1575,0.1575,0.1575
342,GAT,0.1,400,400,67,0.09140518417462483,0.1675,0.1675,0.1675
343,Raw,0.1,400,400,62,0.08401084010840108,0.155,0.155,0.155
343,MLP,0.1,400,400,52,0.06951871657754011,0.13,0.13,0.13
343,GIN,0.1,400,400,35,0.0457516339869281,0.0875,0.0875,0.0875
343,GAT,0.1,400,400,52,0.06951871657754011,0.13,0.13,0.13
344,Raw,0.1,400,400,72,0.0989010989010989,0.18,0.18,0.18
344,MLP,0.1,400,400,42,0.055408970976253295,0.105,0.105,0.10499999999999998
344,GIN,0.1,400,400,58,0.07816711590296496,0.145,0.145,0.145
344,GAT,0.1,400,400,66,0.08991825613079019,0.165,0.165,0.165
345,Raw,0.1,400,400,54,0.07238605898123325,0.135,0.135,0.135
345,MLP,0.1,400,400,44,0.0582010582010582,0.11,0.11,0.11
345,GIN,0.1,400,400,61,0.08254397834912043,0.1525,0.1525,0.1525
345,GAT,0.1,400,400,52,0.06951871657754011,0.13,0.13,0.13
346,Raw,0.1,400,400,67,0.09140518417462483,0.1675,0.1675,0.1675
346,MLP,0.1,400,400,48,0.06382978723404255,0.12,0.12,0.12
346,GIN,0.1,400,400,14,0.017811704834605598,0.035,0.035,0.035
346,GAT,0.1,400,400,58,0.07816711590296496,0.145,0.145,0.145
347,Raw,0.1,400,400,65,0.08843537414965986,0.1625,0.1625,0.1625
347,MLP,0.1,400,400,40,0.05263157894736842,0.1,0.1,0.10000000000000002
347,GIN,0.1,400,400,75,0.10344827586206896,0.1875,0.1875,0.1875
347,GAT,0.1,400,400,54,0.07238605898123325,0.135,0.135,0.135
348,Raw,0.1,400,400,60,0.08108108108108109,0.15,0.15,0.15
348,MLP,0.1,400,400,47,0.06241699867197875,0.1175,0.1175,0.1175
348,GIN,0.1,400,400,26,0.03359173126614987,0.065,0.065,0.065
348,GAT,0.1,400,400,63,0.08548168249660787,0.1575,0.1575,0.1575
349,Raw,0.1,400,400,75,0.10344827586206896,0.1875,0.1875,0.1875
349,MLP,0.1,400,400,46,0.0610079575596817,0.115,0.115,0.115
349,GIN,0.1,400,400,66,0.08991825613079019,0.165,0.165,0.165
349,GAT,0.1,400,400,58,0.07816711590296496,0.145,0.145,0.145
350,Raw,0.1,400,400,66,0.08991825613079019,0.165,0.165,0.165
350,MLP,0.1,400,400,41,0.05401844532279315,0.1025,0.1025,0.1025
350,GIN,0.1,400,400,22,0.028277634961439587,0.055,0.055,0.055
350,GAT,0.1,400,400,57,0.07671601615074024,0.1425,0.1425,0.1425
351,Raw,0.1,400,400,68,0.09289617486338798,0.17,0.17,0.17
351,MLP,0.1,400,400,51,0.06809078771695594,0.1275,0.1275,0.1275
351,GIN,0.1,400,400,29,0.03761348897535668,0.0725,0.0725,0.0725
351,GAT,0.1,400,400,52,0.06951871657754011,0.13,0.13,0.13
352,Raw,0.1,400,400,69,0.09439124487004104,0.1725,0.1725,0.1725
352,MLP,0.1,400,400,52,0.06951871657754011,0.13,0.13,0.13
352,GIN,0.1,400,400,46,0.0610079575596817,0.115,0.115,0.115
352,GAT,0.1,400,400,51,0.06809078771695594,0.1275,0.1275,0.1275
353,Raw,0.1,400,400,69,0.09439124487004104,0.1725,0.1725,0.1725
353,MLP,0.1,400,400,42,0.055408970976253295,0.105,0.105,0.10499999999999998
353,GIN,0.1,400,400,26,0.03359173126614987,0.065,0.065,0.065
353,GAT,0.1,400,400,55,0.0738255033557047,0.1375,0.1375,0.1375
354,Raw,0.1,400,400,67,0.09140518417462483,0.1675,0.1675,0.1675
354,MLP,0.1,400,400,39,0.051248357424441525,0.0975,0.0975,0.0975
354,GIN,0.1,400,400,25,0.03225806451612903,0.0625,0.0625,0.0625
354,GAT,0.1,400,400,63,0.08548168249660787,0.1575,0.1575,0.1575
355,Raw,0.1,400,400,60,0.08108108108108109,0.15,0.15,0.15
355,MLP,0.1,400,400,34,0.044386422976501305,0.085,0.085,0.085
355,GIN,0.1,400,400,60,0.08108108108108109,0.15,0.15,0.15
355,GAT,0.1,400,400,63,0.08548168249660787,0.1575,0.1575,0.1575
356,Raw,0.1,400,400,64,0.08695652173913043,0.16,0.16,0.16
356,MLP,0.1,400,400,46,0.0610079575596817,0.115,0.115,0.115
356,GIN,0.1,400,400,20,0.02564102564102564,0.05,0.05,0.05000000000000001
356,GAT,0.1,400,400,61,0.08254397834912043,0.1525,0.1525,0.1525
357,Raw,0.1,400,400,67,0.09140518417462483,0.1675,0.1675,0.1675
357,MLP,0.1,400,400,46,0.0610079575596817,0.115,0.115,0.115
357,GIN,0.1,400,400,17,0.021711366538952746,0.0425,0.0425,0.0425
357,GAT,0.1,400,400,72,0.0989010989010989,0.18,0.18,0.18
358,Raw,0.1,400,400,68,0.09289617486338798,0.17,0.17,0.17
358,MLP,0.1,400,400,37,0.04849279161205767,0.0925,0.0925,0.0925
358,GIN,0.1,400,400,75,0.10344827586206896,0.1875,0.1875,0.1875
358,GAT,0.1,400,400,50,0.06666666666666667,0.125,0.125,0.125
359,Raw,0.1,400,400,63,0.08548168249660787,0.1575,0.1575,0.1575
359,MLP,0.1,400,400,42,0.055408970976253295,0.105,0.105,0.10499999999999998
359,GIN,0.1,400,400,23,0.029601029601029602,0.0575,0.0575,0.0575
359,GAT,0.1,400,400,66,0.08991825613079019,0.165,0.165,0.165
360,Raw,0.1,400,400,70,0.0958904109589041,0.175,0.175,0.175
360,MLP,0.1,400,400,37,0.04849279161205767,0.0925,0.0925,0.0925
360,GIN,0.1,400,400,13,0.016518424396442185,0.0325,0.0325,0.0325
360,GAT,0.1,400,400,67,0.09140518417462483,0.1675,0.1675,0.1675
361,Raw,0.1,400,400,57,0.07671601615074024,0.1425,0.1425,0.1425
361,MLP,0.1,400,400,43,0.05680317040951123,0.1075,0.1075,0.10749999999999998
361,GIN,0.1,400,400,89,0.12517580872011252,0.2225,0.2225,0.2225
361,GAT,0.1,400,400,59,0.0796221322537112,0.1475,0.1475,0.1475
362,Raw,0.1,400,400,53,0.07095046854082998,0.1325,0.1325,0.1325
362,MLP,0.1,400,400,47,0.06241699867197875,0.1175,0.1175,0.1175
362,GIN,0.1,400,400,17,0.021711366538952746,0.0425,0.0425,0.0425
362,GAT,0.1,400,400,58,0.07816711590296496,0.145,0.145,0.145
363,Raw,0.1,400,400,70,0.0958904109589041,0.175,0.175,0.175
363,MLP,0.1,400,400,40,0.05263157894736842,0.1,0.1,0.10000000000000002
363,GIN,0.1,400,400,42,0.055408970976253295,0.105,0.105,0.10499999999999998
363,GAT,0.1,400,400,66,0.08991825613079019,0.165,0.165,0.165
364,Raw,0.1,400,400,72,0.0989010989010989,0.18,0.18,0.18
364,MLP,0.1,400,400,39,0.051248357424441525,0.0975,0.0975,0.0975
364,GIN,0.1,400,400,30,0.03896103896103896,0.075,0.075,0.075
364,GAT,0.1,400,400,72,0.0989010989010989,0.18,0.18,0.18
365,Raw,0.1,400,400,70,0.0958904109589041,0.175,0.175,0.175
365,MLP,0.1,400,400,49,0.06524633821571238,0.1225,0.1225,0.1225
365,GIN,0.1,400,400,28,0.03626943005181347,0.07,0.07,0.07
365,GAT,0.1,400,400,66,0.08991825613079019,0.165,0.165,0.165
366,Raw,0.1,400,400,66,0.08991825613079019,0.165,0.165,0.165
366,MLP,0.1,400,400,41,0.05401844532279315,0.1025,0.1025,0.1025
366,GIN,0.1,400,400,73,0.10041265474552957,0.1825,0.1825,0.18249999999999997
366,GAT,0.1,400,400,52,0.06951871657754011,0.13,0.13,0.13
367,Raw,0.1,400,400,69,0.09439124487004104,0.1725,0.1725,0.1725
367,MLP,0.1,400,400,43,0.05680317040951123,0.1075,0.1075,0.10749999999999998
367,GIN,0.1,400,400,65,0.08843537414965986,0.1625,0.1625,0.1625
367,GAT,0.1,400,400,56,0.07526881720430108,0.14,0.14,0.14
368,Raw,0.1,400,400,83,0.11576011157601115,0.2075,0.2075,0.2075
368,MLP,0.1,400,400,34,0.044386422976501305,0.085,0.085,0.085
368,GIN,0.1,400,400,36,0.04712041884816754,0.09,0.09,0.09
368,GAT,0.1,400,400,61,0.08254397834912043,0.1525,0.1525,0.1525
369,Raw,0.1,400,400,61,0.08254397834912043,0.1525,0.1525,0.1525
369,MLP,0.1,400,400,47,0.06241699867197875,0.1175,0.1175,0.1175
369,GIN,0.1,400,400,74,0.10192837465564739,0.185,0.185,0.185
369,GAT,0.1,400,400,64,0.08695652173913043,0.16,0.16,0.16
370,Raw,0.1,400,400,62,0.08401084010840108,0.155,0.155,0.155
370,MLP,0.1,400,400,47,0.06241699867197875,0.1175,0.1175,0.1175
370,GIN,0.1,400,400,44,0.0582010582010582,0.11,0.11,0.11
370,GAT,0.1,400,400,57,0.07671601615074024,0.1425,0.1425,0.1425
371,Raw,0.1,400,400,64,0.08695652173913043,0.16,0.16,0.16
371,MLP,0.1,400,400,39,0.051248357424441525,0.0975,0.0975,0.0975
371,GIN,0.1,400,400,46,0.0610079575596817,0.115,0.115,0.115
371,GAT,0.1,400,400,61,0.08254397834912043,0.1525,0.1525,0.1525
372,Raw,0.1,400,400,65,0.08843537414965986,0.1625,0.1625,0.1625
372,MLP,0.1,400,400,41,0.05401844532279315,0.1025,0.1025,0.1025
372,GIN,0.1,400,400,80,0.1111111111111111,0.2,0.2,0.20000000000000004
372,GAT,0.1,400,400,51,0.06809078771695594,0.1275,0.1275,0.1275
373,Raw,0.1,400,400,60,0.08108108108108109,0.15,0.15,0.15
373,MLP,0.1,400,400,41,0.05401844532279315,0.1025,0.1025,0.1025
373,GIN,0.1,400,400,24,0.030927835051546393,0.06,0.06,0.06
373,GAT,0.1,400,400,70,0.0958904109589041,0.175,0.175,0.175
374,Raw,0.1,400,400,64,0.08695652173913043,0.16,0.16,0.16
374,MLP,0.1,400,400,51,0.06809078771695594,0.1275,0.1275,0.1275
374,GIN,0.1,400,400,63,0.08548168249660787,0.1575,0.1575,0.1575
374,GAT,0.1,400,400,64,0.08695652173913043,0.16,0.16,0.16
375,Raw,0.1,400,400,59,0.0796221322537112,0.1475,0.1475,0.1475
375,MLP,0.1,400,400,45,0.059602649006622516,0.1125,0.1125,0.1125
375,GIN,0.1,400,400,30,0.03896103896103896,0.075,0.075,0.075
375,GAT,0.1,400,400,57,0.07671601615074024,0.1425,0.1425,0.1425
376,Raw,0.1,400,400,71,0.09739368998628258,0.1775,0.1775,0.17750000000000002
376,MLP,0.1,400,400,45,0.059602649006622516,0.1125,0.1125,0.1125
376,GIN,0.1,400,400,40,0.05263157894736842,0.1,0.1,0.10000000000000002
376,GAT,0.1,400,400,58,0.07816711590296496,0.145,0.145,0.145
377,Raw,0.1,400,400,59,0.0796221322537112,0.1475,0.1475,0.1475
377,MLP,0.1,400,400,47,0.06241699867197875,0.1175,0.1175,0.1175
377,GIN,0.1,400,400,48,0.06382978723404255,0.12,0.12,0.12
377,GAT,0.1,400,400,63,0.08548168249660787,0.1575,0.1575,0.1575
378,Raw,0.1,400,400,70,0.0958904109589041,0.175,0.175,0.175
378,MLP,0.1,400,400,37,0.04849279161205767,0.0925,0.0925,0.0925
378,GIN,0.1,400,400,65,0.08843537414965986,0.1625,0.1625,0.1625
378,GAT,0.1,400,400,60,0.08108108108108109,0.15,0.15,0.15
379,Raw,0.1,400,400,67,0.09140518417462483,0.1675,0.1675,0.1675
379,MLP,0.1,400,400,45,0.059602649006622516,0.1125,0.1125,0.1125
379,GIN,0.1,400,400,33,0.04302477183833116,0.0825,0.0825,0.0825
379,GAT,0.1,400,400,61,0.08254397834912043,0.1525,0.1525,0.1525
380,Raw,0.1,400,400,65,0.08843537414965986,0.1625,0.1625,0.1625
380,MLP,0.1,400,400,39,0.051248357424441525,0.0975,0.0975,0.0975
380,GIN,0.1,400,400,26,0.03359173126614987,0.065,0.065,0.065
380,GAT,0.1,400,400,63,0.08548168249660787,0.1575,0.1575,0.1575
381,Raw,0.1,400,400,58,0.07816711590296496,0.145,0.145,0.145
381,MLP,0.1,400,400,41,0.05401844532279315,0.1025,0.1025,0.1025
381,GIN,0.1,400,400,26,0.03359173126614987,0.065,0.065,0.065
381,GAT,0.1,400,400,61,0.08254397834912043,0.1525,0.1525,0.1525
382,Raw,0.1,400,400,62,0.08401084010840108,0.155,0.155,0.155
382,MLP,0.1,400,400,45,0.059602649006622516,0.1125,0.1125,0.1125
382,GIN,0.1,400,400,15,0.01910828025477707,0.0375,0.0375,0.0375
382,GAT,0.1,400,400,57,0.07671601615074024,0.1425,0.1425,0.1425
383,Raw,0.1,400,400,68,0.09289617486338798,0.17,0.17,0.17
383,MLP,0.1,400,400,44,0.0582010582010582,0.11,0.11,0.11
383,GIN,0.1,400,400,39,0.051248357424441525,0.0975,0.0975,0.0975
383,GAT,0.1,400,400,65,0.08843537414965986,0.1625,0.1625,0.1625
384,Raw,0.1,400,400,65,0.08843537414965986,0.1625,0.1625,0.1625
384,MLP,0.1,400,400,44,0.0582010582010582,0.11,0.11,0.11
384,GIN,0.1,400,400,66,0.08991825613079019,0.165,0.165,0.165
384,GAT,0.1,400,400,62,0.08401084010840108,0.155,0.155,0.155
385,Raw,0.1,400,400,77,0.10650069156293222,0.1925,0.1925,0.19249999999999998
385,MLP,0.1,400,400,45,0.059602649006622516,0.1125,0.1125,0.1125
385,GIN,0.1,400,400,57,0.07671601615074024,0.1425,0.1425,0.1425
385,GAT,0.1,400,400,60,0.08108108108108109,0.15,0.15,0.15
386,Raw,0.1,400,400,70,0.0958904109589041,0.175,0.175,0.175
386,MLP,0.1,400,400,49,0.06524633821571238,0.1225,0.1225,0.1225
386,GIN,0.1,400,400,76,0.10497237569060773,0.19,0.19,0.19
386,GAT,0.1,400,400,60,0.08108108108108109,0.15,0.15,0.15
387,Raw,0.1,400,400,64,0.08695652173913043,0.16,0.16,0.16
387,MLP,0.1,400,400,39,0.051248357424441525,0.0975,0.0975,0.0975
387,GIN,0.1,400,400,35,0.0457516339869281,0.0875,0.0875,0.0875
387,GAT,0.1,400,400,67,0.09140518417462483,0.1675,0.1675,0.1675
388,Raw,0.1,400,400,58,0.07816711590296496,0.145,0.145,0.145
388,MLP,0.1,400,400,40,0.05263157894736842,0.1,0.1,0.10000000000000002
388,GIN,0.1,400,400,59,0.0796221322537112,0.1475,0.1475,0.1475
388,GAT,0.1,400,400,55,0.0738255033557047,0.1375,0.1375,0.1375
389,Raw,0.1,400,400,72,0.0989010989010989,0.18,0.18,0.18
389,MLP,0.1,400,400,44,0.0582010582010582,0.11,0.11,0.11
389,GIN,0.1,400,400,25,0.03225806451612903,0.0625,0.0625,0.0625
389,GAT,0.1,400,400,59,0.0796221322537112,0.1475,0.1475,0.1475
390,Raw,0.1,400,400,71,0.09739368998628258,0.1775,0.1775,0.17750000000000002
390,MLP,0.1,400,400,46,0.0610079575596817,0.115,0.115,0.115
390,GIN,0.1,400,400,73,0.10041265474552957,0.1825,0.1825,0.18249999999999997
390,GAT,0.1,400,400,68,0.09289617486338798,0.17,0.17,0.17
391,Raw,0.1,400,400,65,0.08843537414965986,0.1625,0.1625,0.1625
391,MLP,0.1,400,400,42,0.055408970976253295,0.105,0.105,0.10499999999999998
391,GIN,0.1,400,400,33,0.04302477183833116,0.0825,0.0825,0.0825
391,GAT,0.1,400,400,63,0.08548168249660787,0.1575,0.1575,0.1575
392,Raw,0.1,400,400,73,0.10041265474552957,0.1825,0.1825,0.18249999999999997
392,MLP,0.1,400,400,44,0.0582010582010582,0.11,0.11,0.11
392,GIN,0.1,400,400,32,0.041666666666666664,0.08,0.08,0.08
392,GAT,0.1,400,400,64,0.08695652173913043,0.16,0.16,0.16
393,Raw,0.1,400,400,59,0.0796221322537112,0.1475,0.1475,0.1475
393,MLP,0.1,400,400,46,0.0610079575596817,0.115,0.115,0.115
393,GIN,0.1,400,400,36,0.04712041884816754,0.09,0.09,0.09
393,GAT,0.1,400,400,63,0.08548168249660787,0.1575,0.1575,0.1575
394,Raw,0.1,400,400,61,0.08254397834912043,0.1525,0.1525,0.1525
394,MLP,0.1,400,400,46,0.0610079575596817,0.115,0.115,0.115
394,GIN,0.1,400,400,14,0.017811704834605598,0.035,0.035,0.035
394,GAT,0.1,400,400,66,0.08991825613079019,0.165,0.165,0.165
395,Raw,0.1,400,400,63,0.08548168249660787,0.1575,0.1575,0.1575
395,MLP,0.1,400,400,43,0.05680317040951123,0.1075,0.1075,0.10749999999999998
395,GIN,0.1,400,400,34,0.044386422976501305,0.085,0.085,0.085
395,GAT,0.1,400,400,58,0.07816711590296496,0.145,0.145,0.145
396,Raw,0.1,400,400,65,0.08843537414965986,0.1625,0.1625,0.1625
396,MLP,0.1,400,400,41,0.05401844532279315,0.1025,0.1025,0.1025
396,GIN,0.1,400,400,45,0.059602649006622516,0.1125,0.1125,0.1125
396,GAT,0.1,400,400,54,0.07238605898123325,0.135,0.135,0.135
397,Raw,0.1,400,400,61,0.08254397834912043,0.1525,0.1525,0.1525
397,MLP,0.1,400,400,37,0.04849279161205767,0.0925,0.0925,0.0925
397,GIN,0.1,400,400,61,0.08254397834912043,0.1525,0.1525,0.1525
397,GAT,0.1,400,400,60,0.08108108108108109,0.15,0.15,0.15
398,Raw,0.1,400,400,65,0.08843537414965986,0.1625,0.1625,0.1625
398,MLP,0.1,400,400,40,0.05263157894736842,0.1,0.1,0.10000000000000002
398,GIN,0.1,400,400,22,0.028277634961439587,0.055,0.055,0.055
398,GAT,0.1,400,400,57,0.07671601615074024,0.1425,0.1425,0.1425
399,Raw,0.1,400,400,63,0.08548168249660787,0.1575,0.1575,0.1575
399,MLP,0.1,400,400,43,0.05680317040951123,0.1075,0.1075,0.10749999999999998
399,GIN,0.1,400,400,74,0.10192837465564739,0.185,0.185,0.185
399,GAT,0.1,400,400,54,0.07238605898123325,0.135,0.135,0.135
400,Raw,0.1,400,400,62,0.08401084010840108,0.155,0.155,0.155
400,MLP,0.1,400,400,47,0.06241699867197875,0.1175,0.1175,0.1175
400,GIN,0.1,400,400,32,0.041666666666666664,0.08,0.08,0.08
400,GAT,0.1,400,400,52,0.06951871657754011,0.13,0.13,0.13
401,Raw,0.1,400,400,64,0.08695652173913043,0.16,0.16,0.16
401,MLP,0.1,400,400,39,0.051248357424441525,0.0975,0.0975,0.0975
401,GIN,0.1,400,400,49,0.06524633821571238,0.1225,0.1225,0.1225
401,GAT,0.1,400,400,57,0.07671601615074024,0.1425,0.1425,0.1425
402,Raw,0.1,400,400,61,0.08254397834912043,0.1525,0.1525,0.1525
402,MLP,0.1,400,400,42,0.055408970976253295,0.105,0.105,0.10499999999999998
402,GIN,0.1,400,400,74,0.10192837465564739,0.185,0.185,0.185
402,GAT,0.1,400,400,61,0.08254397834912043,0.1525,0.1525,0.1525
403,Raw,0.1,400,400,69,0.09439124487004104,0.1725,0.1725,0.1725
403,MLP,0.1,400,400,35,0.0457516339869281,0.0875,0.0875,0.0875
403,GIN,0.1,400,400,20,0.02564102564102564,0.05,0.05,0.05000000000000001
403,GAT,0.1,400,400,54,0.07238605898123325,0.135,0.135,0.135
404,Raw,0.1,400,400,61,0.08254397834912043,0.1525,0.1525,0.1525
404,MLP,0.1,400,400,39,0.051248357424441525,0.0975,0.0975,0.0975
404,GIN,0.1,400,400,33,0.04302477183833116,0.0825,0.0825,0.0825
404,GAT,0.1,400,400,57,0.07671601615074024,0.1425,0.1425,0.1425
405,Raw,0.1,400,400,66,0.08991825613079019,0.165,0.165,0.165
405,MLP,0.1,400,400,42,0.055408970976253295,0.105,0.105,0.10499999999999998
405,GIN,0.1,400,400,52,0.06951871657754011,0.13,0.13,0.13
405,GAT,0.1,400,400,61,0.08254397834912043,0.1525,0.1525,0.1525
406,Raw,0.1,400,400,61,0.08254397834912043,0.1525,0.1525,0.1525
406,MLP,0.1,400,400,44,0.0582010582010582,0.11,0.11,0.11
406,GIN,0.1,400,400,78,0.10803324099722991,0.195,0.195,0.195
406,GAT,0.1,400,400,61,0.08254397834912043,0.1525,0.1525,0.1525
407,Raw,0.1,400,400,69,0.09439124487004104,0.1725,0.1725,0.1725
407,MLP,0.1,400,400,48,0.06382978723404255,0.12,0.12,0.12
407,GIN,0.1,400,400,52,0.06951871657754011,0.13,0.13,0.13
407,GAT,0.1,400,400,53,0.07095046854082998,0.1325,0.1325,0.1325
408,Raw,0.1,400,400,66,0.08991825613079019,0.165,0.165,0.165
408,MLP,0.1,400,400,37,0.04849279161205767,0.0925,0.0925,0.0925
408,GIN,0.1,400,400,20,0.02564102564102564,0.05,0.05,0.05000000000000001
408,GAT,0.1,400,400,58,0.07816711590296496,0.145,0.145,0.145
409,Raw,0.1,400,400,57,0.07671601615074024,0.1425,0.1425,0.1425
409,MLP,0.1,400,400,39,0.051248357424441525,0.0975,0.0975,0.0975
409,GIN,0.1,400,400,23,0.029601029601029602,0.0575,0.0575,0.0575
409,GAT,0.1,400,400,54,0.07238605898123325,0.135,0.135,0.135
410,Raw,0.1,400,400,60,0.08108108108108109,0.15,0.15,0.15
410,MLP,0.1,400,400,37,0.04849279161205767,0.0925,0.0925,0.0925
410,GIN,0.1,400,400,15,0.01910828025477707,0.0375,0.0375,0.0375
410,GAT,0.1,400,400,55,0.0738255033557047,0.1375,0.1375,0.1375
411,Raw,0.1,400,400,66,0.08991825613079019,0.165,0.165,0.165
411,MLP,0.1,400,400,49,0.06524633821571238,0.1225,0.1225,0.1225
411,GIN,0.1,400,400,30,0.03896103896103896,0.075,0.075,0.075
411,GAT,0.1,400,400,58,0.07816711590296496,0.145,0.145,0.145
412,Raw,0.1,400,400,69,0.09439124487004104,0.1725,0.1725,0.1725
412,MLP,0.1,400,400,46,0.0610079575596817,0.115,0.115,0.115
412,GIN,0.1,400,400,42,0.055408970976253295,0.105,0.105,0.10499999999999998
412,GAT,0.1,400,400,54,0.07238605898123325,0.135,0.135,0.135
413,Raw,0.1,400,400,62,0.08401084010840108,0.155,0.155,0.155
413,MLP,0.1,400,400,43,0.05680317040951123,0.1075,0.1075,0.10749999999999998
413,GIN,0.1,400,400,80,0.1111111111111111,0.2,0.2,0.20000000000000004
413,GAT,0.1,400,400,66,0.08991825613079019,0.165,0.165,0.165
414,Raw,0.1,400,400,66,0.08991825613079019,0.165,0.165,0.165
414,MLP,0.1,400,400,43,0.05680317040951123,0.1075,0.1075,0.10749999999999998
414,GIN,0.1,400,400,32,0.041666666666666664,0.08,0.08,0.08
414,GAT,0.1,400,400,59,0.0796221322537112,0.1475,0.1475,0.1475
415,Raw,0.1,400,400,67,0.09140518417462483,0.1675,0.1675,0.1675
415,MLP,0.1,400,400,46,0.0610079575596817,0.115,0.115,0.115
415,GIN,0.1,400,400,36,0.04712041884816754,0.09,0.09,0.09
415,GAT,0.1,400,400,59,0.0796221322537112,0.1475,0.1475,0.1475
416,Raw,0.1,400,400,58,0.07816711590296496,0.145,0.145,0.145
416,MLP,0.1,400,400,37,0.04849279161205767,0.0925,0.0925,0.0925
416,GIN,0.1,400,400,43,0.05680317040951123,0.1075,0.1075,0.10749999999999998
416,GAT,0.1,400,400,58,0.07816711590296496,0.145,0.145,0.145
417,Raw,0.1,400,400,60,0.08108108108108109,0.15,0.15,0.15
417,MLP,0.1,400,400,45,0.059602649006622516,0.1125,0.1125,0.1125
417,GIN,0.1,400,400,21,0.026957637997432605,0.0525,0.0525,0.05249999999999999
417,GAT,0.1,400,400,50,0.06666666666666667,0.125,0.125,0.125
418,Raw,0.1,400,400,75,0.10344827586206896,0.1875,0.1875,0.1875
418,MLP,0.1,400,400,47,0.06241699867197875,0.1175,0.1175,0.1175
418,GIN,0.1,400,400,31,0.04031209362808843,0.0775,0.0775,0.0775
418,GAT,0.1,400,400,63,0.08548168249660787,0.1575,0.1575,0.1575
419,Raw,0.1,400,400,68,0.09289617486338798,0.17,0.17,0.17
419,MLP,0.1,400,400,44,0.0582010582010582,0.11,0.11,0.11
419,GIN,0.1,400,400,24,0.030927835051546393,0.06,0.06,0.06
419,GAT,0.1,400,400,61,0.08254397834912043,0.1525,0.1525,0.1525
420,Raw,0.1,400,400,71,0.09739368998628258,0.1775,0.1775,0.17750000000000002
420,MLP,0.1,400,400,42,0.055408970976253295,0.105,0.105,0.10499999999999998
420,GIN,0.1,400,400,21,0.026957637997432605,0.0525,0.0525,0.05249999999999999
420,GAT,0.1,400,400,63,0.08548168249660787,0.1575,0.1575,0.1575
421,Raw,0.1,400,400,68,0.09289617486338798,0.17,0.17,0.17
421,MLP,0.1,400,400,45,0.059602649006622516,0.1125,0.1125,0.1125
421,GIN,0.1,400,400,55,0.0738255033557047,0.1375,0.1375,0.1375
421,GAT,0.1,400,400,59,0.0796221322537112,0.1475,0.1475,0.1475
422,Raw,0.1,400,400,73,0.10041265474552957,0.1825,0.1825,0.18249999999999997
422,MLP,0.1,400,400,41,0.05401844532279315,0.1025,0.1025,0.1025
422,GIN,0.1,400,400,22,0.028277634961439587,0.055,0.055,0.055
422,GAT,0.1,400,400,64,0.08695652173913043,0.16,0.16,0.16
423,Raw,0.1,400,400,69,0.09439124487004104,0.1725,0.1725,0.1725
423,MLP,0.1,400,400,36,0.04712041884816754,0.09,0.09,0.09
423,GIN,0.1,400,400,41,0.05401844532279315,0.1025,0.1025,0.1025
423,GAT,0.1,400,400,58,0.07816711590296496,0.145,0.145,0.145
424,Raw,0.1,400,400,61,0.08254397834912043,0.1525,0.1525,0.1525
424,MLP,0.1,400,400,47,0.06241699867197875,0.1175,0.1175,0.1175
424,GIN,0.1,400,400,21,0.026957637997432605,0.0525,0.0525,0.05249999999999999
424,GAT,0.1,400,400,54,0.07238605898123325,0.135,0.135,0.135
425,Raw,0.1,400,400,63,0.08548168249660787,0.1575,0.1575,0.1575
425,MLP,0.1,400,400,46,0.0610079575596817,0.115,0.115,0.115
425,GIN,0.1,400,400,29,0.03761348897535668,0.0725,0.0725,0.0725
425,GAT,0.1,400,400,53,0.07095046854082998,0.1325,0.1325,0.1325
426,Raw,0.1,400,400,67,0.09140518417462483,0.1675,0.1675,0.1675
426,MLP,0.1,400,400,53,0.07095046854082998,0.1325,0.1325,0.1325
426,GIN,0.1,400,400,73,0.10041265474552957,0.1825,0.1825,0.18249999999999997
426,GAT,0.1,400,400,53,0.07095046854082998,0.1325,0.1325,0.1325
427,Raw,0.1,400,400,63,0.08548168249660787,0.1575,0.1575,0.1575
427,MLP,0.1,400,400,48,0.06382978723404255,0.12,0.12,0.12
427,GIN,0.1,400,400,18,0.023017902813299233,0.045,0.045,0.045
427,GAT,0.1,400,400,60,0.08108108108108109,0.15,0.15,0.15
428,Raw,0.1,400,400,71,0.09739368998628258,0.1775,0.1775,0.17750000000000002
428,MLP,0.1,400,400,45,0.059602649006622516,0.1125,0.1125,0.1125
428,GIN,0.1,400,400,62,0.08401084010840108,0.155,0.155,0.155
428,GAT,0.1,400,400,60,0.08108108108108109,0.15,0.15,0.15
429,Raw,0.1,400,400,69,0.09439124487004104,0.1725,0.1725,0.1725
429,MLP,0.1,400,400,41,0.05401844532279315,0.1025,0.1025,0.1025
429,GIN,0.1,400,400,29,0.03761348897535668,0.0725,0.0725,0.0725
429,GAT,0.1,400,400,60,0.08108108108108109,0.15,0.15,0.15
430,Raw,0.1,400,400,59,0.0796221322537112,0.1475,0.1475,0.1475
430,MLP,0.1,400,400,41,0.05401844532279315,0.1025,0.1025,0.1025
430,GIN,0.1,400,400,24,0.030927835051546393,0.06,0.06,0.06
430,GAT,0.1,400,400,55,0.0738255033557047,0.1375,0.1375,0.1375
431,Raw,0.1,400,400,67,0.09140518417462483,0.1675,0.1675,0.1675
431,MLP,0.1,400,400,42,0.055408970976253295,0.105,0.105,0.10499999999999998
431,GIN,0.1,400,400,73,0.10041265474552957,0.1825,0.1825,0.18249999999999997
431,GAT,0.1,400,400,54,0.07238605898123325,0.135,0.135,0.135
432,Raw,0.1,400,400,72,0.0989010989010989,0.18,0.18,0.18
432,MLP,0.1,400,400,41,0.05401844532279315,0.1025,0.1025,0.1025
432,GIN,0.1,400,400,62,0.08401084010840108,0.155,0.155,0.155
432,GAT,0.1,400,400,57,0.07671601615074024,0.1425,0.1425,0.1425
433,Raw,0.1,400,400,64,0.08695652173913043,0.16,0.16,0.16
433,MLP,0.1,400,400,39,0.051248357424441525,0.0975,0.0975,0.0975
433,GIN,0.1,400,400,21,0.026957637997432605,0.0525,0.0525,0.05249999999999999
433,GAT,0.1,400,400,51,0.06809078771695594,0.1275,0.1275,0.1275
434,Raw,0.1,400,400,74,0.10192837465564739,0.185,0.185,0.185
434,MLP,0.1,400,400,44,0.0582010582010582,0.11,0.11,0.11
434,GIN,0.1,400,400,32,0.041666666666666664,0.08,0.08,0.08
434,GAT,0.1,400,400,60,0.08108108108108109,0.15,0.15,0.15
435,Raw,0.1,400,400,70,0.0958904109589041,0.175,0.175,0.175
435,MLP,0.1,400,400,37,0.04849279161205767,0.0925,0.0925,0.0925
435,GIN,0.1,400,400,22,0.028277634961439587,0.055,0.055,0.055
435,GAT,0.1,400,400,53,0.07095046854082998,0.1325,0.1325,0.1325
436,Raw,0.1,400,400,69,0.09439124487004104,0.1725,0.1725,0.1725
436,MLP,0.1,400,400,47,0.06241699867197875,0.1175,0.1175,0.1175
436,GIN,0.1,400,400,35,0.0457516339869281,0.0875,0.0875,0.0875
436,GAT,0.1,400,400,51,0.06809078771695594,0.1275,0.1275,0.1275
437,Raw,0.1,400,400,65,0.08843537414965986,0.1625,0.1625,0.1625
437,MLP,0.1,400,400,46,0.0610079575596817,0.115,0.115,0.115
437,GIN,0.1,400,400,61,0.08254397834912043,0.1525,0.1525,0.1525
437,GAT,0.1,400,400,63,0.08548168249660787,0.1575,0.1575,0.1575
438,Raw,0.1,400,400,54,0.07238605898123325,0.135,0.135,0.135
438,MLP,0.1,400,400,39,0.051248357424441525,0.0975,0.0975,0.0975
438,GIN,0.1,400,400,20,0.02564102564102564,0.05,0.05,0.05000000000000001
438,GAT,0.1,400,400,62,0.08401084010840108,0.155,0.155,0.155
439,Raw,0.1,400,400,71,0.09739368998628258,0.1775,0.1775,0.17750000000000002
439,MLP,0.1,400,400,47,0.06241699867197875,0.1175,0.1175,0.1175
439,GIN,0.1,400,400,36,0.04712041884816754,0.09,0.09,0.09
439,GAT,0.1,400,400,64,0.08695652173913043,0.16,0.16,0.16
440,Raw,0.1,400,400,67,0.09140518417462483,0.1675,0.1675,0.1675
440,MLP,0.1,400,400,45,0.059602649006622516,0.1125,0.1125,0.1125
440,GIN,0.1,400,400,74,0.10192837465564739,0.185,0.185,0.185
440,GAT,0.1,400,400,52,0.06951871657754011,0.13,0.13,0.13
441,Raw,0.1,400,400,63,0.08548168249660787,0.1575,0.1575,0.1575
441,MLP,0.1,400,400,39,0.051248357424441525,0.0975,0.0975,0.0975
441,GIN,0.1,400,400,29,0.03761348897535668,0.0725,0.0725,0.0725
441,GAT,0.1,400,400,67,0.09140518417462483,0.1675,0.1675,0.1675
442,Raw,0.1,400,400,65,0.08843537414965986,0.1625,0.1625,0.1625
442,MLP,0.1,400,400,46,0.0610079575596817,0.115,0.115,0.115
442,GIN,0.1,400,400,20,0.02564102564102564,0.05,0.05,0.05000000000000001
442,GAT,0.1,400,400,62,0.08401084010840108,0.155,0.155,0.155
443,Raw,0.1,400,400,66,0.08991825613079019,0.165,0.165,0.165
443,MLP,0.1,400,400,47,0.06241699867197875,0.1175,0.1175,0.1175
443,GIN,0.1,400,400,54,0.07238605898123325,0.135,0.135,0.135
443,GAT,0.1,400,400,61,0.08254397834912043,0.1525,0.1525,0.1525
444,Raw,0.1,400,400,66,0.08991825613079019,0.165,0.165,0.165
444,MLP,0.1,400,400,41,0.05401844532279315,0.1025,0.1025,0.1025
444,GIN,0.1,400,400,72,0.0989010989010989,0.18,0.18,0.18
444,GAT,0.1,400,400,51,0.06809078771695594,0.1275,0.1275,0.1275
445,Raw,0.1,400,400,68,0.09289617486338798,0.17,0.17,0.17
445,MLP,0.1,400,400,42,0.055408970976253295,0.105,0.105,0.10499999999999998
445,GIN,0.1,400,400,21,0.026957637997432605,0.0525,0.0525,0.05249999999999999
445,GAT,0.1,400,400,56,0.07526881720430108,0.14,0.14,0.14
446,Raw,0.1,400,400,61,0.08254397834912043,0.1525,0.1525,0.1525
446,MLP,0.1,400,400,41,0.05401844532279315,0.1025,0.1025,0.1025
446,GIN,0.1,400,400,50,0.06666666666666667,0.125,0.125,0.125
446,GAT,0.1,400,400,68,0.09289617486338798,0.17,0.17,0.17
447,Raw,0.1,400,400,57,0.07671601615074024,0.1425,0.1425,0.1425
447,MLP,0.1,400,400,46,0.0610079575596817,0.115,0.115,0.115
447,GIN,0.1,400,400,21,0.026957637997432605,0.0525,0.0525,0.05249999999999999
447,GAT,0.1,400,400,60,0.08108108108108109,0.15,0.15,0.15
448,Raw,0.1,400,400,68,0.09289617486338798,0.17,0.17,0.17
448,MLP,0.1,400,400,43,0.05680317040951123,0.1075,0.1075,0.10749999999999998
448,GIN,0.1,400,400,24,0.030927835051546393,0.06,0.06,0.06
448,GAT,0.1,400,400,62,0.08401084010840108,0.155,0.155,0.155
449,Raw,0.1,400,400,61,0.08254397834912043,0.1525,0.1525,0.1525
449,MLP,0.1,400,400,46,0.0610079575596817,0.115,0.115,0.115
449,GIN,0.1,400,400,63,0.08548168249660787,0.1575,0.1575,0.1575
449,GAT,0.1,400,400,59,0.0796221322537112,0.1475,0.1475,0.1475
450,Raw,0.1,400,400,66,0.08991825613079019,0.165,0.165,0.165
450,MLP,0.1,400,400,43,0.05680317040951123,0.1075,0.1075,0.10749999999999998
450,GIN,0.1,400,400,21,0.026957637997432605,0.0525,0.0525,0.05249999999999999
450,GAT,0.1,400,400,56,0.07526881720430108,0.14,0.14,0.14
451,Raw,0.1,400,400,61,0.08254397834912043,0.1525,0.1525,0.1525
451,MLP,0.1,400,400,43,0.05680317040951123,0.1075,0.1075,0.10749999999999998
451,GIN,0.1,400,400,82,0.11420612813370473,0.205,0.205,0.205
451,GAT,0.1,400,400,60,0.08108108108108109,0.15,0.15,0.15
452,Raw,0.1,400,400,72,0.0989010989010989,0.18,0.18,0.18
452,MLP,0.1,400,400,44,0.0582010582010582,0.11,0.11,0.11
452,GIN,0.1,400,400,15,0.01910828025477707,0.0375,0.0375,0.0375
452,GAT,0.1,400,400,59,0.0796221322537112,0.1475,0.1475,0.1475
453,Raw,0.1,400,400,70,0.0958904109589041,0.175,0.175,0.175
453,MLP,0.1,400,400,40,0.05263157894736842,0.1,0.1,0.10000000000000002
453,GIN,0.1,400,400,28,0.03626943005181347,0.07,0.07,0.07
453,GAT,0.1,400,400,53,0.07095046854082998,0.1325,0.1325,0.1325
454,Raw,0.1,400,400,59,0.0796221322537112,0.1475,0.1475,0.1475
454,MLP,0.1,400,400,38,0.049868766404199474,0.095,0.095,0.095
454,GIN,0.1,400,400,46,0.0610079575596817,0.115,0.115,0.115
454,GAT,0.1,400,400,53,0.07095046854082998,0.1325,0.1325,0.1325
455,Raw,0.1,400,400,72,0.0989010989010989,0.18,0.18,0.18
455,MLP,0.1,400,400,41,0.05401844532279315,0.1025,0.1025,0.1025
455,GIN,0.1,400,400,68,0.09289617486338798,0.17,0.17,0.17
455,GAT,0.1,400,400,57,0.07671601615074024,0.1425,0.1425,0.1425
456,Raw,0.1,400,400,61,0.08254397834912043,0.1525,0.1525,0.1525
456,MLP,0.1,400,400,45,0.059602649006622516,0.1125,0.1125,0.1125
456,GIN,0.1,400,400,24,0.030927835051546393,0.06,0.06,0.06
456,GAT,0.1,400,400,69,0.09439124487004104,0.1725,0.1725,0.1725
457,Raw,0.1,400,400,66,0.08991825613079019,0.165,0.165,0.165
457,MLP,0.1,400,400,41,0.05401844532279315,0.1025,0.1025,0.1025
457,GIN,0.1,400,400,75,0.10344827586206896,0.1875,0.1875,0.1875
457,GAT,0.1,400,400,54,0.07238605898123325,0.135,0.135,0.135
458,Raw,0.1,400,400,75,0.10344827586206896,0.1875,0.1875,0.1875
458,MLP,0.1,400,400,45,0.059602649006622516,0.1125,0.1125,0.1125
458,GIN,0.1,400,400,70,0.0958904109589041,0.175,0.175,0.175
458,GAT,0.1,400,400,73,0.10041265474552957,0.1825,0.1825,0.18249999999999997
459,Raw,0.1,400,400,63,0.08548168249660787,0.1575,0.1575,0.1575
459,MLP,0.1,400,400,45,0.059602649006622516,0.1125,0.1125,0.1125
459,GIN,0.1,400,400,40,0.05263157894736842,0.1,0.1,0.10000000000000002
459,GAT,0.1,400,400,58,0.07816711590296496,0.145,0.145,0.145
460,Raw,0.1,400,400,68,0.09289617486338798,0.17,0.17,0.17
460,MLP,0.1,400,400,46,0.0610079575596817,0.115,0.115,0.115
460,GIN,0.1,400,400,61,0.08254397834912043,0.1525,0.1525,0.1525
460,GAT,0.1,400,400,61,0.08254397834912043,0.1525,0.1525,0.1525
461,Raw,0.1,400,400,63,0.08548168249660787,0.1575,0.1575,0.1575
461,MLP,0.1,400,400,41,0.05401844532279315,0.1025,0.1025,0.1025
461,GIN,0.1,400,400,20,0.02564102564102564,0.05,0.05,0.05000000000000001
461,GAT,0.1,400,400,66,0.08991825613079019,0.165,0.165,0.165
462,Raw,0.1,400,400,70,0.0958904109589041,0.175,0.175,0.175
462,MLP,0.1,400,400,48,0.06382978723404255,0.12,0.12,0.12
462,GIN,0.1,400,400,44,0.0582010582010582,0.11,0.11,0.11
462,GAT,0.1,400,400,64,0.08695652173913043,0.16,0.16,0.16
463,Raw,0.1,400,400,59,0.0796221322537112,0.1475,0.1475,0.1475
463,MLP,0.1,400,400,40,0.05263157894736842,0.1,0.1,0.10000000000000002
463,GIN,0.1,400,400,72,0.0989010989010989,0.18,0.18,0.18
463,GAT,0.1,400,400,56,0.07526881720430108,0.14,0.14,0.14
464,Raw,0.1,400,400,57,0.07671601615074024,0.1425,0.1425,0.1425
464,MLP,0.1,400,400,51,0.06809078771695594,0.1275,0.1275,0.1275
464,GIN,0.1,400,400,83,0.11576011157601115,0.2075,0.2075,0.2075
464,GAT,0.1,400,400,54,0.07238605898123325,0.135,0.135,0.135
465,Raw,0.1,400,400,67,0.09140518417462483,0.1675,0.1675,0.1675
465,MLP,0.1,400,400,49,0.06524633821571238,0.1225,0.1225,0.1225
465,GIN,0.1,400,400,62,0.08401084010840108,0.155,0.155,0.155
465,GAT,0.1,400,400,48,0.06382978723404255,0.12,0.12,0.12
466,Raw,0.1,400,400,62,0.08401084010840108,0.155,0.155,0.155
466,MLP,0.1,400,400,34,0.044386422976501305,0.085,0.085,0.085
466,GIN,0.1,400,400,27,0.03492884864165589,0.0675,0.0675,0.0675
466,GAT,0.1,400,400,63,0.08548168249660787,0.1575,0.1575,0.1575
467,Raw,0.1,400,400,59,0.0796221322537112,0.1475,0.1475,0.1475
467,MLP,0.1,400,400,43,0.05680317040951123,0.1075,0.1075,0.10749999999999998
467,GIN,0.1,400,400,68,0.09289617486338798,0.17,0.17,0.17
467,GAT,0.1,400,400,62,0.08401084010840108,0.155,0.155,0.155
468,Raw,0.1,400,400,64,0.08695652173913043,0.16,0.16,0.16
468,MLP,0.1,400,400,38,0.049868766404199474,0.095,0.095,0.095
468,GIN,0.1,400,400,81,0.11265646731571627,0.2025,0.2025,0.2025
468,GAT,0.1,400,400,61,0.08254397834912043,0.1525,0.1525,0.1525
469,Raw,0.1,400,400,66,0.08991825613079019,0.165,0.165,0.165
469,MLP,0.1,400,400,43,0.05680317040951123,0.1075,0.1075,0.10749999999999998
469,GIN,0.1,400,400,35,0.0457516339869281,0.0875,0.0875,0.0875
469,GAT,0.1,400,400,57,0.07671601615074024,0.1425,0.1425,0.1425
470,Raw,0.1,400,400,53,0.07095046854082998,0.1325,0.1325,0.1325
470,MLP,0.1,400,400,39,0.051248357424441525,0.0975,0.0975,0.0975
470,GIN,0.1,400,400,22,0.028277634961439587,0.055,0.055,0.055
470,GAT,0.1,400,400,67,0.09140518417462483,0.1675,0.1675,0.1675
471,Raw,0.1,400,400,70,0.0958904109589041,0.175,0.175,0.175
471,MLP,0.1,400,400,52,0.06951871657754011,0.13,0.13,0.13
471,GIN,0.1,400,400,72,0.0989010989010989,0.18,0.18,0.18
471,GAT,0.1,400,400,57,0.07671601615074024,0.1425,0.1425,0.1425
472,Raw,0.1,400,400,59,0.0796221322537112,0.1475,0.1475,0.1475
472,MLP,0.1,400,400,44,0.0582010582010582,0.11,0.11,0.11
472,GIN,0.1,400,400,12,0.015228426395939087,0.03,0.03,0.03
472,GAT,0.1,400,400,67,0.09140518417462483,0.1675,0.1675,0.1675
473,Raw,0.1,400,400,66,0.08991825613079019,0.165,0.165,0.165
473,MLP,0.1,400,400,49,0.06524633821571238,0.1225,0.1225,0.1225
473,GIN,0.1,400,400,28,0.03626943005181347,0.07,0.07,0.07
473,GAT,0.1,400,400,72,0.0989010989010989,0.18,0.18,0.18
474,Raw,0.1,400,400,73,0.10041265474552957,0.1825,0.1825,0.18249999999999997
474,MLP,0.1,400,400,43,0.05680317040951123,0.1075,0.1075,0.10749999999999998
474,GIN,0.1,400,400,34,0.044386422976501305,0.085,0.085,0.085
474,GAT,0.1,400,400,55,0.0738255033557047,0.1375,0.1375,0.1375
475,Raw,0.1,400,400,62,0.08401084010840108,0.155,0.155,0.155
475,MLP,0.1,400,400,36,0.04712041884816754,0.09,0.09,0.09
475,GIN,0.1,400,400,24,0.030927835051546393,0.06,0.06,0.06
475,GAT,0.1,400,400,54,0.07238605898123325,0.135,0.135,0.135
476,Raw,0.1,400,400,61,0.08254397834912043,0.1525,0.1525,0.1525
476,MLP,0.1,400,400,48,0.06382978723404255,0.12,0.12,0.12
476,GIN,0.1,400,400,28,0.03626943005181347,0.07,0.07,0.07
476,GAT,0.1,400,400,61,0.08254397834912043,0.1525,0.1525,0.1525
477,Raw,0.1,400,400,68,0.09289617486338798,0.17,0.17,0.17
477,MLP,0.1,400,400,48,0.06382978723404255,0.12,0.12,0.12
477,GIN,0.1,400,400,20,0.02564102564102564,0.05,0.05,0.05000000000000001
477,GAT,0.1,400,400,56,0.07526881720430108,0.14,0.14,0.14
478,Raw,0.1,400,400,67,0.09140518417462483,0.1675,0.1675,0.1675
478,MLP,0.1,400,400,46,0.0610079575596817,0.115,0.115,0.115
478,GIN,0.1,400,400,28,0.03626943005181347,0.07,0.07,0.07
478,GAT,0.1,400,400,61,0.08254397834912043,0.1525,0.1525,0.1525
479,Raw,0.1,400,400,65,0.08843537414965986,0.1625,0.1625,0.1625
479,MLP,0.1,400,400,45,0.059602649006622516,0.1125,0.1125,0.1125
479,GIN,0.1,400,400,25,0.03225806451612903,0.0625,0.0625,0.0625
479,GAT,0.1,400,400,66,0.08991825613079019,0.165,0.165,0.165
480,Raw,0.1,400,400,59,0.0796221322537112,0.1475,0.1475,0.1475
480,MLP,0.1,400,400,40,0.05263157894736842,0.1,0.1,0.10000000000000002
480,GIN,0.1,400,400,26,0.03359173126614987,0.065,0.065,0.065
480,GAT,0.1,400,400,59,0.0796221322537112,0.1475,0.1475,0.1475
481,Raw,0.1,400,400,63,0.08548168249660787,0.1575,0.1575,0.1575
481,MLP,0.1,400,400,42,0.055408970976253295,0.105,0.105,0.10499999999999998
481,GIN,0.1,400,400,60,0.08108108108108109,0.15,0.15,0.15
481,GAT,0.1,400,400,61,0.08254397834912043,0.1525,0.1525,0.1525
482,Raw,0.1,400,400,76,0.10497237569060773,0.19,0.19,0.19
482,MLP,0.1,400,400,39,0.051248357424441525,0.0975,0.0975,0.0975
482,GIN,0.1,400,400,32,0.041666666666666664,0.08,0.08,0.08
482,GAT,0.1,400,400,62,0.08401084010840108,0.155,0.155,0.155
483,Raw,0.1,400,400,79,0.10957004160887657,0.1975,0.1975,0.1975
483,MLP,0.1,400,400,40,0.05263157894736842,0.1,0.1,0.10000000000000002
483,GIN,0.1,400,400,59,0.0796221322537112,0.1475,0.1475,0.1475
483,GAT,0.1,400,400,50,0.06666666666666667,0.125,0.125,0.125
484,Raw,0.1,400,400,67,0.09140518417462483,0.1675,0.1675,0.1675
484,MLP,0.1,400,400,36,0.04712041884816754,0.09,0.09,0.09
484,GIN,0.1,400,400,22,0.028277634961439587,0.055,0.055,0.055
484,GAT,0.1,400,400,58,0.07816711590296496,0.145,0.145,0.145
485,Raw,0.1,400,400,65,0.08843537414965986,0.1625,0.1625,0.1625
485,MLP,0.1,400,400,38,0.049868766404199474,0.095,0.095,0.095
485,GIN,0.1,400,400,24,0.030927835051546393,0.06,0.06,0.06
485,GAT,0.1,400,400,75,0.10344827586206896,0.1875,0.1875,0.1875
486,Raw,0.1,400,400,66,0.08991825613079019,0.165,0.165,0.165
486,MLP,0.1,400,400,40,0.05263157894736842,0.1,0.1,0.10000000000000002
486,GIN,0.1,400,400,25,0.03225806451612903,0.0625,0.0625,0.0625
486,GAT,0.1,400,400,63,0.08548168249660787,0.1575,0.1575,0.1575
487,Raw,0.1,400,400,75,0.10344827586206896,0.1875,0.1875,0.1875
487,MLP,0.1,400,400,44,0.0582010582010582,0.11,0.11,0.11
487,GIN,0.1,400,400,88,0.12359550561797752,0.22,0.22,0.22
487,GAT,0.1,400,400,60,0.08108108108108109,0.15,0.15,0.15
488,Raw,0.1,400,400,60,0.08108108108108109,0.15,0.15,0.15
488,MLP,0.1,400,400,41,0.05401844532279315,0.1025,0.1025,0.1025
488,GIN,0.1,400,400,19,0.024327784891165175,0.0475,0.0475,0.0475
488,GAT,0.1,400,400,58,0.07816711590296496,0.145,0.145,0.145
489,Raw,0.1,400,400,67,0.09140518417462483,0.1675,0.1675,0.1675
489,MLP,0.1,400,400,45,0.059602649006622516,0.1125,0.1125,0.1125
489,GIN,0.1,400,400,70,0.0958904109589041,0.175,0.175,0.175
489,GAT,0.1,400,400,66,0.08991825613079019,0.165,0.165,0.165
490,Raw,0.1,400,400,72,0.0989010989010989,0.18,0.18,0.18
490,MLP,0.1,400,400,42,0.055408970976253295,0.105,0.105,0.10499999999999998
490,GIN,0.1,400,400,71,0.09739368998628258,0.1775,0.1775,0.17750000000000002
490,GAT,0.1,400,400,53,0.07095046854082998,0.1325,0.1325,0.1325
491,Raw,0.1,400,400,61,0.08254397834912043,0.1525,0.1525,0.1525
491,MLP,0.1,400,400,42,0.055408970976253295,0.105,0.105,0.10499999999999998
491,GIN,0.1,400,400,23,0.029601029601029602,0.0575,0.0575,0.0575
491,GAT,0.1,400,400,67,0.09140518417462483,0.1675,0.1675,0.1675
492,Raw,0.1,400,400,75,0.10344827586206896,0.1875,0.1875,0.1875
492,MLP,0.1,400,400,45,0.059602649006622516,0.1125,0.1125,0.1125
492,GIN,0.1,400,400,25,0.03225806451612903,0.0625,0.0625,0.0625
492,GAT,0.1,400,400,59,0.0796221322537112,0.1475,0.1475,0.1475
493,Raw,0.1,400,400,71,0.09739368998628258,0.1775,0.1775,0.17750000000000002
493,MLP,0.1,400,400,43,0.05680317040951123,0.1075,0.1075,0.10749999999999998
493,GIN,0.1,400,400,31,0.04031209362808843,0.0775,0.0775,0.0775
493,GAT,0.1,400,400,41,0.05401844532279315,0.1025,0.1025,0.1025
494,Raw,0.1,400,400,58,0.07816711590296496,0.145,0.145,0.145
494,MLP,0.1,400,400,49,0.06524633821571238,0.1225,0.1225,0.1225
494,GIN,0.1,400,400,25,0.03225806451612903,0.0625,0.0625,0.0625
494,GAT,0.1,400,400,57,0.07671601615074024,0.1425,0.1425,0.1425
495,Raw,0.1,400,400,61,0.08254397834912043,0.1525,0.1525,0.1525
495,MLP,0.1,400,400,43,0.05680317040951123,0.1075,0.1075,0.10749999999999998
495,GIN,0.1,400,400,24,0.030927835051546393,0.06,0.06,0.06
495,GAT,0.1,400,400,64,0.08695652173913043,0.16,0.16,0.16
496,Raw,0.1,400,400,61,0.08254397834912043,0.1525,0.1525,0.1525
496,MLP,0.1,400,400,54,0.07238605898123325,0.135,0.135,0.135
496,GIN,0.1,400,400,55,0.0738255033557047,0.1375,0.1375,0.1375
496,GAT,0.1,400,400,74,0.10192837465564739,0.185,0.185,0.185
497,Raw,0.1,400,400,62,0.08401084010840108,0.155,0.155,0.155
497,MLP,0.1,400,400,39,0.051248357424441525,0.0975,0.0975,0.0975
497,GIN,0.1,400,400,20,0.02564102564102564,0.05,0.05,0.05000000000000001
497,GAT,0.1,400,400,65,0.08843537414965986,0.1625,0.1625,0.1625
498,Raw,0.1,400,400,63,0.08548168249660787,0.1575,0.1575,0.1575
498,MLP,0.1,400,400,46,0.0610079575596817,0.115,0.115,0.115
498,GIN,0.1,400,400,53,0.07095046854082998,0.1325,0.1325,0.1325
498,GAT,0.1,400,400,58,0.07816711590296496,0.145,0.145,0.145
499,Raw,0.1,400,400,76,0.10497237569060773,0.19,0.19,0.19
499,MLP,0.1,400,400,38,0.049868766404199474,0.095,0.095,0.095
499,GIN,0.1,400,400,33,0.04302477183833116,0.0825,0.0825,0.0825
499,GAT,0.1,400,400,57,0.07671601615074024,0.1425,0.1425,0.1425
500,Raw,0.1,400,400,68,0.09289617486338798,0.17,0.17,0.17
500,MLP,0.1,400,400,40,0.05263157894736842,0.1,0.1,0.10000000000000002
500,GIN,0.1,400,400,85,0.11888111888111888,0.2125,0.2125,0.2125
500,GAT,0.1,400,400,64,0.08695652173913043,0.16,0.16,0.16
501,Raw,0.1,400,400,65,0.08843537414965986,0.1625,0.1625,0.1625
501,MLP,0.1,400,400,47,0.06241699867197875,0.1175,0.1175,0.1175
501,GIN,0.1,400,400,40,0.05263157894736842,0.1,0.1,0.10000000000000002
501,GAT,0.1,400,400,58,0.07816711590296496,0.145,0.145,0.145
502,Raw,0.1,400,400,61,0.08254397834912043,0.1525,0.1525,0.1525
502,MLP,0.1,400,400,35,0.0457516339869281,0.0875,0.0875,0.0875
502,GIN,0.1,400,400,70,0.0958904109589041,0.175,0.175,0.175
502,GAT,0.1,400,400,52,0.06951871657754011,0.13,0.13,0.13
503,Raw,0.1,400,400,61,0.08254397834912043,0.1525,0.1525,0.1525
503,MLP,0.1,400,400,42,0.055408970976253295,0.105,0.105,0.10499999999999998
503,GIN,0.1,400,400,63,0.08548168249660787,0.1575,0.1575,0.1575
503,GAT,0.1,400,400,63,0.08548168249660787,0.1575,0.1575,0.1575
504,Raw,0.1,400,400,65,0.08843537414965986,0.1625,0.1625,0.1625
504,MLP,0.1,400,400,46,0.0610079575596817,0.115,0.115,0.115
504,GIN,0.1,400,400,34,0.044386422976501305,0.085,0.085,0.085
504,GAT,0.1,400,400,56,0.07526881720430108,0.14,0.14,0.14
505,Raw,0.1,400,400,75,0.10344827586206896,0.1875,0.1875,0.1875
505,MLP,0.1,400,400,39,0.051248357424441525,0.0975,0.0975,0.0975
505,GIN,0.1,400,400,25,0.03225806451612903,0.0625,0.0625,0.0625
505,GAT,0.1,400,400,69,0.09439124487004104,0.1725,0.1725,0.1725
506,Raw,0.1,400,400,69,0.09439124487004104,0.1725,0.1725,0.1725
506,MLP,0.1,400,400,50,0.06666666666666667,0.125,0.125,0.125
506,GIN,0.1,400,400,19,0.024327784891165175,0.0475,0.0475,0.0475
506,GAT,0.1,400,400,57,0.07671601615074024,0.1425,0.1425,0.1425
507,Raw,0.1,400,400,65,0.08843537414965986,0.1625,0.1625,0.1625
507,MLP,0.1,400,400,47,0.06241699867197875,0.1175,0.1175,0.1175
507,GIN,0.1,400,400,42,0.055408970976253295,0.105,0.105,0.10499999999999998
507,GAT,0.1,400,400,54,0.07238605898123325,0.135,0.135,0.135
508,Raw,0.1,400,400,68,0.09289617486338798,0.17,0.17,0.17
508,MLP,0.1,400,400,48,0.06382978723404255,0.12,0.12,0.12
508,GIN,0.1,400,400,72,0.0989010989010989,0.18,0.18,0.18
508,GAT,0.1,400,400,55,0.0738255033557047,0.1375,0.1375,0.1375
509,Raw,0.1,400,400,61,0.08254397834912043,0.1525,0.1525,0.1525
509,MLP,0.1,400,400,46,0.0610079575596817,0.115,0.115,0.115
509,GIN,0.1,400,400,12,0.015228426395939087,0.03,0.03,0.03
509,GAT,0.1,400,400,72,0.0989010989010989,0.18,0.18,0.18
510,Raw,0.1,400,400,61,0.08254397834912043,0.1525,0.1525,0.1525
510,MLP,0.1,400,400,49,0.06524633821571238,0.1225,0.1225,0.1225
510,GIN,0.1,400,400,46,0.0610079575596817,0.115,0.115,0.115
510,GAT,0.1,400,400,54,0.07238605898123325,0.135,0.135,0.135
511,Raw,0.1,400,400,61,0.08254397834912043,0.1525,0.1525,0.1525
511,MLP,0.1,400,400,49,0.06524633821571238,0.1225,0.1225,0.1225
511,GIN,0.1,400,400,18,0.023017902813299233,0.045,0.045,0.045
511,GAT,0.1,400,400,72,0.0989010989010989,0.18,0.18,0.18
512,Raw,0.1,400,400,65,0.08843537414965986,0.1625,0.1625,0.1625
512,MLP,0.1,400,400,42,0.055408970976253295,0.105,0.105,0.10499999999999998
512,GIN,0.1,400,400,38,0.049868766404199474,0.095,0.095,0.095
512,GAT,0.1,400,400,59,0.0796221322537112,0.1475,0.1475,0.1475
513,Raw,0.1,400,400,71,0.09739368998628258,0.1775,0.1775,0.17750000000000002
513,MLP,0.1,400,400,39,0.051248357424441525,0.0975,0.0975,0.0975
513,GIN,0.1,400,400,18,0.023017902813299233,0.045,0.045,0.045
513,GAT,0.1,400,400,69,0.09439124487004104,0.1725,0.1725,0.1725
514,Raw,0.1,400,400,64,0.08695652173913043,0.16,0.16,0.16
514,MLP,0.1,400,400,33,0.04302477183833116,0.0825,0.0825,0.0825
514,GIN,0.1,400,400,36,0.04712041884816754,0.09,0.09,0.09
514,GAT,0.1,400,400,63,0.08548168249660787,0.1575,0.1575,0.1575
515,Raw,0.1,400,400,58,0.07816711590296496,0.145,0.145,0.145
515,MLP,0.1,400,400,47,0.06241699867197875,0.1175,0.1175,0.1175
515,GIN,0.1,400,400,30,0.03896103896103896,0.075,0.075,0.075
515,GAT,0.1,400,400,59,0.0796221322537112,0.1475,0.1475,0.1475
516,Raw,0.1,400,400,72,0.0989010989010989,0.18,0.18,0.18
516,MLP,0.1,400,400,38,0.049868766404199474,0.095,0.095,0.095
516,GIN,0.1,400,400,38,0.049868766404199474,0.095,0.095,0.095
516,GAT,0.1,400,400,60,0.08108108108108109,0.15,0.15,0.15
517,Raw,0.1,400,400,66,0.08991825613079019,0.165,0.165,0.165
517,MLP,0.1,400,400,49,0.06524633821571238,0.1225,0.1225,0.1225
517,GIN,0.1,400,400,16,0.02040816326530612,0.04,0.04,0.04
517,GAT,0.1,400,400,58,0.07816711590296496,0.145,0.145,0.145
518,Raw,0.1,400,400,70,0.0958904109589041,0.175,0.175,0.175
518,MLP,0.1,400,400,40,0.05263157894736842,0.1,0.1,0.10000000000000002
518,GIN,0.1,400,400,31,0.04031209362808843,0.0775,0.0775,0.0775
518,GAT,0.1,400,400,55,0.0738255033557047,0.1375,0.1375,0.1375
519,Raw,0.1,400,400,63,0.08548168249660787,0.1575,0.1575,0.1575
519,MLP,0.1,400,400,45,0.059602649006622516,0.1125,0.1125,0.1125
519,GIN,0.1,400,400,25,0.03225806451612903,0.0625,0.0625,0.0625
519,GAT,0.1,400,400,55,0.0738255033557047,0.1375,0.1375,0.1375
